REPLACE INTO `creature_template` (`entry`, `difficulty_entry_1`, `difficulty_entry_2`, `difficulty_entry_3`, `KillCredit1`, `KillCredit2`, `modelid1`, `modelid2`, `modelid3`, `modelid4`, `name`, `subname`, `IconName`, `gossip_menu_id`, `minlevel`, `maxlevel`, `exp`, `faction`, `npcflag`, `speed_walk`, `speed_run`, `speed_swim`, `speed_flight`, `detection_range`, `scale`, `rank`, `dmgschool`, `DamageModifier`, `BaseAttackTime`, `RangeAttackTime`, `BaseVariance`, `RangeVariance`, `unit_class`, `unit_flags`, `unit_flags2`, `dynamicflags`, `family`, `trainer_type`, `trainer_spell`, `trainer_class`, `trainer_race`, `type`, `type_flags`, `lootid`, `pickpocketloot`, `skinloot`, `PetSpellDataId`, `VehicleId`, `mingold`, `maxgold`, `AIName`, `MovementType`, `HoverHeight`, `HealthModifier`, `ManaModifier`, `ArmorModifier`, `ExperienceModifier`, `RacialLeader`, `movementId`, `RegenHealth`, `mechanic_immune_mask`, `spell_school_immune_mask`, `flags_extra`, `ScriptName`, `VerifiedBuild`) VALUES('4001007', '0', '0', '0', '0', '0', '18541', '0', '0', '0', '珠宝原石', '商人', NULL, '0', '75', '75', '0', '35', '4224', '1', '1.14286', '1', '1', '20', '1', '0', '0', '1', '0', '0', '1', '1', '1', '0', '0', '0', '0', '0', '0', '0', '0', '0', '0', '0', '0', '0', '0', '0', '0', '0', '', '0', '1', '1', '1', '1', '1', '0', '0', '1', '0', '0', '0', '', NULL);
REPLACE INTO `creature_template` (`entry`, `difficulty_entry_1`, `difficulty_entry_2`, `difficulty_entry_3`, `KillCredit1`, `KillCredit2`, `modelid1`, `modelid2`, `modelid3`, `modelid4`, `name`, `subname`, `IconName`, `gossip_menu_id`, `minlevel`, `maxlevel`, `exp`, `faction`, `npcflag`, `speed_walk`, `speed_run`, `speed_swim`, `speed_flight`, `detection_range`, `scale`, `rank`, `dmgschool`, `DamageModifier`, `BaseAttackTime`, `RangeAttackTime`, `BaseVariance`, `RangeVariance`, `unit_class`, `unit_flags`, `unit_flags2`, `dynamicflags`, `family`, `trainer_type`, `trainer_spell`, `trainer_class`, `trainer_race`, `type`, `type_flags`, `lootid`, `pickpocketloot`, `skinloot`, `PetSpellDataId`, `VehicleId`, `mingold`, `maxgold`, `AIName`, `MovementType`, `HoverHeight`, `HealthModifier`, `ManaModifier`, `ArmorModifier`, `ExperienceModifier`, `RacialLeader`, `movementId`, `RegenHealth`, `mechanic_immune_mask`, `spell_school_immune_mask`, `flags_extra`, `ScriptName`, `VerifiedBuild`) VALUES('4001006', '0', '0', '0', '0', '0', '18541', '0', '0', '0', '附魔', '商人', NULL, '0', '75', '75', '0', '35', '4224', '1', '1.14286', '1', '1', '20', '1', '0', '0', '1', '0', '0', '1', '1', '1', '0', '0', '0', '0', '0', '0', '0', '0', '0', '0', '0', '0', '0', '0', '0', '0', '0', '', '0', '1', '1', '1', '1', '1', '0', '0', '1', '0', '0', '0', '', NULL);
REPLACE INTO `creature_template` (`entry`, `difficulty_entry_1`, `difficulty_entry_2`, `difficulty_entry_3`, `KillCredit1`, `KillCredit2`, `modelid1`, `modelid2`, `modelid3`, `modelid4`, `name`, `subname`, `IconName`, `gossip_menu_id`, `minlevel`, `maxlevel`, `exp`, `faction`, `npcflag`, `speed_walk`, `speed_run`, `speed_swim`, `speed_flight`, `detection_range`, `scale`, `rank`, `dmgschool`, `DamageModifier`, `BaseAttackTime`, `RangeAttackTime`, `BaseVariance`, `RangeVariance`, `unit_class`, `unit_flags`, `unit_flags2`, `dynamicflags`, `family`, `trainer_type`, `trainer_spell`, `trainer_class`, `trainer_race`, `type`, `type_flags`, `lootid`, `pickpocketloot`, `skinloot`, `PetSpellDataId`, `VehicleId`, `mingold`, `maxgold`, `AIName`, `MovementType`, `HoverHeight`, `HealthModifier`, `ManaModifier`, `ArmorModifier`, `ExperienceModifier`, `RacialLeader`, `movementId`, `RegenHealth`, `mechanic_immune_mask`, `spell_school_immune_mask`, `flags_extra`, `ScriptName`, `VerifiedBuild`) VALUES('4002001', '0', '0', '0', '0', '0', '18541', '0', '0', '0', '雕文-潜行者', '商人', NULL, '0', '75', '75', '0', '35', '4224', '1', '1.14286', '1', '1', '20', '1', '0', '0', '1', '0', '0', '1', '1', '1', '0', '0', '0', '0', '0', '0', '0', '0', '0', '0', '0', '0', '0', '0', '0', '0', '0', '', '0', '1', '1', '1', '1', '1', '0', '0', '1', '0', '0', '0', '', NULL);
REPLACE INTO `creature_template` (`entry`, `difficulty_entry_1`, `difficulty_entry_2`, `difficulty_entry_3`, `KillCredit1`, `KillCredit2`, `modelid1`, `modelid2`, `modelid3`, `modelid4`, `name`, `subname`, `IconName`, `gossip_menu_id`, `minlevel`, `maxlevel`, `exp`, `faction`, `npcflag`, `speed_walk`, `speed_run`, `speed_swim`, `speed_flight`, `detection_range`, `scale`, `rank`, `dmgschool`, `DamageModifier`, `BaseAttackTime`, `RangeAttackTime`, `BaseVariance`, `RangeVariance`, `unit_class`, `unit_flags`, `unit_flags2`, `dynamicflags`, `family`, `trainer_type`, `trainer_spell`, `trainer_class`, `trainer_race`, `type`, `type_flags`, `lootid`, `pickpocketloot`, `skinloot`, `PetSpellDataId`, `VehicleId`, `mingold`, `maxgold`, `AIName`, `MovementType`, `HoverHeight`, `HealthModifier`, `ManaModifier`, `ArmorModifier`, `ExperienceModifier`, `RacialLeader`, `movementId`, `RegenHealth`, `mechanic_immune_mask`, `spell_school_immune_mask`, `flags_extra`, `ScriptName`, `VerifiedBuild`) VALUES('4001010', '0', '0', '0', '0', '0', '18541', '0', '0', '0', '节日玩具2', '商人', NULL, '0', '75', '75', '0', '35', '4224', '1', '1.14286', '1', '1', '20', '1', '0', '0', '1', '0', '0', '1', '1', '1', '0', '0', '0', '0', '0', '0', '0', '0', '0', '0', '0', '0', '0', '0', '0', '0', '0', '', '0', '1', '1', '1', '1', '1', '0', '0', '1', '0', '0', '0', '', NULL);
REPLACE INTO `creature_template` (`entry`, `difficulty_entry_1`, `difficulty_entry_2`, `difficulty_entry_3`, `KillCredit1`, `KillCredit2`, `modelid1`, `modelid2`, `modelid3`, `modelid4`, `name`, `subname`, `IconName`, `gossip_menu_id`, `minlevel`, `maxlevel`, `exp`, `faction`, `npcflag`, `speed_walk`, `speed_run`, `speed_swim`, `speed_flight`, `detection_range`, `scale`, `rank`, `dmgschool`, `DamageModifier`, `BaseAttackTime`, `RangeAttackTime`, `BaseVariance`, `RangeVariance`, `unit_class`, `unit_flags`, `unit_flags2`, `dynamicflags`, `family`, `trainer_type`, `trainer_spell`, `trainer_class`, `trainer_race`, `type`, `type_flags`, `lootid`, `pickpocketloot`, `skinloot`, `PetSpellDataId`, `VehicleId`, `mingold`, `maxgold`, `AIName`, `MovementType`, `HoverHeight`, `HealthModifier`, `ManaModifier`, `ArmorModifier`, `ExperienceModifier`, `RacialLeader`, `movementId`, `RegenHealth`, `mechanic_immune_mask`, `spell_school_immune_mask`, `flags_extra`, `ScriptName`, `VerifiedBuild`) VALUES('4002004', '0', '0', '0', '0', '0', '18541', '0', '0', '0', '雕文-猎人', '商人', NULL, '0', '75', '75', '0', '35', '4224', '1', '1.14286', '1', '1', '20', '1', '0', '0', '1', '0', '0', '1', '1', '1', '0', '0', '0', '0', '0', '0', '0', '0', '0', '0', '0', '0', '0', '0', '0', '0', '0', '', '0', '1', '1', '1', '1', '1', '0', '0', '1', '0', '0', '0', '', NULL);
REPLACE INTO `creature_template` (`entry`, `difficulty_entry_1`, `difficulty_entry_2`, `difficulty_entry_3`, `KillCredit1`, `KillCredit2`, `modelid1`, `modelid2`, `modelid3`, `modelid4`, `name`, `subname`, `IconName`, `gossip_menu_id`, `minlevel`, `maxlevel`, `exp`, `faction`, `npcflag`, `speed_walk`, `speed_run`, `speed_swim`, `speed_flight`, `detection_range`, `scale`, `rank`, `dmgschool`, `DamageModifier`, `BaseAttackTime`, `RangeAttackTime`, `BaseVariance`, `RangeVariance`, `unit_class`, `unit_flags`, `unit_flags2`, `dynamicflags`, `family`, `trainer_type`, `trainer_spell`, `trainer_class`, `trainer_race`, `type`, `type_flags`, `lootid`, `pickpocketloot`, `skinloot`, `PetSpellDataId`, `VehicleId`, `mingold`, `maxgold`, `AIName`, `MovementType`, `HoverHeight`, `HealthModifier`, `ManaModifier`, `ArmorModifier`, `ExperienceModifier`, `RacialLeader`, `movementId`, `RegenHealth`, `mechanic_immune_mask`, `spell_school_immune_mask`, `flags_extra`, `ScriptName`, `VerifiedBuild`) VALUES('4001004', '0', '0', '0', '0', '0', '18541', '0', '0', '0', '金属矿石', '商人', NULL, '0', '75', '75', '0', '35', '4224', '1', '1.14286', '1', '1', '20', '1', '0', '0', '1', '0', '0', '1', '1', '1', '0', '0', '0', '0', '0', '0', '0', '0', '0', '0', '0', '0', '0', '0', '0', '0', '0', '', '0', '1', '1', '1', '1', '1', '0', '0', '1', '0', '0', '0', '', NULL);
REPLACE INTO `creature_template` (`entry`, `difficulty_entry_1`, `difficulty_entry_2`, `difficulty_entry_3`, `KillCredit1`, `KillCredit2`, `modelid1`, `modelid2`, `modelid3`, `modelid4`, `name`, `subname`, `IconName`, `gossip_menu_id`, `minlevel`, `maxlevel`, `exp`, `faction`, `npcflag`, `speed_walk`, `speed_run`, `speed_swim`, `speed_flight`, `detection_range`, `scale`, `rank`, `dmgschool`, `DamageModifier`, `BaseAttackTime`, `RangeAttackTime`, `BaseVariance`, `RangeVariance`, `unit_class`, `unit_flags`, `unit_flags2`, `dynamicflags`, `family`, `trainer_type`, `trainer_spell`, `trainer_class`, `trainer_race`, `type`, `type_flags`, `lootid`, `pickpocketloot`, `skinloot`, `PetSpellDataId`, `VehicleId`, `mingold`, `maxgold`, `AIName`, `MovementType`, `HoverHeight`, `HealthModifier`, `ManaModifier`, `ArmorModifier`, `ExperienceModifier`, `RacialLeader`, `movementId`, `RegenHealth`, `mechanic_immune_mask`, `spell_school_immune_mask`, `flags_extra`, `ScriptName`, `VerifiedBuild`) VALUES('4002003', '0', '0', '0', '0', '0', '18541', '0', '0', '0', '雕文-法师', '商人', NULL, '0', '75', '75', '0', '35', '4224', '1', '1.14286', '1', '1', '20', '1', '0', '0', '1', '0', '0', '1', '1', '1', '0', '0', '0', '0', '0', '0', '0', '0', '0', '0', '0', '0', '0', '0', '0', '0', '0', '', '0', '1', '1', '1', '1', '1', '0', '0', '1', '0', '0', '0', '', NULL);
REPLACE INTO `creature_template` (`entry`, `difficulty_entry_1`, `difficulty_entry_2`, `difficulty_entry_3`, `KillCredit1`, `KillCredit2`, `modelid1`, `modelid2`, `modelid3`, `modelid4`, `name`, `subname`, `IconName`, `gossip_menu_id`, `minlevel`, `maxlevel`, `exp`, `faction`, `npcflag`, `speed_walk`, `speed_run`, `speed_swim`, `speed_flight`, `detection_range`, `scale`, `rank`, `dmgschool`, `DamageModifier`, `BaseAttackTime`, `RangeAttackTime`, `BaseVariance`, `RangeVariance`, `unit_class`, `unit_flags`, `unit_flags2`, `dynamicflags`, `family`, `trainer_type`, `trainer_spell`, `trainer_class`, `trainer_race`, `type`, `type_flags`, `lootid`, `pickpocketloot`, `skinloot`, `PetSpellDataId`, `VehicleId`, `mingold`, `maxgold`, `AIName`, `MovementType`, `HoverHeight`, `HealthModifier`, `ManaModifier`, `ArmorModifier`, `ExperienceModifier`, `RacialLeader`, `movementId`, `RegenHealth`, `mechanic_immune_mask`, `spell_school_immune_mask`, `flags_extra`, `ScriptName`, `VerifiedBuild`) VALUES('4003001', '0', '0', '0', '0', '0', '18541', '0', '0', '0', '钥匙商1', '商人', NULL, '0', '75', '75', '0', '35', '4224', '1', '1.14286', '1', '1', '20', '1', '0', '0', '1', '0', '0', '1', '1', '1', '0', '0', '0', '0', '0', '0', '0', '0', '0', '0', '0', '0', '0', '0', '0', '0', '0', '', '0', '1', '1', '1', '1', '1', '0', '0', '1', '0', '0', '0', '', NULL);
REPLACE INTO `creature_template` (`entry`, `difficulty_entry_1`, `difficulty_entry_2`, `difficulty_entry_3`, `KillCredit1`, `KillCredit2`, `modelid1`, `modelid2`, `modelid3`, `modelid4`, `name`, `subname`, `IconName`, `gossip_menu_id`, `minlevel`, `maxlevel`, `exp`, `faction`, `npcflag`, `speed_walk`, `speed_run`, `speed_swim`, `speed_flight`, `detection_range`, `scale`, `rank`, `dmgschool`, `DamageModifier`, `BaseAttackTime`, `RangeAttackTime`, `BaseVariance`, `RangeVariance`, `unit_class`, `unit_flags`, `unit_flags2`, `dynamicflags`, `family`, `trainer_type`, `trainer_spell`, `trainer_class`, `trainer_race`, `type`, `type_flags`, `lootid`, `pickpocketloot`, `skinloot`, `PetSpellDataId`, `VehicleId`, `mingold`, `maxgold`, `AIName`, `MovementType`, `HoverHeight`, `HealthModifier`, `ManaModifier`, `ArmorModifier`, `ExperienceModifier`, `RacialLeader`, `movementId`, `RegenHealth`, `mechanic_immune_mask`, `spell_school_immune_mask`, `flags_extra`, `ScriptName`, `VerifiedBuild`) VALUES('4003002', '0', '0', '0', '0', '0', '18541', '0', '0', '0', '钥匙商2', '商人', NULL, '0', '75', '75', '0', '35', '4224', '1', '1.14286', '1', '1', '20', '1', '0', '0', '1', '0', '0', '1', '1', '1', '0', '0', '0', '0', '0', '0', '0', '0', '0', '0', '0', '0', '0', '0', '0', '0', '0', '', '0', '1', '1', '1', '1', '1', '0', '0', '1', '0', '0', '0', '', NULL);
REPLACE INTO `creature_template` (`entry`, `difficulty_entry_1`, `difficulty_entry_2`, `difficulty_entry_3`, `KillCredit1`, `KillCredit2`, `modelid1`, `modelid2`, `modelid3`, `modelid4`, `name`, `subname`, `IconName`, `gossip_menu_id`, `minlevel`, `maxlevel`, `exp`, `faction`, `npcflag`, `speed_walk`, `speed_run`, `speed_swim`, `speed_flight`, `detection_range`, `scale`, `rank`, `dmgschool`, `DamageModifier`, `BaseAttackTime`, `RangeAttackTime`, `BaseVariance`, `RangeVariance`, `unit_class`, `unit_flags`, `unit_flags2`, `dynamicflags`, `family`, `trainer_type`, `trainer_spell`, `trainer_class`, `trainer_race`, `type`, `type_flags`, `lootid`, `pickpocketloot`, `skinloot`, `PetSpellDataId`, `VehicleId`, `mingold`, `maxgold`, `AIName`, `MovementType`, `HoverHeight`, `HealthModifier`, `ManaModifier`, `ArmorModifier`, `ExperienceModifier`, `RacialLeader`, `movementId`, `RegenHealth`, `mechanic_immune_mask`, `spell_school_immune_mask`, `flags_extra`, `ScriptName`, `VerifiedBuild`) VALUES('4003004', '0', '0', '0', '0', '0', '18541', '0', '0', '0', '新手商人', '商人', NULL, '0', '75', '75', '0', '35', '4224', '1', '1.14286', '1', '1', '20', '1', '0', '0', '1', '0', '0', '1', '1', '1', '0', '0', '0', '0', '0', '0', '0', '0', '0', '0', '0', '0', '0', '0', '0', '0', '0', '', '0', '1', '1', '1', '1', '1', '0', '0', '1', '0', '0', '0', '', NULL);
REPLACE INTO `creature_template` (`entry`, `difficulty_entry_1`, `difficulty_entry_2`, `difficulty_entry_3`, `KillCredit1`, `KillCredit2`, `modelid1`, `modelid2`, `modelid3`, `modelid4`, `name`, `subname`, `IconName`, `gossip_menu_id`, `minlevel`, `maxlevel`, `exp`, `faction`, `npcflag`, `speed_walk`, `speed_run`, `speed_swim`, `speed_flight`, `detection_range`, `scale`, `rank`, `dmgschool`, `DamageModifier`, `BaseAttackTime`, `RangeAttackTime`, `BaseVariance`, `RangeVariance`, `unit_class`, `unit_flags`, `unit_flags2`, `dynamicflags`, `family`, `trainer_type`, `trainer_spell`, `trainer_class`, `trainer_race`, `type`, `type_flags`, `lootid`, `pickpocketloot`, `skinloot`, `PetSpellDataId`, `VehicleId`, `mingold`, `maxgold`, `AIName`, `MovementType`, `HoverHeight`, `HealthModifier`, `ManaModifier`, `ArmorModifier`, `ExperienceModifier`, `RacialLeader`, `movementId`, `RegenHealth`, `mechanic_immune_mask`, `spell_school_immune_mask`, `flags_extra`, `ScriptName`, `VerifiedBuild`) VALUES('4002006', '0', '0', '0', '0', '0', '18541', '0', '0', '0', '雕文-圣骑士', '商人', NULL, '0', '75', '75', '0', '35', '4224', '1', '1.14286', '1', '1', '20', '1', '0', '0', '1', '0', '0', '1', '1', '1', '0', '0', '0', '0', '0', '0', '0', '0', '0', '0', '0', '0', '0', '0', '0', '0', '0', '', '0', '1', '1', '1', '1', '1', '0', '0', '1', '0', '0', '0', '', NULL);
REPLACE INTO `creature_template` (`entry`, `difficulty_entry_1`, `difficulty_entry_2`, `difficulty_entry_3`, `KillCredit1`, `KillCredit2`, `modelid1`, `modelid2`, `modelid3`, `modelid4`, `name`, `subname`, `IconName`, `gossip_menu_id`, `minlevel`, `maxlevel`, `exp`, `faction`, `npcflag`, `speed_walk`, `speed_run`, `speed_swim`, `speed_flight`, `detection_range`, `scale`, `rank`, `dmgschool`, `DamageModifier`, `BaseAttackTime`, `RangeAttackTime`, `BaseVariance`, `RangeVariance`, `unit_class`, `unit_flags`, `unit_flags2`, `dynamicflags`, `family`, `trainer_type`, `trainer_spell`, `trainer_class`, `trainer_race`, `type`, `type_flags`, `lootid`, `pickpocketloot`, `skinloot`, `PetSpellDataId`, `VehicleId`, `mingold`, `maxgold`, `AIName`, `MovementType`, `HoverHeight`, `HealthModifier`, `ManaModifier`, `ArmorModifier`, `ExperienceModifier`, `RacialLeader`, `movementId`, `RegenHealth`, `mechanic_immune_mask`, `spell_school_immune_mask`, `flags_extra`, `ScriptName`, `VerifiedBuild`) VALUES('4001009', '0', '0', '0', '0', '0', '18541', '0', '0', '0', '节日玩具1', '商人', NULL, '0', '75', '75', '0', '35', '4224', '1', '1.14286', '1', '1', '20', '1', '0', '0', '1', '0', '0', '1', '1', '1', '0', '0', '0', '0', '0', '0', '0', '0', '0', '0', '0', '0', '0', '0', '0', '0', '0', '', '0', '1', '1', '1', '1', '1', '0', '0', '1', '0', '0', '0', '', NULL);
REPLACE INTO `creature_template` (`entry`, `difficulty_entry_1`, `difficulty_entry_2`, `difficulty_entry_3`, `KillCredit1`, `KillCredit2`, `modelid1`, `modelid2`, `modelid3`, `modelid4`, `name`, `subname`, `IconName`, `gossip_menu_id`, `minlevel`, `maxlevel`, `exp`, `faction`, `npcflag`, `speed_walk`, `speed_run`, `speed_swim`, `speed_flight`, `detection_range`, `scale`, `rank`, `dmgschool`, `DamageModifier`, `BaseAttackTime`, `RangeAttackTime`, `BaseVariance`, `RangeVariance`, `unit_class`, `unit_flags`, `unit_flags2`, `dynamicflags`, `family`, `trainer_type`, `trainer_spell`, `trainer_class`, `trainer_race`, `type`, `type_flags`, `lootid`, `pickpocketloot`, `skinloot`, `PetSpellDataId`, `VehicleId`, `mingold`, `maxgold`, `AIName`, `MovementType`, `HoverHeight`, `HealthModifier`, `ManaModifier`, `ArmorModifier`, `ExperienceModifier`, `RacialLeader`, `movementId`, `RegenHealth`, `mechanic_immune_mask`, `spell_school_immune_mask`, `flags_extra`, `ScriptName`, `VerifiedBuild`) VALUES('4001003', '0', '0', '0', '0', '0', '18541', '0', '0', '0', '皮革', '商人', NULL, '0', '75', '75', '0', '35', '4224', '1', '1.14286', '1', '1', '20', '1', '0', '0', '1', '0', '0', '1', '1', '1', '0', '0', '0', '0', '0', '0', '0', '0', '0', '0', '0', '0', '0', '0', '0', '0', '0', '', '0', '1', '1', '1', '1', '1', '0', '0', '1', '0', '0', '0', '', NULL);
REPLACE INTO `creature_template` (`entry`, `difficulty_entry_1`, `difficulty_entry_2`, `difficulty_entry_3`, `KillCredit1`, `KillCredit2`, `modelid1`, `modelid2`, `modelid3`, `modelid4`, `name`, `subname`, `IconName`, `gossip_menu_id`, `minlevel`, `maxlevel`, `exp`, `faction`, `npcflag`, `speed_walk`, `speed_run`, `speed_swim`, `speed_flight`, `detection_range`, `scale`, `rank`, `dmgschool`, `DamageModifier`, `BaseAttackTime`, `RangeAttackTime`, `BaseVariance`, `RangeVariance`, `unit_class`, `unit_flags`, `unit_flags2`, `dynamicflags`, `family`, `trainer_type`, `trainer_spell`, `trainer_class`, `trainer_race`, `type`, `type_flags`, `lootid`, `pickpocketloot`, `skinloot`, `PetSpellDataId`, `VehicleId`, `mingold`, `maxgold`, `AIName`, `MovementType`, `HoverHeight`, `HealthModifier`, `ManaModifier`, `ArmorModifier`, `ExperienceModifier`, `RacialLeader`, `movementId`, `RegenHealth`, `mechanic_immune_mask`, `spell_school_immune_mask`, `flags_extra`, `ScriptName`, `VerifiedBuild`) VALUES('4003003', '0', '0', '0', '0', '0', '18541', '0', '0', '0', '钥匙商3', '商人', NULL, '0', '75', '75', '0', '35', '4224', '1', '1.14286', '1', '1', '20', '1', '0', '0', '1', '0', '0', '1', '1', '1', '0', '0', '0', '0', '0', '0', '0', '0', '0', '0', '0', '0', '0', '0', '0', '0', '0', '', '0', '1', '1', '1', '1', '1', '0', '0', '1', '0', '0', '0', '', NULL);
REPLACE INTO `creature_template` (`entry`, `difficulty_entry_1`, `difficulty_entry_2`, `difficulty_entry_3`, `KillCredit1`, `KillCredit2`, `modelid1`, `modelid2`, `modelid3`, `modelid4`, `name`, `subname`, `IconName`, `gossip_menu_id`, `minlevel`, `maxlevel`, `exp`, `faction`, `npcflag`, `speed_walk`, `speed_run`, `speed_swim`, `speed_flight`, `detection_range`, `scale`, `rank`, `dmgschool`, `DamageModifier`, `BaseAttackTime`, `RangeAttackTime`, `BaseVariance`, `RangeVariance`, `unit_class`, `unit_flags`, `unit_flags2`, `dynamicflags`, `family`, `trainer_type`, `trainer_spell`, `trainer_class`, `trainer_race`, `type`, `type_flags`, `lootid`, `pickpocketloot`, `skinloot`, `PetSpellDataId`, `VehicleId`, `mingold`, `maxgold`, `AIName`, `MovementType`, `HoverHeight`, `HealthModifier`, `ManaModifier`, `ArmorModifier`, `ExperienceModifier`, `RacialLeader`, `movementId`, `RegenHealth`, `mechanic_immune_mask`, `spell_school_immune_mask`, `flags_extra`, `ScriptName`, `VerifiedBuild`) VALUES('4001005', '0', '0', '0', '0', '0', '18541', '0', '0', '0', '草药', '商人', NULL, '0', '75', '75', '0', '35', '4224', '1', '1.14286', '1', '1', '20', '1', '0', '0', '1', '0', '0', '1', '1', '1', '0', '0', '0', '0', '0', '0', '0', '0', '0', '0', '0', '0', '0', '0', '0', '0', '0', '', '0', '1', '1', '1', '1', '1', '0', '0', '1', '0', '0', '0', '', NULL);
REPLACE INTO `creature_template` (`entry`, `difficulty_entry_1`, `difficulty_entry_2`, `difficulty_entry_3`, `KillCredit1`, `KillCredit2`, `modelid1`, `modelid2`, `modelid3`, `modelid4`, `name`, `subname`, `IconName`, `gossip_menu_id`, `minlevel`, `maxlevel`, `exp`, `faction`, `npcflag`, `speed_walk`, `speed_run`, `speed_swim`, `speed_flight`, `detection_range`, `scale`, `rank`, `dmgschool`, `DamageModifier`, `BaseAttackTime`, `RangeAttackTime`, `BaseVariance`, `RangeVariance`, `unit_class`, `unit_flags`, `unit_flags2`, `dynamicflags`, `family`, `trainer_type`, `trainer_spell`, `trainer_class`, `trainer_race`, `type`, `type_flags`, `lootid`, `pickpocketloot`, `skinloot`, `PetSpellDataId`, `VehicleId`, `mingold`, `maxgold`, `AIName`, `MovementType`, `HoverHeight`, `HealthModifier`, `ManaModifier`, `ArmorModifier`, `ExperienceModifier`, `RacialLeader`, `movementId`, `RegenHealth`, `mechanic_immune_mask`, `spell_school_immune_mask`, `flags_extra`, `ScriptName`, `VerifiedBuild`) VALUES('4002005', '0', '0', '0', '0', '0', '18541', '0', '0', '0', '雕文-牧师', '商人', NULL, '0', '75', '75', '0', '35', '4224', '1', '1.14286', '1', '1', '20', '1', '0', '0', '1', '0', '0', '1', '1', '1', '0', '0', '0', '0', '0', '0', '0', '0', '0', '0', '0', '0', '0', '0', '0', '0', '0', '', '0', '1', '1', '1', '1', '1', '0', '0', '1', '0', '0', '0', '', NULL);
REPLACE INTO `creature_template` (`entry`, `difficulty_entry_1`, `difficulty_entry_2`, `difficulty_entry_3`, `KillCredit1`, `KillCredit2`, `modelid1`, `modelid2`, `modelid3`, `modelid4`, `name`, `subname`, `IconName`, `gossip_menu_id`, `minlevel`, `maxlevel`, `exp`, `faction`, `npcflag`, `speed_walk`, `speed_run`, `speed_swim`, `speed_flight`, `detection_range`, `scale`, `rank`, `dmgschool`, `DamageModifier`, `BaseAttackTime`, `RangeAttackTime`, `BaseVariance`, `RangeVariance`, `unit_class`, `unit_flags`, `unit_flags2`, `dynamicflags`, `family`, `trainer_type`, `trainer_spell`, `trainer_class`, `trainer_race`, `type`, `type_flags`, `lootid`, `pickpocketloot`, `skinloot`, `PetSpellDataId`, `VehicleId`, `mingold`, `maxgold`, `AIName`, `MovementType`, `HoverHeight`, `HealthModifier`, `ManaModifier`, `ArmorModifier`, `ExperienceModifier`, `RacialLeader`, `movementId`, `RegenHealth`, `mechanic_immune_mask`, `spell_school_immune_mask`, `flags_extra`, `ScriptName`, `VerifiedBuild`) VALUES('4002007', '0', '0', '0', '0', '0', '18541', '0', '0', '0', '雕文-萨满祭司', '商人', NULL, '0', '75', '75', '0', '35', '4224', '1', '1.14286', '1', '1', '20', '1', '0', '0', '1', '0', '0', '1', '1', '1', '0', '0', '0', '0', '0', '0', '0', '0', '0', '0', '0', '0', '0', '0', '0', '0', '0', '', '0', '1', '1', '1', '1', '1', '0', '0', '1', '0', '0', '0', '', NULL);
REPLACE INTO `creature_template` (`entry`, `difficulty_entry_1`, `difficulty_entry_2`, `difficulty_entry_3`, `KillCredit1`, `KillCredit2`, `modelid1`, `modelid2`, `modelid3`, `modelid4`, `name`, `subname`, `IconName`, `gossip_menu_id`, `minlevel`, `maxlevel`, `exp`, `faction`, `npcflag`, `speed_walk`, `speed_run`, `speed_swim`, `speed_flight`, `detection_range`, `scale`, `rank`, `dmgschool`, `DamageModifier`, `BaseAttackTime`, `RangeAttackTime`, `BaseVariance`, `RangeVariance`, `unit_class`, `unit_flags`, `unit_flags2`, `dynamicflags`, `family`, `trainer_type`, `trainer_spell`, `trainer_class`, `trainer_race`, `type`, `type_flags`, `lootid`, `pickpocketloot`, `skinloot`, `PetSpellDataId`, `VehicleId`, `mingold`, `maxgold`, `AIName`, `MovementType`, `HoverHeight`, `HealthModifier`, `ManaModifier`, `ArmorModifier`, `ExperienceModifier`, `RacialLeader`, `movementId`, `RegenHealth`, `mechanic_immune_mask`, `spell_school_immune_mask`, `flags_extra`, `ScriptName`, `VerifiedBuild`) VALUES('4002002', '0', '0', '0', '0', '0', '18541', '0', '0', '0', '雕文-德鲁伊', '商人', NULL, '0', '75', '75', '0', '35', '4224', '1', '1.14286', '1', '1', '20', '1', '0', '0', '1', '0', '0', '1', '1', '1', '0', '0', '0', '0', '0', '0', '0', '0', '0', '0', '0', '0', '0', '0', '0', '0', '0', '', '0', '1', '1', '1', '1', '1', '0', '0', '1', '0', '0', '0', '', NULL);
REPLACE INTO `creature_template` (`entry`, `difficulty_entry_1`, `difficulty_entry_2`, `difficulty_entry_3`, `KillCredit1`, `KillCredit2`, `modelid1`, `modelid2`, `modelid3`, `modelid4`, `name`, `subname`, `IconName`, `gossip_menu_id`, `minlevel`, `maxlevel`, `exp`, `faction`, `npcflag`, `speed_walk`, `speed_run`, `speed_swim`, `speed_flight`, `detection_range`, `scale`, `rank`, `dmgschool`, `DamageModifier`, `BaseAttackTime`, `RangeAttackTime`, `BaseVariance`, `RangeVariance`, `unit_class`, `unit_flags`, `unit_flags2`, `dynamicflags`, `family`, `trainer_type`, `trainer_spell`, `trainer_class`, `trainer_race`, `type`, `type_flags`, `lootid`, `pickpocketloot`, `skinloot`, `PetSpellDataId`, `VehicleId`, `mingold`, `maxgold`, `AIName`, `MovementType`, `HoverHeight`, `HealthModifier`, `ManaModifier`, `ArmorModifier`, `ExperienceModifier`, `RacialLeader`, `movementId`, `RegenHealth`, `mechanic_immune_mask`, `spell_school_immune_mask`, `flags_extra`, `ScriptName`, `VerifiedBuild`) VALUES('4002009', '0', '0', '0', '0', '0', '18541', '0', '0', '0', '雕文-死亡骑士', '商人', NULL, '0', '75', '75', '0', '35', '4224', '1', '1.14286', '1', '1', '20', '1', '0', '0', '1', '0', '0', '1', '1', '1', '0', '0', '0', '0', '0', '0', '0', '0', '0', '0', '0', '0', '0', '0', '0', '0', '0', '', '0', '1', '1', '1', '1', '1', '0', '0', '1', '0', '0', '0', '', NULL);
REPLACE INTO `creature_template` (`entry`, `difficulty_entry_1`, `difficulty_entry_2`, `difficulty_entry_3`, `KillCredit1`, `KillCredit2`, `modelid1`, `modelid2`, `modelid3`, `modelid4`, `name`, `subname`, `IconName`, `gossip_menu_id`, `minlevel`, `maxlevel`, `exp`, `faction`, `npcflag`, `speed_walk`, `speed_run`, `speed_swim`, `speed_flight`, `detection_range`, `scale`, `rank`, `dmgschool`, `DamageModifier`, `BaseAttackTime`, `RangeAttackTime`, `BaseVariance`, `RangeVariance`, `unit_class`, `unit_flags`, `unit_flags2`, `dynamicflags`, `family`, `trainer_type`, `trainer_spell`, `trainer_class`, `trainer_race`, `type`, `type_flags`, `lootid`, `pickpocketloot`, `skinloot`, `PetSpellDataId`, `VehicleId`, `mingold`, `maxgold`, `AIName`, `MovementType`, `HoverHeight`, `HealthModifier`, `ManaModifier`, `ArmorModifier`, `ExperienceModifier`, `RacialLeader`, `movementId`, `RegenHealth`, `mechanic_immune_mask`, `spell_school_immune_mask`, `flags_extra`, `ScriptName`, `VerifiedBuild`) VALUES('4002008', '0', '0', '0', '0', '0', '18541', '0', '0', '0', '雕文-术士', '商人', NULL, '0', '75', '75', '0', '35', '4224', '1', '1.14286', '1', '1', '20', '1', '0', '0', '1', '0', '0', '1', '1', '1', '0', '0', '0', '0', '0', '0', '0', '0', '0', '0', '0', '0', '0', '0', '0', '0', '0', '', '0', '1', '1', '1', '1', '1', '0', '0', '1', '0', '0', '0', '', NULL);
REPLACE INTO `creature_template` (`entry`, `difficulty_entry_1`, `difficulty_entry_2`, `difficulty_entry_3`, `KillCredit1`, `KillCredit2`, `modelid1`, `modelid2`, `modelid3`, `modelid4`, `name`, `subname`, `IconName`, `gossip_menu_id`, `minlevel`, `maxlevel`, `exp`, `faction`, `npcflag`, `speed_walk`, `speed_run`, `speed_swim`, `speed_flight`, `detection_range`, `scale`, `rank`, `dmgschool`, `DamageModifier`, `BaseAttackTime`, `RangeAttackTime`, `BaseVariance`, `RangeVariance`, `unit_class`, `unit_flags`, `unit_flags2`, `dynamicflags`, `family`, `trainer_type`, `trainer_spell`, `trainer_class`, `trainer_race`, `type`, `type_flags`, `lootid`, `pickpocketloot`, `skinloot`, `PetSpellDataId`, `VehicleId`, `mingold`, `maxgold`, `AIName`, `MovementType`, `HoverHeight`, `HealthModifier`, `ManaModifier`, `ArmorModifier`, `ExperienceModifier`, `RacialLeader`, `movementId`, `RegenHealth`, `mechanic_immune_mask`, `spell_school_immune_mask`, `flags_extra`, `ScriptName`, `VerifiedBuild`) VALUES('4001002', '0', '0', '0', '0', '0', '18541', '0', '0', '0', '布料', '商人', NULL, '0', '75', '75', '0', '35', '4224', '1', '1.14286', '1', '1', '20', '1', '0', '0', '1', '0', '0', '1', '1', '1', '0', '0', '0', '0', '0', '0', '0', '0', '0', '0', '0', '0', '0', '0', '0', '0', '0', '', '0', '1', '1', '1', '1', '1', '0', '0', '1', '0', '0', '0', '', NULL);
REPLACE INTO `creature_template` (`entry`, `difficulty_entry_1`, `difficulty_entry_2`, `difficulty_entry_3`, `KillCredit1`, `KillCredit2`, `modelid1`, `modelid2`, `modelid3`, `modelid4`, `name`, `subname`, `IconName`, `gossip_menu_id`, `minlevel`, `maxlevel`, `exp`, `faction`, `npcflag`, `speed_walk`, `speed_run`, `speed_swim`, `speed_flight`, `detection_range`, `scale`, `rank`, `dmgschool`, `DamageModifier`, `BaseAttackTime`, `RangeAttackTime`, `BaseVariance`, `RangeVariance`, `unit_class`, `unit_flags`, `unit_flags2`, `dynamicflags`, `family`, `trainer_type`, `trainer_spell`, `trainer_class`, `trainer_race`, `type`, `type_flags`, `lootid`, `pickpocketloot`, `skinloot`, `PetSpellDataId`, `VehicleId`, `mingold`, `maxgold`, `AIName`, `MovementType`, `HoverHeight`, `HealthModifier`, `ManaModifier`, `ArmorModifier`, `ExperienceModifier`, `RacialLeader`, `movementId`, `RegenHealth`, `mechanic_immune_mask`, `spell_school_immune_mask`, `flags_extra`, `ScriptName`, `VerifiedBuild`) VALUES('4002010', '0', '0', '0', '0', '0', '18541', '0', '0', '0', '雕文-战士', '商人', NULL, '0', '75', '75', '0', '35', '4224', '1', '1.14286', '1', '1', '20', '1', '0', '0', '1', '0', '0', '1', '1', '1', '0', '0', '0', '0', '0', '0', '0', '0', '0', '0', '0', '0', '0', '0', '0', '0', '0', '', '0', '1', '1', '1', '1', '1', '0', '0', '1', '0', '0', '0', '', NULL);
REPLACE INTO `creature_template` (`entry`, `difficulty_entry_1`, `difficulty_entry_2`, `difficulty_entry_3`, `KillCredit1`, `KillCredit2`, `modelid1`, `modelid2`, `modelid3`, `modelid4`, `name`, `subname`, `IconName`, `gossip_menu_id`, `minlevel`, `maxlevel`, `exp`, `faction`, `npcflag`, `speed_walk`, `speed_run`, `speed_swim`, `speed_flight`, `detection_range`, `scale`, `rank`, `dmgschool`, `DamageModifier`, `BaseAttackTime`, `RangeAttackTime`, `BaseVariance`, `RangeVariance`, `unit_class`, `unit_flags`, `unit_flags2`, `dynamicflags`, `family`, `trainer_type`, `trainer_spell`, `trainer_class`, `trainer_race`, `type`, `type_flags`, `lootid`, `pickpocketloot`, `skinloot`, `PetSpellDataId`, `VehicleId`, `mingold`, `maxgold`, `AIName`, `MovementType`, `HoverHeight`, `HealthModifier`, `ManaModifier`, `ArmorModifier`, `ExperienceModifier`, `RacialLeader`, `movementId`, `RegenHealth`, `mechanic_immune_mask`, `spell_school_immune_mask`, `flags_extra`, `ScriptName`, `VerifiedBuild`) VALUES('4001001', '0', '0', '0', '0', '0', '18541', '0', '0', '0', '元素', '商人', NULL, '0', '75', '75', '0', '35', '4224', '1', '1.14286', '1', '1', '20', '1', '0', '0', '1', '0', '0', '1', '1', '1', '0', '0', '0', '0', '0', '0', '0', '0', '0', '0', '0', '0', '0', '0', '0', '0', '0', '', '0', '1', '1', '1', '1', '1', '0', '0', '1', '0', '0', '0', '', NULL);

REPLACE INTO `npc_vendor` (`entry`, `slot`, `item`, `maxcount`, `incrtime`, `ExtendedCost`, `VerifiedBuild`) VALUES('4003002', '0', '30634', '0', '0', '0', '0');
REPLACE INTO `npc_vendor` (`entry`, `slot`, `item`, `maxcount`, `incrtime`, `ExtendedCost`, `VerifiedBuild`) VALUES('4001007', '0', '23112', '0', '0', '0', '0');
REPLACE INTO `npc_vendor` (`entry`, `slot`, `item`, `maxcount`, `incrtime`, `ExtendedCost`, `VerifiedBuild`) VALUES('4001002', '0', '2321', '0', '0', '0', '0');
REPLACE INTO `npc_vendor` (`entry`, `slot`, `item`, `maxcount`, `incrtime`, `ExtendedCost`, `VerifiedBuild`) VALUES('4001001', '0', '7076', '0', '0', '0', '0');
REPLACE INTO `npc_vendor` (`entry`, `slot`, `item`, `maxcount`, `incrtime`, `ExtendedCost`, `VerifiedBuild`) VALUES('4001001', '0', '12808', '0', '0', '0', '0');
REPLACE INTO `npc_vendor` (`entry`, `slot`, `item`, `maxcount`, `incrtime`, `ExtendedCost`, `VerifiedBuild`) VALUES('4001009', '0', '21590', '0', '0', '0', '0');
REPLACE INTO `npc_vendor` (`entry`, `slot`, `item`, `maxcount`, `incrtime`, `ExtendedCost`, `VerifiedBuild`) VALUES('4003004', '3', '42946', '0', '0', '0', '0');
REPLACE INTO `npc_vendor` (`entry`, `slot`, `item`, `maxcount`, `incrtime`, `ExtendedCost`, `VerifiedBuild`) VALUES('4003001', '0', '13194', '0', '0', '0', '0');
REPLACE INTO `npc_vendor` (`entry`, `slot`, `item`, `maxcount`, `incrtime`, `ExtendedCost`, `VerifiedBuild`) VALUES('4002008', '0', '45783', '0', '0', '0', '0');
REPLACE INTO `npc_vendor` (`entry`, `slot`, `item`, `maxcount`, `incrtime`, `ExtendedCost`, `VerifiedBuild`) VALUES('4003002', '0', '24099', '0', '0', '0', '0');
REPLACE INTO `npc_vendor` (`entry`, `slot`, `item`, `maxcount`, `incrtime`, `ExtendedCost`, `VerifiedBuild`) VALUES('4001010', '0', '22296', '0', '0', '0', '0');
REPLACE INTO `npc_vendor` (`entry`, `slot`, `item`, `maxcount`, `incrtime`, `ExtendedCost`, `VerifiedBuild`) VALUES('4002005', '0', '42416', '0', '0', '0', '0');
REPLACE INTO `npc_vendor` (`entry`, `slot`, `item`, `maxcount`, `incrtime`, `ExtendedCost`, `VerifiedBuild`) VALUES('4003001', '0', '17242', '0', '0', '0', '0');
REPLACE INTO `npc_vendor` (`entry`, `slot`, `item`, `maxcount`, `incrtime`, `ExtendedCost`, `VerifiedBuild`) VALUES('4002007', '0', '45776', '0', '0', '0', '0');
REPLACE INTO `npc_vendor` (`entry`, `slot`, `item`, `maxcount`, `incrtime`, `ExtendedCost`, `VerifiedBuild`) VALUES('4003002', '0', '28395', '0', '0', '0', '0');
REPLACE INTO `npc_vendor` (`entry`, `slot`, `item`, `maxcount`, `incrtime`, `ExtendedCost`, `VerifiedBuild`) VALUES('4003004', '3', '44099', '0', '0', '0', '0');
REPLACE INTO `npc_vendor` (`entry`, `slot`, `item`, `maxcount`, `incrtime`, `ExtendedCost`, `VerifiedBuild`) VALUES('4003001', '0', '5050', '0', '0', '0', '0');
REPLACE INTO `npc_vendor` (`entry`, `slot`, `item`, `maxcount`, `incrtime`, `ExtendedCost`, `VerifiedBuild`) VALUES('4001002', '0', '2320', '0', '0', '0', '0');
REPLACE INTO `npc_vendor` (`entry`, `slot`, `item`, `maxcount`, `incrtime`, `ExtendedCost`, `VerifiedBuild`) VALUES('4002003', '0', '43357', '0', '0', '0', '0');
REPLACE INTO `npc_vendor` (`entry`, `slot`, `item`, `maxcount`, `incrtime`, `ExtendedCost`, `VerifiedBuild`) VALUES('4001009', '0', '17202', '0', '0', '0', '0');
REPLACE INTO `npc_vendor` (`entry`, `slot`, `item`, `maxcount`, `incrtime`, `ExtendedCost`, `VerifiedBuild`) VALUES('4002003', '0', '42749', '0', '0', '0', '0');
REPLACE INTO `npc_vendor` (`entry`, `slot`, `item`, `maxcount`, `incrtime`, `ExtendedCost`, `VerifiedBuild`) VALUES('4002001', '0', '45769', '0', '0', '0', '0');
REPLACE INTO `npc_vendor` (`entry`, `slot`, `item`, `maxcount`, `incrtime`, `ExtendedCost`, `VerifiedBuild`) VALUES('4002007', '0', '41535', '0', '0', '0', '0');
REPLACE INTO `npc_vendor` (`entry`, `slot`, `item`, `maxcount`, `incrtime`, `ExtendedCost`, `VerifiedBuild`) VALUES('4003003', '0', '45798', '0', '0', '0', '0');
REPLACE INTO `npc_vendor` (`entry`, `slot`, `item`, `maxcount`, `incrtime`, `ExtendedCost`, `VerifiedBuild`) VALUES('4002010', '0', '43397', '0', '0', '0', '0');
REPLACE INTO `npc_vendor` (`entry`, `slot`, `item`, `maxcount`, `incrtime`, `ExtendedCost`, `VerifiedBuild`) VALUES('4002001', '0', '45766', '0', '0', '0', '0');
REPLACE INTO `npc_vendor` (`entry`, `slot`, `item`, `maxcount`, `incrtime`, `ExtendedCost`, `VerifiedBuild`) VALUES('4002008', '0', '42453', '0', '0', '0', '0');
REPLACE INTO `npc_vendor` (`entry`, `slot`, `item`, `maxcount`, `incrtime`, `ExtendedCost`, `VerifiedBuild`) VALUES('4003003', '0', '41843', '0', '0', '0', '0');
REPLACE INTO `npc_vendor` (`entry`, `slot`, `item`, `maxcount`, `incrtime`, `ExtendedCost`, `VerifiedBuild`) VALUES('4001004', '0', '12359', '0', '0', '0', '0');
REPLACE INTO `npc_vendor` (`entry`, `slot`, `item`, `maxcount`, `incrtime`, `ExtendedCost`, `VerifiedBuild`) VALUES('4003001', '0', '4483', '0', '0', '0', '0');
REPLACE INTO `npc_vendor` (`entry`, `slot`, `item`, `maxcount`, `incrtime`, `ExtendedCost`, `VerifiedBuild`) VALUES('4002009', '0', '43551', '0', '0', '0', '0');
REPLACE INTO `npc_vendor` (`entry`, `slot`, `item`, `maxcount`, `incrtime`, `ExtendedCost`, `VerifiedBuild`) VALUES('4001001', '0', '7080', '0', '0', '0', '0');
REPLACE INTO `npc_vendor` (`entry`, `slot`, `item`, `maxcount`, `incrtime`, `ExtendedCost`, `VerifiedBuild`) VALUES('4003003', '0', '33290', '0', '0', '0', '0');
REPLACE INTO `npc_vendor` (`entry`, `slot`, `item`, `maxcount`, `incrtime`, `ExtendedCost`, `VerifiedBuild`) VALUES('4003002', '0', '27991', '0', '0', '0', '0');
REPLACE INTO `npc_vendor` (`entry`, `slot`, `item`, `maxcount`, `incrtime`, `ExtendedCost`, `VerifiedBuild`) VALUES('4003003', '0', '39434', '0', '0', '0', '0');
REPLACE INTO `npc_vendor` (`entry`, `slot`, `item`, `maxcount`, `incrtime`, `ExtendedCost`, `VerifiedBuild`) VALUES('4001005', '0', '13467', '0', '0', '0', '0');
REPLACE INTO `npc_vendor` (`entry`, `slot`, `item`, `maxcount`, `incrtime`, `ExtendedCost`, `VerifiedBuild`) VALUES('4001003', '0', '7392', '0', '0', '0', '0');
REPLACE INTO `npc_vendor` (`entry`, `slot`, `item`, `maxcount`, `incrtime`, `ExtendedCost`, `VerifiedBuild`) VALUES('4001003', '0', '4289', '0', '0', '0', '0');
REPLACE INTO `npc_vendor` (`entry`, `slot`, `item`, `maxcount`, `incrtime`, `ExtendedCost`, `VerifiedBuild`) VALUES('4001003', '0', '25708', '0', '0', '0', '0');
REPLACE INTO `npc_vendor` (`entry`, `slot`, `item`, `maxcount`, `incrtime`, `ExtendedCost`, `VerifiedBuild`) VALUES('4001009', '0', '21267', '0', '0', '0', '0');
REPLACE INTO `npc_vendor` (`entry`, `slot`, `item`, `maxcount`, `incrtime`, `ExtendedCost`, `VerifiedBuild`) VALUES('4003004', '3', '42947', '0', '0', '0', '0');
REPLACE INTO `npc_vendor` (`entry`, `slot`, `item`, `maxcount`, `incrtime`, `ExtendedCost`, `VerifiedBuild`) VALUES('4001002', '0', '21877', '0', '0', '0', '0');
REPLACE INTO `npc_vendor` (`entry`, `slot`, `item`, `maxcount`, `incrtime`, `ExtendedCost`, `VerifiedBuild`) VALUES('4001002', '0', '4338', '0', '0', '0', '0');
REPLACE INTO `npc_vendor` (`entry`, `slot`, `item`, `maxcount`, `incrtime`, `ExtendedCost`, `VerifiedBuild`) VALUES('4002006', '0', '41106', '0', '0', '0', '0');
REPLACE INTO `npc_vendor` (`entry`, `slot`, `item`, `maxcount`, `incrtime`, `ExtendedCost`, `VerifiedBuild`) VALUES('4002006', '0', '41109', '0', '0', '0', '0');
REPLACE INTO `npc_vendor` (`entry`, `slot`, `item`, `maxcount`, `incrtime`, `ExtendedCost`, `VerifiedBuild`) VALUES('4003001', '0', '11197', '0', '0', '0', '0');
REPLACE INTO `npc_vendor` (`entry`, `slot`, `item`, `maxcount`, `incrtime`, `ExtendedCost`, `VerifiedBuild`) VALUES('4003001', '0', '2719', '0', '0', '0', '0');
REPLACE INTO `npc_vendor` (`entry`, `slot`, `item`, `maxcount`, `incrtime`, `ExtendedCost`, `VerifiedBuild`) VALUES('4001003', '0', '19767', '0', '0', '0', '0');
REPLACE INTO `npc_vendor` (`entry`, `slot`, `item`, `maxcount`, `incrtime`, `ExtendedCost`, `VerifiedBuild`) VALUES('4001006', '0', '16207', '0', '0', '0', '0');
REPLACE INTO `npc_vendor` (`entry`, `slot`, `item`, `maxcount`, `incrtime`, `ExtendedCost`, `VerifiedBuild`) VALUES('4002004', '0', '42917', '0', '0', '0', '0');
REPLACE INTO `npc_vendor` (`entry`, `slot`, `item`, `maxcount`, `incrtime`, `ExtendedCost`, `VerifiedBuild`) VALUES('4002005', '0', '43370', '0', '0', '0', '0');
REPLACE INTO `npc_vendor` (`entry`, `slot`, `item`, `maxcount`, `incrtime`, `ExtendedCost`, `VerifiedBuild`) VALUES('4003001', '0', '5521', '0', '0', '0', '0');
REPLACE INTO `npc_vendor` (`entry`, `slot`, `item`, `maxcount`, `incrtime`, `ExtendedCost`, `VerifiedBuild`) VALUES('4001005', '0', '36908', '0', '0', '0', '0');
REPLACE INTO `npc_vendor` (`entry`, `slot`, `item`, `maxcount`, `incrtime`, `ExtendedCost`, `VerifiedBuild`) VALUES('4002001', '0', '42960', '0', '0', '0', '0');
REPLACE INTO `npc_vendor` (`entry`, `slot`, `item`, `maxcount`, `incrtime`, `ExtendedCost`, `VerifiedBuild`) VALUES('4002009', '0', '43544', '0', '0', '0', '0');
REPLACE INTO `npc_vendor` (`entry`, `slot`, `item`, `maxcount`, `incrtime`, `ExtendedCost`, `VerifiedBuild`) VALUES('4003004', '3', '48677', '0', '0', '0', '0');
REPLACE INTO `npc_vendor` (`entry`, `slot`, `item`, `maxcount`, `incrtime`, `ExtendedCost`, `VerifiedBuild`) VALUES('4001009', '0', '22117', '0', '0', '0', '0');
REPLACE INTO `npc_vendor` (`entry`, `slot`, `item`, `maxcount`, `incrtime`, `ExtendedCost`, `VerifiedBuild`) VALUES('4001001', '0', '23572', '0', '0', '0', '0');
REPLACE INTO `npc_vendor` (`entry`, `slot`, `item`, `maxcount`, `incrtime`, `ExtendedCost`, `VerifiedBuild`) VALUES('4001003', '0', '15408', '0', '0', '0', '0');
REPLACE INTO `npc_vendor` (`entry`, `slot`, `item`, `maxcount`, `incrtime`, `ExtendedCost`, `VerifiedBuild`) VALUES('4001009', '0', '21595', '0', '0', '0', '0');
REPLACE INTO `npc_vendor` (`entry`, `slot`, `item`, `maxcount`, `incrtime`, `ExtendedCost`, `VerifiedBuild`) VALUES('4002004', '0', '42897', '0', '0', '0', '0');
REPLACE INTO `npc_vendor` (`entry`, `slot`, `item`, `maxcount`, `incrtime`, `ExtendedCost`, `VerifiedBuild`) VALUES('4002002', '0', '40922', '0', '0', '0', '0');
REPLACE INTO `npc_vendor` (`entry`, `slot`, `item`, `maxcount`, `incrtime`, `ExtendedCost`, `VerifiedBuild`) VALUES('4003004', '9', '17032', '0', '0', '0', '0');
REPLACE INTO `npc_vendor` (`entry`, `slot`, `item`, `maxcount`, `incrtime`, `ExtendedCost`, `VerifiedBuild`) VALUES('4001003', '0', '38425', '0', '0', '0', '0');
REPLACE INTO `npc_vendor` (`entry`, `slot`, `item`, `maxcount`, `incrtime`, `ExtendedCost`, `VerifiedBuild`) VALUES('4001007', '0', '5498', '0', '0', '0', '0');
REPLACE INTO `npc_vendor` (`entry`, `slot`, `item`, `maxcount`, `incrtime`, `ExtendedCost`, `VerifiedBuild`) VALUES('4003001', '0', '15871', '0', '0', '0', '0');
REPLACE INTO `npc_vendor` (`entry`, `slot`, `item`, `maxcount`, `incrtime`, `ExtendedCost`, `VerifiedBuild`) VALUES('4002010', '0', '45797', '0', '0', '0', '0');
REPLACE INTO `npc_vendor` (`entry`, `slot`, `item`, `maxcount`, `incrtime`, `ExtendedCost`, `VerifiedBuild`) VALUES('4001006', '0', '10938', '0', '0', '0', '0');
REPLACE INTO `npc_vendor` (`entry`, `slot`, `item`, `maxcount`, `incrtime`, `ExtendedCost`, `VerifiedBuild`) VALUES('4002002', '0', '45623', '0', '0', '0', '0');
REPLACE INTO `npc_vendor` (`entry`, `slot`, `item`, `maxcount`, `incrtime`, `ExtendedCost`, `VerifiedBuild`) VALUES('4001009', '0', '22121', '0', '0', '0', '0');
REPLACE INTO `npc_vendor` (`entry`, `slot`, `item`, `maxcount`, `incrtime`, `ExtendedCost`, `VerifiedBuild`) VALUES('4001004', '0', '23446', '0', '0', '0', '0');
REPLACE INTO `npc_vendor` (`entry`, `slot`, `item`, `maxcount`, `incrtime`, `ExtendedCost`, `VerifiedBuild`) VALUES('4002009', '0', '43535', '0', '0', '0', '0');
REPLACE INTO `npc_vendor` (`entry`, `slot`, `item`, `maxcount`, `incrtime`, `ExtendedCost`, `VerifiedBuild`) VALUES('4001009', '0', '21576', '0', '0', '0', '0');
REPLACE INTO `npc_vendor` (`entry`, `slot`, `item`, `maxcount`, `incrtime`, `ExtendedCost`, `VerifiedBuild`) VALUES('4001006', '0', '6217', '0', '0', '0', '0');
REPLACE INTO `npc_vendor` (`entry`, `slot`, `item`, `maxcount`, `incrtime`, `ExtendedCost`, `VerifiedBuild`) VALUES('4003004', '3', '48691', '0', '0', '0', '0');
REPLACE INTO `npc_vendor` (`entry`, `slot`, `item`, `maxcount`, `incrtime`, `ExtendedCost`, `VerifiedBuild`) VALUES('4002009', '0', '43545', '0', '0', '0', '0');
REPLACE INTO `npc_vendor` (`entry`, `slot`, `item`, `maxcount`, `incrtime`, `ExtendedCost`, `VerifiedBuild`) VALUES('4003001', '0', '13195', '0', '0', '0', '0');
REPLACE INTO `npc_vendor` (`entry`, `slot`, `item`, `maxcount`, `incrtime`, `ExtendedCost`, `VerifiedBuild`) VALUES('4001009', '0', '21557', '0', '0', '0', '0');
REPLACE INTO `npc_vendor` (`entry`, `slot`, `item`, `maxcount`, `incrtime`, `ExtendedCost`, `VerifiedBuild`) VALUES('4001010', '0', '22160', '0', '0', '0', '0');
REPLACE INTO `npc_vendor` (`entry`, `slot`, `item`, `maxcount`, `incrtime`, `ExtendedCost`, `VerifiedBuild`) VALUES('4002003', '0', '42741', '0', '0', '0', '0');
REPLACE INTO `npc_vendor` (`entry`, `slot`, `item`, `maxcount`, `incrtime`, `ExtendedCost`, `VerifiedBuild`) VALUES('4002005', '0', '42398', '0', '0', '0', '0');
REPLACE INTO `npc_vendor` (`entry`, `slot`, `item`, `maxcount`, `incrtime`, `ExtendedCost`, `VerifiedBuild`) VALUES('4002001', '0', '43380', '0', '0', '0', '0');
REPLACE INTO `npc_vendor` (`entry`, `slot`, `item`, `maxcount`, `incrtime`, `ExtendedCost`, `VerifiedBuild`) VALUES('4001010', '0', '22159', '0', '0', '0', '0');
REPLACE INTO `npc_vendor` (`entry`, `slot`, `item`, `maxcount`, `incrtime`, `ExtendedCost`, `VerifiedBuild`) VALUES('4003003', '0', '34117', '0', '0', '0', '0');
REPLACE INTO `npc_vendor` (`entry`, `slot`, `item`, `maxcount`, `incrtime`, `ExtendedCost`, `VerifiedBuild`) VALUES('4001004', '0', '37663', '0', '0', '0', '0');
REPLACE INTO `npc_vendor` (`entry`, `slot`, `item`, `maxcount`, `incrtime`, `ExtendedCost`, `VerifiedBuild`) VALUES('4003003', '0', '44582', '0', '0', '0', '0');
REPLACE INTO `npc_vendor` (`entry`, `slot`, `item`, `maxcount`, `incrtime`, `ExtendedCost`, `VerifiedBuild`) VALUES('4001002', '0', '14256', '0', '0', '0', '0');
REPLACE INTO `npc_vendor` (`entry`, `slot`, `item`, `maxcount`, `incrtime`, `ExtendedCost`, `VerifiedBuild`) VALUES('4001004', '0', '3486', '0', '0', '0', '0');
REPLACE INTO `npc_vendor` (`entry`, `slot`, `item`, `maxcount`, `incrtime`, `ExtendedCost`, `VerifiedBuild`) VALUES('4001002', '0', '38426', '0', '0', '0', '0');
REPLACE INTO `npc_vendor` (`entry`, `slot`, `item`, `maxcount`, `incrtime`, `ExtendedCost`, `VerifiedBuild`) VALUES('4001007', '0', '36784', '0', '0', '0', '0');
REPLACE INTO `npc_vendor` (`entry`, `slot`, `item`, `maxcount`, `incrtime`, `ExtendedCost`, `VerifiedBuild`) VALUES('4001006', '0', '11176', '0', '0', '0', '0');
REPLACE INTO `npc_vendor` (`entry`, `slot`, `item`, `maxcount`, `incrtime`, `ExtendedCost`, `VerifiedBuild`) VALUES('4003001', '0', '5475', '0', '0', '0', '0');
REPLACE INTO `npc_vendor` (`entry`, `slot`, `item`, `maxcount`, `incrtime`, `ExtendedCost`, `VerifiedBuild`) VALUES('4001005', '0', '3357', '0', '0', '0', '0');
REPLACE INTO `npc_vendor` (`entry`, `slot`, `item`, `maxcount`, `incrtime`, `ExtendedCost`, `VerifiedBuild`) VALUES('4002010', '0', '43418', '0', '0', '0', '0');
REPLACE INTO `npc_vendor` (`entry`, `slot`, `item`, `maxcount`, `incrtime`, `ExtendedCost`, `VerifiedBuild`) VALUES('4001005', '0', '36906', '0', '0', '0', '0');
REPLACE INTO `npc_vendor` (`entry`, `slot`, `item`, `maxcount`, `incrtime`, `ExtendedCost`, `VerifiedBuild`) VALUES('4002002', '0', '40897', '0', '0', '0', '0');
REPLACE INTO `npc_vendor` (`entry`, `slot`, `item`, `maxcount`, `incrtime`, `ExtendedCost`, `VerifiedBuild`) VALUES('4002007', '0', '45778', '0', '0', '0', '0');
REPLACE INTO `npc_vendor` (`entry`, `slot`, `item`, `maxcount`, `incrtime`, `ExtendedCost`, `VerifiedBuild`) VALUES('4003004', '9', '16583', '0', '0', '0', '0');
REPLACE INTO `npc_vendor` (`entry`, `slot`, `item`, `maxcount`, `incrtime`, `ExtendedCost`, `VerifiedBuild`) VALUES('4002008', '0', '45782', '0', '0', '0', '0');
REPLACE INTO `npc_vendor` (`entry`, `slot`, `item`, `maxcount`, `incrtime`, `ExtendedCost`, `VerifiedBuild`) VALUES('4002002', '0', '43316', '0', '0', '0', '0');
REPLACE INTO `npc_vendor` (`entry`, `slot`, `item`, `maxcount`, `incrtime`, `ExtendedCost`, `VerifiedBuild`) VALUES('4001009', '0', '21718', '0', '0', '0', '0');
REPLACE INTO `npc_vendor` (`entry`, `slot`, `item`, `maxcount`, `incrtime`, `ExtendedCost`, `VerifiedBuild`) VALUES('4001001', '0', '12803', '0', '0', '0', '0');
REPLACE INTO `npc_vendor` (`entry`, `slot`, `item`, `maxcount`, `incrtime`, `ExtendedCost`, `VerifiedBuild`) VALUES('4001002', '0', '4291', '0', '0', '0', '0');
REPLACE INTO `npc_vendor` (`entry`, `slot`, `item`, `maxcount`, `incrtime`, `ExtendedCost`, `VerifiedBuild`) VALUES('4001007', '0', '7971', '0', '0', '0', '0');
REPLACE INTO `npc_vendor` (`entry`, `slot`, `item`, `maxcount`, `incrtime`, `ExtendedCost`, `VerifiedBuild`) VALUES('4001002', '0', '21881', '0', '0', '0', '0');
REPLACE INTO `npc_vendor` (`entry`, `slot`, `item`, `maxcount`, `incrtime`, `ExtendedCost`, `VerifiedBuild`) VALUES('4002005', '0', '42404', '0', '0', '0', '0');
REPLACE INTO `npc_vendor` (`entry`, `slot`, `item`, `maxcount`, `incrtime`, `ExtendedCost`, `VerifiedBuild`) VALUES('4001005', '0', '22790', '0', '0', '0', '0');
REPLACE INTO `npc_vendor` (`entry`, `slot`, `item`, `maxcount`, `incrtime`, `ExtendedCost`, `VerifiedBuild`) VALUES('4002006', '0', '45741', '0', '0', '0', '0');
REPLACE INTO `npc_vendor` (`entry`, `slot`, `item`, `maxcount`, `incrtime`, `ExtendedCost`, `VerifiedBuild`) VALUES('4003001', '0', '7146', '0', '0', '0', '0');
REPLACE INTO `npc_vendor` (`entry`, `slot`, `item`, `maxcount`, `incrtime`, `ExtendedCost`, `VerifiedBuild`) VALUES('4002003', '0', '42752', '0', '0', '0', '0');
REPLACE INTO `npc_vendor` (`entry`, `slot`, `item`, `maxcount`, `incrtime`, `ExtendedCost`, `VerifiedBuild`) VALUES('4001010', '0', '22297', '0', '0', '0', '0');
REPLACE INTO `npc_vendor` (`entry`, `slot`, `item`, `maxcount`, `incrtime`, `ExtendedCost`, `VerifiedBuild`) VALUES('4003003', '0', '34600', '0', '0', '0', '0');
REPLACE INTO `npc_vendor` (`entry`, `slot`, `item`, `maxcount`, `incrtime`, `ExtendedCost`, `VerifiedBuild`) VALUES('4003003', '0', '34962', '0', '0', '0', '0');
REPLACE INTO `npc_vendor` (`entry`, `slot`, `item`, `maxcount`, `incrtime`, `ExtendedCost`, `VerifiedBuild`) VALUES('4001009', '0', '21819', '0', '0', '0', '0');
REPLACE INTO `npc_vendor` (`entry`, `slot`, `item`, `maxcount`, `incrtime`, `ExtendedCost`, `VerifiedBuild`) VALUES('4001010', '0', '22295', '0', '0', '0', '0');
REPLACE INTO `npc_vendor` (`entry`, `slot`, `item`, `maxcount`, `incrtime`, `ExtendedCost`, `VerifiedBuild`) VALUES('4001007', '0', '36927', '0', '0', '0', '0');
REPLACE INTO `npc_vendor` (`entry`, `slot`, `item`, `maxcount`, `incrtime`, `ExtendedCost`, `VerifiedBuild`) VALUES('4001003', '0', '15415', '0', '0', '0', '0');
REPLACE INTO `npc_vendor` (`entry`, `slot`, `item`, `maxcount`, `incrtime`, `ExtendedCost`, `VerifiedBuild`) VALUES('4001007', '0', '36926', '0', '0', '0', '0');
REPLACE INTO `npc_vendor` (`entry`, `slot`, `item`, `maxcount`, `incrtime`, `ExtendedCost`, `VerifiedBuild`) VALUES('4001003', '0', '2319', '0', '0', '0', '0');
REPLACE INTO `npc_vendor` (`entry`, `slot`, `item`, `maxcount`, `incrtime`, `ExtendedCost`, `VerifiedBuild`) VALUES('4003001', '0', '12942', '0', '0', '0', '0');
REPLACE INTO `npc_vendor` (`entry`, `slot`, `item`, `maxcount`, `incrtime`, `ExtendedCost`, `VerifiedBuild`) VALUES('4003002', '0', '31536', '0', '0', '0', '0');
REPLACE INTO `npc_vendor` (`entry`, `slot`, `item`, `maxcount`, `incrtime`, `ExtendedCost`, `VerifiedBuild`) VALUES('4001003', '0', '25707', '0', '0', '0', '0');
REPLACE INTO `npc_vendor` (`entry`, `slot`, `item`, `maxcount`, `incrtime`, `ExtendedCost`, `VerifiedBuild`) VALUES('4001001', '0', '7078', '0', '0', '0', '0');
REPLACE INTO `npc_vendor` (`entry`, `slot`, `item`, `maxcount`, `incrtime`, `ExtendedCost`, `VerifiedBuild`) VALUES('4001007', '0', '23439', '0', '0', '0', '0');
REPLACE INTO `npc_vendor` (`entry`, `slot`, `item`, `maxcount`, `incrtime`, `ExtendedCost`, `VerifiedBuild`) VALUES('4001005', '0', '8846', '0', '0', '0', '0');
REPLACE INTO `npc_vendor` (`entry`, `slot`, `item`, `maxcount`, `incrtime`, `ExtendedCost`, `VerifiedBuild`) VALUES('4001002', '0', '8343', '0', '0', '0', '0');
REPLACE INTO `npc_vendor` (`entry`, `slot`, `item`, `maxcount`, `incrtime`, `ExtendedCost`, `VerifiedBuild`) VALUES('4003004', '9', '22147', '0', '0', '0', '0');
REPLACE INTO `npc_vendor` (`entry`, `slot`, `item`, `maxcount`, `incrtime`, `ExtendedCost`, `VerifiedBuild`) VALUES('4001010', '0', '22156', '0', '0', '0', '0');
REPLACE INTO `npc_vendor` (`entry`, `slot`, `item`, `maxcount`, `incrtime`, `ExtendedCost`, `VerifiedBuild`) VALUES('4001005', '0', '3819', '0', '0', '0', '0');
REPLACE INTO `npc_vendor` (`entry`, `slot`, `item`, `maxcount`, `incrtime`, `ExtendedCost`, `VerifiedBuild`) VALUES('4003004', '3', '44094', '0', '0', '0', '0');
REPLACE INTO `npc_vendor` (`entry`, `slot`, `item`, `maxcount`, `incrtime`, `ExtendedCost`, `VerifiedBuild`) VALUES('4003004', '9', '17021', '0', '0', '0', '0');
REPLACE INTO `npc_vendor` (`entry`, `slot`, `item`, `maxcount`, `incrtime`, `ExtendedCost`, `VerifiedBuild`) VALUES('4001010', '0', '22163', '0', '0', '0', '0');
REPLACE INTO `npc_vendor` (`entry`, `slot`, `item`, `maxcount`, `incrtime`, `ExtendedCost`, `VerifiedBuild`) VALUES('4001004', '0', '3470', '0', '0', '0', '0');
REPLACE INTO `npc_vendor` (`entry`, `slot`, `item`, `maxcount`, `incrtime`, `ExtendedCost`, `VerifiedBuild`) VALUES('4003003', '0', '45796', '0', '0', '0', '0');
REPLACE INTO `npc_vendor` (`entry`, `slot`, `item`, `maxcount`, `incrtime`, `ExtendedCost`, `VerifiedBuild`) VALUES('4002002', '0', '40912', '0', '0', '0', '0');
REPLACE INTO `npc_vendor` (`entry`, `slot`, `item`, `maxcount`, `incrtime`, `ExtendedCost`, `VerifiedBuild`) VALUES('4002002', '0', '40903', '0', '0', '0', '0');
REPLACE INTO `npc_vendor` (`entry`, `slot`, `item`, `maxcount`, `incrtime`, `ExtendedCost`, `VerifiedBuild`) VALUES('4001001', '0', '10286', '0', '0', '0', '0');
REPLACE INTO `npc_vendor` (`entry`, `slot`, `item`, `maxcount`, `incrtime`, `ExtendedCost`, `VerifiedBuild`) VALUES('4002007', '0', '41526', '0', '0', '0', '0');
REPLACE INTO `npc_vendor` (`entry`, `slot`, `item`, `maxcount`, `incrtime`, `ExtendedCost`, `VerifiedBuild`) VALUES('4001003', '0', '33567', '0', '0', '0', '0');
REPLACE INTO `npc_vendor` (`entry`, `slot`, `item`, `maxcount`, `incrtime`, `ExtendedCost`, `VerifiedBuild`) VALUES('4001009', '0', '17194', '0', '0', '0', '0');
REPLACE INTO `npc_vendor` (`entry`, `slot`, `item`, `maxcount`, `incrtime`, `ExtendedCost`, `VerifiedBuild`) VALUES('4003001', '0', '15870', '0', '0', '0', '0');
REPLACE INTO `npc_vendor` (`entry`, `slot`, `item`, `maxcount`, `incrtime`, `ExtendedCost`, `VerifiedBuild`) VALUES('4002001', '0', '42964', '0', '0', '0', '0');
REPLACE INTO `npc_vendor` (`entry`, `slot`, `item`, `maxcount`, `incrtime`, `ExtendedCost`, `VerifiedBuild`) VALUES('4001002', '0', '14047', '0', '0', '0', '0');
REPLACE INTO `npc_vendor` (`entry`, `slot`, `item`, `maxcount`, `incrtime`, `ExtendedCost`, `VerifiedBuild`) VALUES('4001010', '0', '22284', '0', '0', '0', '0');
REPLACE INTO `npc_vendor` (`entry`, `slot`, `item`, `maxcount`, `incrtime`, `ExtendedCost`, `VerifiedBuild`) VALUES('4001006', '0', '11139', '0', '0', '0', '0');
REPLACE INTO `npc_vendor` (`entry`, `slot`, `item`, `maxcount`, `incrtime`, `ExtendedCost`, `VerifiedBuild`) VALUES('4001005', '0', '3821', '0', '0', '0', '0');
REPLACE INTO `npc_vendor` (`entry`, `slot`, `item`, `maxcount`, `incrtime`, `ExtendedCost`, `VerifiedBuild`) VALUES('4003001', '0', '13196', '0', '0', '0', '0');
REPLACE INTO `npc_vendor` (`entry`, `slot`, `item`, `maxcount`, `incrtime`, `ExtendedCost`, `VerifiedBuild`) VALUES('4001003', '0', '8170', '0', '0', '0', '0');
REPLACE INTO `npc_vendor` (`entry`, `slot`, `item`, `maxcount`, `incrtime`, `ExtendedCost`, `VerifiedBuild`) VALUES('4002004', '0', '42903', '0', '0', '0', '0');
REPLACE INTO `npc_vendor` (`entry`, `slot`, `item`, `maxcount`, `incrtime`, `ExtendedCost`, `VerifiedBuild`) VALUES('4002004', '0', '42905', '0', '0', '0', '0');
REPLACE INTO `npc_vendor` (`entry`, `slot`, `item`, `maxcount`, `incrtime`, `ExtendedCost`, `VerifiedBuild`) VALUES('4001004', '0', '22203', '0', '0', '0', '0');
REPLACE INTO `npc_vendor` (`entry`, `slot`, `item`, `maxcount`, `incrtime`, `ExtendedCost`, `VerifiedBuild`) VALUES('4001003', '0', '25699', '0', '0', '0', '0');
REPLACE INTO `npc_vendor` (`entry`, `slot`, `item`, `maxcount`, `incrtime`, `ExtendedCost`, `VerifiedBuild`) VALUES('4003001', '0', '13304', '0', '0', '0', '0');
REPLACE INTO `npc_vendor` (`entry`, `slot`, `item`, `maxcount`, `incrtime`, `ExtendedCost`, `VerifiedBuild`) VALUES('4001010', '0', '34171', '0', '0', '0', '0');
REPLACE INTO `npc_vendor` (`entry`, `slot`, `item`, `maxcount`, `incrtime`, `ExtendedCost`, `VerifiedBuild`) VALUES('4002008', '0', '42456', '0', '0', '0', '0');
REPLACE INTO `npc_vendor` (`entry`, `slot`, `item`, `maxcount`, `incrtime`, `ExtendedCost`, `VerifiedBuild`) VALUES('4001002', '0', '21840', '0', '0', '0', '0');
REPLACE INTO `npc_vendor` (`entry`, `slot`, `item`, `maxcount`, `incrtime`, `ExtendedCost`, `VerifiedBuild`) VALUES('4001002', '0', '14341', '0', '0', '0', '0');
REPLACE INTO `npc_vendor` (`entry`, `slot`, `item`, `maxcount`, `incrtime`, `ExtendedCost`, `VerifiedBuild`) VALUES('4002009', '0', '43539', '0', '0', '0', '0');
REPLACE INTO `npc_vendor` (`entry`, `slot`, `item`, `maxcount`, `incrtime`, `ExtendedCost`, `VerifiedBuild`) VALUES('4001010', '0', '22218', '0', '0', '0', '0');
REPLACE INTO `npc_vendor` (`entry`, `slot`, `item`, `maxcount`, `incrtime`, `ExtendedCost`, `VerifiedBuild`) VALUES('4002008', '0', '42460', '0', '0', '0', '0');
REPLACE INTO `npc_vendor` (`entry`, `slot`, `item`, `maxcount`, `incrtime`, `ExtendedCost`, `VerifiedBuild`) VALUES('4002005', '0', '43371', '0', '0', '0', '0');
REPLACE INTO `npc_vendor` (`entry`, `slot`, `item`, `maxcount`, `incrtime`, `ExtendedCost`, `VerifiedBuild`) VALUES('4001002', '0', '21845', '0', '0', '0', '0');
REPLACE INTO `npc_vendor` (`entry`, `slot`, `item`, `maxcount`, `incrtime`, `ExtendedCost`, `VerifiedBuild`) VALUES('4002009', '0', '43553', '0', '0', '0', '0');
REPLACE INTO `npc_vendor` (`entry`, `slot`, `item`, `maxcount`, `incrtime`, `ExtendedCost`, `VerifiedBuild`) VALUES('4003001', '0', '6783', '0', '0', '0', '0');
REPLACE INTO `npc_vendor` (`entry`, `slot`, `item`, `maxcount`, `incrtime`, `ExtendedCost`, `VerifiedBuild`) VALUES('4002010', '0', '43430', '0', '0', '0', '0');
REPLACE INTO `npc_vendor` (`entry`, `slot`, `item`, `maxcount`, `incrtime`, `ExtendedCost`, `VerifiedBuild`) VALUES('4001004', '0', '23427', '0', '0', '0', '0');
REPLACE INTO `npc_vendor` (`entry`, `slot`, `item`, `maxcount`, `incrtime`, `ExtendedCost`, `VerifiedBuild`) VALUES('4002006', '0', '45743', '0', '0', '0', '0');
REPLACE INTO `npc_vendor` (`entry`, `slot`, `item`, `maxcount`, `incrtime`, `ExtendedCost`, `VerifiedBuild`) VALUES('4001002', '0', '2997', '0', '0', '0', '0');
REPLACE INTO `npc_vendor` (`entry`, `slot`, `item`, `maxcount`, `incrtime`, `ExtendedCost`, `VerifiedBuild`) VALUES('4001007', '0', '36923', '0', '0', '0', '0');
REPLACE INTO `npc_vendor` (`entry`, `slot`, `item`, `maxcount`, `incrtime`, `ExtendedCost`, `VerifiedBuild`) VALUES('4003003', '0', '43854', '0', '0', '0', '0');
REPLACE INTO `npc_vendor` (`entry`, `slot`, `item`, `maxcount`, `incrtime`, `ExtendedCost`, `VerifiedBuild`) VALUES('4002007', '0', '41538', '0', '0', '0', '0');
REPLACE INTO `npc_vendor` (`entry`, `slot`, `item`, `maxcount`, `incrtime`, `ExtendedCost`, `VerifiedBuild`) VALUES('4002003', '0', '44684', '0', '0', '0', '0');
REPLACE INTO `npc_vendor` (`entry`, `slot`, `item`, `maxcount`, `incrtime`, `ExtendedCost`, `VerifiedBuild`) VALUES('4003001', '0', '5851', '0', '0', '0', '0');
REPLACE INTO `npc_vendor` (`entry`, `slot`, `item`, `maxcount`, `incrtime`, `ExtendedCost`, `VerifiedBuild`) VALUES('4002006', '0', '41095', '0', '0', '0', '0');
REPLACE INTO `npc_vendor` (`entry`, `slot`, `item`, `maxcount`, `incrtime`, `ExtendedCost`, `VerifiedBuild`) VALUES('4002006', '0', '41098', '0', '0', '0', '0');
REPLACE INTO `npc_vendor` (`entry`, `slot`, `item`, `maxcount`, `incrtime`, `ExtendedCost`, `VerifiedBuild`) VALUES('4001009', '0', '21823', '0', '0', '0', '0');
REPLACE INTO `npc_vendor` (`entry`, `slot`, `item`, `maxcount`, `incrtime`, `ExtendedCost`, `VerifiedBuild`) VALUES('4001010', '0', '22158', '0', '0', '0', '0');
REPLACE INTO `npc_vendor` (`entry`, `slot`, `item`, `maxcount`, `incrtime`, `ExtendedCost`, `VerifiedBuild`) VALUES('4003001', '0', '5517', '0', '0', '0', '0');
REPLACE INTO `npc_vendor` (`entry`, `slot`, `item`, `maxcount`, `incrtime`, `ExtendedCost`, `VerifiedBuild`) VALUES('4001003', '0', '2318', '0', '0', '0', '0');
REPLACE INTO `npc_vendor` (`entry`, `slot`, `item`, `maxcount`, `incrtime`, `ExtendedCost`, `VerifiedBuild`) VALUES('4003002', '0', '31705', '0', '0', '0', '0');
REPLACE INTO `npc_vendor` (`entry`, `slot`, `item`, `maxcount`, `incrtime`, `ExtendedCost`, `VerifiedBuild`) VALUES('4003003', '0', '39264', '0', '0', '0', '0');
REPLACE INTO `npc_vendor` (`entry`, `slot`, `item`, `maxcount`, `incrtime`, `ExtendedCost`, `VerifiedBuild`) VALUES('4002006', '0', '45742', '0', '0', '0', '0');
REPLACE INTO `npc_vendor` (`entry`, `slot`, `item`, `maxcount`, `incrtime`, `ExtendedCost`, `VerifiedBuild`) VALUES('4002008', '0', '42454', '0', '0', '0', '0');
REPLACE INTO `npc_vendor` (`entry`, `slot`, `item`, `maxcount`, `incrtime`, `ExtendedCost`, `VerifiedBuild`) VALUES('4003002', '0', '33061', '0', '0', '0', '0');
REPLACE INTO `npc_vendor` (`entry`, `slot`, `item`, `maxcount`, `incrtime`, `ExtendedCost`, `VerifiedBuild`) VALUES('4001001', '0', '35624', '0', '0', '0', '0');
REPLACE INTO `npc_vendor` (`entry`, `slot`, `item`, `maxcount`, `incrtime`, `ExtendedCost`, `VerifiedBuild`) VALUES('4003003', '0', '40732', '0', '0', '0', '0');
REPLACE INTO `npc_vendor` (`entry`, `slot`, `item`, `maxcount`, `incrtime`, `ExtendedCost`, `VerifiedBuild`) VALUES('4001001', '0', '37705', '0', '0', '0', '0');
REPLACE INTO `npc_vendor` (`entry`, `slot`, `item`, `maxcount`, `incrtime`, `ExtendedCost`, `VerifiedBuild`) VALUES('4001009', '0', '21831', '0', '0', '0', '0');
REPLACE INTO `npc_vendor` (`entry`, `slot`, `item`, `maxcount`, `incrtime`, `ExtendedCost`, `VerifiedBuild`) VALUES('4001007', '0', '32231', '0', '0', '0', '0');
REPLACE INTO `npc_vendor` (`entry`, `slot`, `item`, `maxcount`, `incrtime`, `ExtendedCost`, `VerifiedBuild`) VALUES('4002005', '0', '43373', '0', '0', '0', '0');
REPLACE INTO `npc_vendor` (`entry`, `slot`, `item`, `maxcount`, `incrtime`, `ExtendedCost`, `VerifiedBuild`) VALUES('4002009', '0', '43552', '0', '0', '0', '0');
REPLACE INTO `npc_vendor` (`entry`, `slot`, `item`, `maxcount`, `incrtime`, `ExtendedCost`, `VerifiedBuild`) VALUES('4002004', '0', '45625', '0', '0', '0', '0');
REPLACE INTO `npc_vendor` (`entry`, `slot`, `item`, `maxcount`, `incrtime`, `ExtendedCost`, `VerifiedBuild`) VALUES('4003001', '0', '5020', '0', '0', '0', '0');
REPLACE INTO `npc_vendor` (`entry`, `slot`, `item`, `maxcount`, `incrtime`, `ExtendedCost`, `VerifiedBuild`) VALUES('4001005', '0', '3369', '0', '0', '0', '0');
REPLACE INTO `npc_vendor` (`entry`, `slot`, `item`, `maxcount`, `incrtime`, `ExtendedCost`, `VerifiedBuild`) VALUES('4001009', '0', '21747', '0', '0', '0', '0');
REPLACE INTO `npc_vendor` (`entry`, `slot`, `item`, `maxcount`, `incrtime`, `ExtendedCost`, `VerifiedBuild`) VALUES('4001010', '0', '22178', '0', '0', '0', '0');
REPLACE INTO `npc_vendor` (`entry`, `slot`, `item`, `maxcount`, `incrtime`, `ExtendedCost`, `VerifiedBuild`) VALUES('4002003', '0', '44955', '0', '0', '0', '0');
REPLACE INTO `npc_vendor` (`entry`, `slot`, `item`, `maxcount`, `incrtime`, `ExtendedCost`, `VerifiedBuild`) VALUES('4003004', '9', '17029', '0', '0', '0', '0');
REPLACE INTO `npc_vendor` (`entry`, `slot`, `item`, `maxcount`, `incrtime`, `ExtendedCost`, `VerifiedBuild`) VALUES('4001006', '0', '41741', '0', '0', '0', '0');
REPLACE INTO `npc_vendor` (`entry`, `slot`, `item`, `maxcount`, `incrtime`, `ExtendedCost`, `VerifiedBuild`) VALUES('4002001', '0', '45761', '0', '0', '0', '0');
REPLACE INTO `npc_vendor` (`entry`, `slot`, `item`, `maxcount`, `incrtime`, `ExtendedCost`, `VerifiedBuild`) VALUES('4001005', '0', '765', '0', '0', '0', '0');
REPLACE INTO `npc_vendor` (`entry`, `slot`, `item`, `maxcount`, `incrtime`, `ExtendedCost`, `VerifiedBuild`) VALUES('4002010', '0', '43413', '0', '0', '0', '0');
REPLACE INTO `npc_vendor` (`entry`, `slot`, `item`, `maxcount`, `incrtime`, `ExtendedCost`, `VerifiedBuild`) VALUES('4003001', '0', '4485', '0', '0', '0', '0');
REPLACE INTO `npc_vendor` (`entry`, `slot`, `item`, `maxcount`, `incrtime`, `ExtendedCost`, `VerifiedBuild`) VALUES('4003002', '0', '30794', '0', '0', '0', '0');
REPLACE INTO `npc_vendor` (`entry`, `slot`, `item`, `maxcount`, `incrtime`, `ExtendedCost`, `VerifiedBuild`) VALUES('4001005', '0', '8831', '0', '0', '0', '0');
REPLACE INTO `npc_vendor` (`entry`, `slot`, `item`, `maxcount`, `incrtime`, `ExtendedCost`, `VerifiedBuild`) VALUES('4002002', '0', '43674', '0', '0', '0', '0');
REPLACE INTO `npc_vendor` (`entry`, `slot`, `item`, `maxcount`, `incrtime`, `ExtendedCost`, `VerifiedBuild`) VALUES('4002010', '0', '43429', '0', '0', '0', '0');
REPLACE INTO `npc_vendor` (`entry`, `slot`, `item`, `maxcount`, `incrtime`, `ExtendedCost`, `VerifiedBuild`) VALUES('4001003', '0', '4234', '0', '0', '0', '0');
REPLACE INTO `npc_vendor` (`entry`, `slot`, `item`, `maxcount`, `incrtime`, `ExtendedCost`, `VerifiedBuild`) VALUES('4002007', '0', '41552', '0', '0', '0', '0');
REPLACE INTO `npc_vendor` (`entry`, `slot`, `item`, `maxcount`, `incrtime`, `ExtendedCost`, `VerifiedBuild`) VALUES('4002002', '0', '40920', '0', '0', '0', '0');
REPLACE INTO `npc_vendor` (`entry`, `slot`, `item`, `maxcount`, `incrtime`, `ExtendedCost`, `VerifiedBuild`) VALUES('4001009', '0', '17405', '0', '0', '0', '0');
REPLACE INTO `npc_vendor` (`entry`, `slot`, `item`, `maxcount`, `incrtime`, `ExtendedCost`, `VerifiedBuild`) VALUES('4003004', '1', '2512', '0', '0', '0', '0');
REPLACE INTO `npc_vendor` (`entry`, `slot`, `item`, `maxcount`, `incrtime`, `ExtendedCost`, `VerifiedBuild`) VALUES('4002006', '0', '43365', '0', '0', '0', '0');
REPLACE INTO `npc_vendor` (`entry`, `slot`, `item`, `maxcount`, `incrtime`, `ExtendedCost`, `VerifiedBuild`) VALUES('4001003', '0', '38557', '0', '0', '0', '0');
REPLACE INTO `npc_vendor` (`entry`, `slot`, `item`, `maxcount`, `incrtime`, `ExtendedCost`, `VerifiedBuild`) VALUES('4003004', '3', '42991', '0', '0', '0', '0');
REPLACE INTO `npc_vendor` (`entry`, `slot`, `item`, `maxcount`, `incrtime`, `ExtendedCost`, `VerifiedBuild`) VALUES('4002010', '0', '43414', '0', '0', '0', '0');
REPLACE INTO `npc_vendor` (`entry`, `slot`, `item`, `maxcount`, `incrtime`, `ExtendedCost`, `VerifiedBuild`) VALUES('4001001', '0', '37702', '0', '0', '0', '0');
REPLACE INTO `npc_vendor` (`entry`, `slot`, `item`, `maxcount`, `incrtime`, `ExtendedCost`, `VerifiedBuild`) VALUES('4002004', '0', '43354', '0', '0', '0', '0');
REPLACE INTO `npc_vendor` (`entry`, `slot`, `item`, `maxcount`, `incrtime`, `ExtendedCost`, `VerifiedBuild`) VALUES('4003001', '0', '7923', '0', '0', '0', '0');
REPLACE INTO `npc_vendor` (`entry`, `slot`, `item`, `maxcount`, `incrtime`, `ExtendedCost`, `VerifiedBuild`) VALUES('4003003', '0', '43650', '0', '0', '0', '0');
REPLACE INTO `npc_vendor` (`entry`, `slot`, `item`, `maxcount`, `incrtime`, `ExtendedCost`, `VerifiedBuild`) VALUES('4002001', '0', '42971', '0', '0', '0', '0');
REPLACE INTO `npc_vendor` (`entry`, `slot`, `item`, `maxcount`, `incrtime`, `ExtendedCost`, `VerifiedBuild`) VALUES('4002006', '0', '41102', '0', '0', '0', '0');
REPLACE INTO `npc_vendor` (`entry`, `slot`, `item`, `maxcount`, `incrtime`, `ExtendedCost`, `VerifiedBuild`) VALUES('4002003', '0', '43339', '0', '0', '0', '0');
REPLACE INTO `npc_vendor` (`entry`, `slot`, `item`, `maxcount`, `incrtime`, `ExtendedCost`, `VerifiedBuild`) VALUES('4001009', '0', '21817', '0', '0', '0', '0');
REPLACE INTO `npc_vendor` (`entry`, `slot`, `item`, `maxcount`, `incrtime`, `ExtendedCost`, `VerifiedBuild`) VALUES('4003003', '0', '39227', '0', '0', '0', '0');
REPLACE INTO `npc_vendor` (`entry`, `slot`, `item`, `maxcount`, `incrtime`, `ExtendedCost`, `VerifiedBuild`) VALUES('4001004', '0', '2771', '0', '0', '0', '0');
REPLACE INTO `npc_vendor` (`entry`, `slot`, `item`, `maxcount`, `incrtime`, `ExtendedCost`, `VerifiedBuild`) VALUES('4002003', '0', '45738', '0', '0', '0', '0');
REPLACE INTO `npc_vendor` (`entry`, `slot`, `item`, `maxcount`, `incrtime`, `ExtendedCost`, `VerifiedBuild`) VALUES('4002006', '0', '41108', '0', '0', '0', '0');
REPLACE INTO `npc_vendor` (`entry`, `slot`, `item`, `maxcount`, `incrtime`, `ExtendedCost`, `VerifiedBuild`) VALUES('4001001', '0', '21886', '0', '0', '0', '0');
REPLACE INTO `npc_vendor` (`entry`, `slot`, `item`, `maxcount`, `incrtime`, `ExtendedCost`, `VerifiedBuild`) VALUES('4003001', '0', '5518', '0', '0', '0', '0');
REPLACE INTO `npc_vendor` (`entry`, `slot`, `item`, `maxcount`, `incrtime`, `ExtendedCost`, `VerifiedBuild`) VALUES('4003001', '0', '8148', '0', '0', '0', '0');
REPLACE INTO `npc_vendor` (`entry`, `slot`, `item`, `maxcount`, `incrtime`, `ExtendedCost`, `VerifiedBuild`) VALUES('4003001', '0', '3467', '0', '0', '0', '0');
REPLACE INTO `npc_vendor` (`entry`, `slot`, `item`, `maxcount`, `incrtime`, `ExtendedCost`, `VerifiedBuild`) VALUES('4001002', '0', '14227', '0', '0', '0', '0');
REPLACE INTO `npc_vendor` (`entry`, `slot`, `item`, `maxcount`, `incrtime`, `ExtendedCost`, `VerifiedBuild`) VALUES('4003002', '0', '31316', '0', '0', '0', '0');
REPLACE INTO `npc_vendor` (`entry`, `slot`, `item`, `maxcount`, `incrtime`, `ExtendedCost`, `VerifiedBuild`) VALUES('4001009', '0', '21981', '0', '0', '0', '0');
REPLACE INTO `npc_vendor` (`entry`, `slot`, `item`, `maxcount`, `incrtime`, `ExtendedCost`, `VerifiedBuild`) VALUES('4002009', '0', '43536', '0', '0', '0', '0');
REPLACE INTO `npc_vendor` (`entry`, `slot`, `item`, `maxcount`, `incrtime`, `ExtendedCost`, `VerifiedBuild`) VALUES('4002001', '0', '42958', '0', '0', '0', '0');
REPLACE INTO `npc_vendor` (`entry`, `slot`, `item`, `maxcount`, `incrtime`, `ExtendedCost`, `VerifiedBuild`) VALUES('4001005', '0', '2447', '0', '0', '0', '0');
REPLACE INTO `npc_vendor` (`entry`, `slot`, `item`, `maxcount`, `incrtime`, `ExtendedCost`, `VerifiedBuild`) VALUES('4002001', '0', '43377', '0', '0', '0', '0');
REPLACE INTO `npc_vendor` (`entry`, `slot`, `item`, `maxcount`, `incrtime`, `ExtendedCost`, `VerifiedBuild`) VALUES('4001007', '0', '36930', '0', '0', '0', '0');
REPLACE INTO `npc_vendor` (`entry`, `slot`, `item`, `maxcount`, `incrtime`, `ExtendedCost`, `VerifiedBuild`) VALUES('4001001', '0', '7082', '0', '0', '0', '0');
REPLACE INTO `npc_vendor` (`entry`, `slot`, `item`, `maxcount`, `incrtime`, `ExtendedCost`, `VerifiedBuild`) VALUES('4002007', '0', '41531', '0', '0', '0', '0');
REPLACE INTO `npc_vendor` (`entry`, `slot`, `item`, `maxcount`, `incrtime`, `ExtendedCost`, `VerifiedBuild`) VALUES('4001004', '0', '7966', '0', '0', '0', '0');
REPLACE INTO `npc_vendor` (`entry`, `slot`, `item`, `maxcount`, `incrtime`, `ExtendedCost`, `VerifiedBuild`) VALUES('4003004', '2', '21843', '0', '0', '0', '0');
REPLACE INTO `npc_vendor` (`entry`, `slot`, `item`, `maxcount`, `incrtime`, `ExtendedCost`, `VerifiedBuild`) VALUES('4003002', '0', '31664', '0', '0', '0', '0');
REPLACE INTO `npc_vendor` (`entry`, `slot`, `item`, `maxcount`, `incrtime`, `ExtendedCost`, `VerifiedBuild`) VALUES('4001006', '0', '11083', '0', '0', '0', '0');
REPLACE INTO `npc_vendor` (`entry`, `slot`, `item`, `maxcount`, `incrtime`, `ExtendedCost`, `VerifiedBuild`) VALUES('4003004', '1', '11285', '0', '0', '0', '0');
REPLACE INTO `npc_vendor` (`entry`, `slot`, `item`, `maxcount`, `incrtime`, `ExtendedCost`, `VerifiedBuild`) VALUES('4001006', '0', '11130', '0', '0', '0', '0');
REPLACE INTO `npc_vendor` (`entry`, `slot`, `item`, `maxcount`, `incrtime`, `ExtendedCost`, `VerifiedBuild`) VALUES('4002008', '0', '42470', '0', '0', '0', '0');
REPLACE INTO `npc_vendor` (`entry`, `slot`, `item`, `maxcount`, `incrtime`, `ExtendedCost`, `VerifiedBuild`) VALUES('4001005', '0', '2453', '0', '0', '0', '0');
REPLACE INTO `npc_vendor` (`entry`, `slot`, `item`, `maxcount`, `incrtime`, `ExtendedCost`, `VerifiedBuild`) VALUES('4001007', '0', '24479', '0', '0', '0', '0');
REPLACE INTO `npc_vendor` (`entry`, `slot`, `item`, `maxcount`, `incrtime`, `ExtendedCost`, `VerifiedBuild`) VALUES('4002006', '0', '43869', '0', '0', '0', '0');
REPLACE INTO `npc_vendor` (`entry`, `slot`, `item`, `maxcount`, `incrtime`, `ExtendedCost`, `VerifiedBuild`) VALUES('4001007', '0', '21929', '0', '0', '0', '0');
REPLACE INTO `npc_vendor` (`entry`, `slot`, `item`, `maxcount`, `incrtime`, `ExtendedCost`, `VerifiedBuild`) VALUES('4003001', '0', '11602', '0', '0', '0', '0');
REPLACE INTO `npc_vendor` (`entry`, `slot`, `item`, `maxcount`, `incrtime`, `ExtendedCost`, `VerifiedBuild`) VALUES('4002004', '0', '42899', '0', '0', '0', '0');
REPLACE INTO `npc_vendor` (`entry`, `slot`, `item`, `maxcount`, `incrtime`, `ExtendedCost`, `VerifiedBuild`) VALUES('4002007', '0', '43381', '0', '0', '0', '0');
REPLACE INTO `npc_vendor` (`entry`, `slot`, `item`, `maxcount`, `incrtime`, `ExtendedCost`, `VerifiedBuild`) VALUES('4003004', '3', '42948', '0', '0', '0', '0');
REPLACE INTO `npc_vendor` (`entry`, `slot`, `item`, `maxcount`, `incrtime`, `ExtendedCost`, `VerifiedBuild`) VALUES('4001009', '0', '21591', '0', '0', '0', '0');
REPLACE INTO `npc_vendor` (`entry`, `slot`, `item`, `maxcount`, `incrtime`, `ExtendedCost`, `VerifiedBuild`) VALUES('4002005', '0', '42401', '0', '0', '0', '0');
REPLACE INTO `npc_vendor` (`entry`, `slot`, `item`, `maxcount`, `incrtime`, `ExtendedCost`, `VerifiedBuild`) VALUES('4003004', '1', '2519', '0', '0', '0', '0');
REPLACE INTO `npc_vendor` (`entry`, `slot`, `item`, `maxcount`, `incrtime`, `ExtendedCost`, `VerifiedBuild`) VALUES('4003002', '0', '32092', '0', '0', '0', '0');
REPLACE INTO `npc_vendor` (`entry`, `slot`, `item`, `maxcount`, `incrtime`, `ExtendedCost`, `VerifiedBuild`) VALUES('4001003', '0', '8168', '0', '0', '0', '0');
REPLACE INTO `npc_vendor` (`entry`, `slot`, `item`, `maxcount`, `incrtime`, `ExtendedCost`, `VerifiedBuild`) VALUES('4002001', '0', '42966', '0', '0', '0', '0');
REPLACE INTO `npc_vendor` (`entry`, `slot`, `item`, `maxcount`, `incrtime`, `ExtendedCost`, `VerifiedBuild`) VALUES('4003002', '0', '31655', '0', '0', '0', '0');
REPLACE INTO `npc_vendor` (`entry`, `slot`, `item`, `maxcount`, `incrtime`, `ExtendedCost`, `VerifiedBuild`) VALUES('4001007', '0', '11382', '0', '0', '0', '0');
REPLACE INTO `npc_vendor` (`entry`, `slot`, `item`, `maxcount`, `incrtime`, `ExtendedCost`, `VerifiedBuild`) VALUES('4001003', '0', '15412', '0', '0', '0', '0');
REPLACE INTO `npc_vendor` (`entry`, `slot`, `item`, `maxcount`, `incrtime`, `ExtendedCost`, `VerifiedBuild`) VALUES('4002003', '0', '45737', '0', '0', '0', '0');
REPLACE INTO `npc_vendor` (`entry`, `slot`, `item`, `maxcount`, `incrtime`, `ExtendedCost`, `VerifiedBuild`) VALUES('4001007', '0', '23107', '0', '0', '0', '0');
REPLACE INTO `npc_vendor` (`entry`, `slot`, `item`, `maxcount`, `incrtime`, `ExtendedCost`, `VerifiedBuild`) VALUES('4003004', '9', '22148', '0', '0', '0', '0');
REPLACE INTO `npc_vendor` (`entry`, `slot`, `item`, `maxcount`, `incrtime`, `ExtendedCost`, `VerifiedBuild`) VALUES('4002003', '0', '42744', '0', '0', '0', '0');
REPLACE INTO `npc_vendor` (`entry`, `slot`, `item`, `maxcount`, `incrtime`, `ExtendedCost`, `VerifiedBuild`) VALUES('4001010', '0', '22161', '0', '0', '0', '0');
REPLACE INTO `npc_vendor` (`entry`, `slot`, `item`, `maxcount`, `incrtime`, `ExtendedCost`, `VerifiedBuild`) VALUES('4003002', '0', '27808', '0', '0', '0', '0');
REPLACE INTO `npc_vendor` (`entry`, `slot`, `item`, `maxcount`, `incrtime`, `ExtendedCost`, `VerifiedBuild`) VALUES('4001003', '0', '29548', '0', '0', '0', '0');
REPLACE INTO `npc_vendor` (`entry`, `slot`, `item`, `maxcount`, `incrtime`, `ExtendedCost`, `VerifiedBuild`) VALUES('4003004', '1', '28053', '0', '0', '0', '0');
REPLACE INTO `npc_vendor` (`entry`, `slot`, `item`, `maxcount`, `incrtime`, `ExtendedCost`, `VerifiedBuild`) VALUES('4001007', '0', '12364', '0', '0', '0', '0');
REPLACE INTO `npc_vendor` (`entry`, `slot`, `item`, `maxcount`, `incrtime`, `ExtendedCost`, `VerifiedBuild`) VALUES('4001009', '0', '21560', '0', '0', '0', '0');
REPLACE INTO `npc_vendor` (`entry`, `slot`, `item`, `maxcount`, `incrtime`, `ExtendedCost`, `VerifiedBuild`) VALUES('4003001', '0', '3499', '0', '0', '0', '0');
REPLACE INTO `npc_vendor` (`entry`, `slot`, `item`, `maxcount`, `incrtime`, `ExtendedCost`, `VerifiedBuild`) VALUES('4003004', '3', '44092', '0', '0', '0', '0');
REPLACE INTO `npc_vendor` (`entry`, `slot`, `item`, `maxcount`, `incrtime`, `ExtendedCost`, `VerifiedBuild`) VALUES('4003004', '1', '11284', '0', '0', '0', '0');
REPLACE INTO `npc_vendor` (`entry`, `slot`, `item`, `maxcount`, `incrtime`, `ExtendedCost`, `VerifiedBuild`) VALUES('4002005', '0', '45760', '0', '0', '0', '0');
REPLACE INTO `npc_vendor` (`entry`, `slot`, `item`, `maxcount`, `incrtime`, `ExtendedCost`, `VerifiedBuild`) VALUES('4001006', '0', '10940', '0', '0', '0', '0');
REPLACE INTO `npc_vendor` (`entry`, `slot`, `item`, `maxcount`, `incrtime`, `ExtendedCost`, `VerifiedBuild`) VALUES('4003001', '0', '21761', '0', '0', '0', '0');
REPLACE INTO `npc_vendor` (`entry`, `slot`, `item`, `maxcount`, `incrtime`, `ExtendedCost`, `VerifiedBuild`) VALUES('4001003', '0', '19768', '0', '0', '0', '0');
REPLACE INTO `npc_vendor` (`entry`, `slot`, `item`, `maxcount`, `incrtime`, `ExtendedCost`, `VerifiedBuild`) VALUES('4002003', '0', '42737', '0', '0', '0', '0');
REPLACE INTO `npc_vendor` (`entry`, `slot`, `item`, `maxcount`, `incrtime`, `ExtendedCost`, `VerifiedBuild`) VALUES('4001004', '0', '3576', '0', '0', '0', '0');
REPLACE INTO `npc_vendor` (`entry`, `slot`, `item`, `maxcount`, `incrtime`, `ExtendedCost`, `VerifiedBuild`) VALUES('4002006', '0', '41101', '0', '0', '0', '0');
REPLACE INTO `npc_vendor` (`entry`, `slot`, `item`, `maxcount`, `incrtime`, `ExtendedCost`, `VerifiedBuild`) VALUES('4003001', '0', '15878', '0', '0', '0', '0');
REPLACE INTO `npc_vendor` (`entry`, `slot`, `item`, `maxcount`, `incrtime`, `ExtendedCost`, `VerifiedBuild`) VALUES('4001005', '0', '2449', '0', '0', '0', '0');
REPLACE INTO `npc_vendor` (`entry`, `slot`, `item`, `maxcount`, `incrtime`, `ExtendedCost`, `VerifiedBuild`) VALUES('4003003', '0', '43853', '0', '0', '0', '0');
REPLACE INTO `npc_vendor` (`entry`, `slot`, `item`, `maxcount`, `incrtime`, `ExtendedCost`, `VerifiedBuild`) VALUES('4002007', '0', '41540', '0', '0', '0', '0');
REPLACE INTO `npc_vendor` (`entry`, `slot`, `item`, `maxcount`, `incrtime`, `ExtendedCost`, `VerifiedBuild`) VALUES('4002008', '0', '43393', '0', '0', '0', '0');
REPLACE INTO `npc_vendor` (`entry`, `slot`, `item`, `maxcount`, `incrtime`, `ExtendedCost`, `VerifiedBuild`) VALUES('4001010', '0', '22143', '0', '0', '0', '0');
REPLACE INTO `npc_vendor` (`entry`, `slot`, `item`, `maxcount`, `incrtime`, `ExtendedCost`, `VerifiedBuild`) VALUES('4003001', '0', '5689', '0', '0', '0', '0');
REPLACE INTO `npc_vendor` (`entry`, `slot`, `item`, `maxcount`, `incrtime`, `ExtendedCost`, `VerifiedBuild`) VALUES('4003004', '1', '3030', '0', '0', '0', '0');
REPLACE INTO `npc_vendor` (`entry`, `slot`, `item`, `maxcount`, `incrtime`, `ExtendedCost`, `VerifiedBuild`) VALUES('4001001', '0', '37701', '0', '0', '0', '0');
REPLACE INTO `npc_vendor` (`entry`, `slot`, `item`, `maxcount`, `incrtime`, `ExtendedCost`, `VerifiedBuild`) VALUES('4001006', '0', '11128', '0', '0', '0', '0');
REPLACE INTO `npc_vendor` (`entry`, `slot`, `item`, `maxcount`, `incrtime`, `ExtendedCost`, `VerifiedBuild`) VALUES('4002004', '0', '42904', '0', '0', '0', '0');
REPLACE INTO `npc_vendor` (`entry`, `slot`, `item`, `maxcount`, `incrtime`, `ExtendedCost`, `VerifiedBuild`) VALUES('4001010', '0', '22154', '0', '0', '0', '0');
REPLACE INTO `npc_vendor` (`entry`, `slot`, `item`, `maxcount`, `incrtime`, `ExtendedCost`, `VerifiedBuild`) VALUES('4003002', '0', '30633', '0', '0', '0', '0');
REPLACE INTO `npc_vendor` (`entry`, `slot`, `item`, `maxcount`, `incrtime`, `ExtendedCost`, `VerifiedBuild`) VALUES('4001009', '0', '21562', '0', '0', '0', '0');
REPLACE INTO `npc_vendor` (`entry`, `slot`, `item`, `maxcount`, `incrtime`, `ExtendedCost`, `VerifiedBuild`) VALUES('4002002', '0', '43331', '0', '0', '0', '0');
REPLACE INTO `npc_vendor` (`entry`, `slot`, `item`, `maxcount`, `incrtime`, `ExtendedCost`, `VerifiedBuild`) VALUES('4003001', '0', '6210', '0', '0', '0', '0');
REPLACE INTO `npc_vendor` (`entry`, `slot`, `item`, `maxcount`, `incrtime`, `ExtendedCost`, `VerifiedBuild`) VALUES('4003004', '3', '44101', '0', '0', '0', '0');
REPLACE INTO `npc_vendor` (`entry`, `slot`, `item`, `maxcount`, `incrtime`, `ExtendedCost`, `VerifiedBuild`) VALUES('4001006', '0', '25845', '0', '0', '0', '0');
REPLACE INTO `npc_vendor` (`entry`, `slot`, `item`, `maxcount`, `incrtime`, `ExtendedCost`, `VerifiedBuild`) VALUES('4001010', '0', '22134', '0', '0', '0', '0');
REPLACE INTO `npc_vendor` (`entry`, `slot`, `item`, `maxcount`, `incrtime`, `ExtendedCost`, `VerifiedBuild`) VALUES('4001007', '0', '5500', '0', '0', '0', '0');
REPLACE INTO `npc_vendor` (`entry`, `slot`, `item`, `maxcount`, `incrtime`, `ExtendedCost`, `VerifiedBuild`) VALUES('4002005', '0', '45756', '0', '0', '0', '0');
REPLACE INTO `npc_vendor` (`entry`, `slot`, `item`, `maxcount`, `incrtime`, `ExtendedCost`, `VerifiedBuild`) VALUES('4001010', '0', '22145', '0', '0', '0', '0');
REPLACE INTO `npc_vendor` (`entry`, `slot`, `item`, `maxcount`, `incrtime`, `ExtendedCost`, `VerifiedBuild`) VALUES('4001006', '0', '22450', '0', '0', '0', '0');
REPLACE INTO `npc_vendor` (`entry`, `slot`, `item`, `maxcount`, `incrtime`, `ExtendedCost`, `VerifiedBuild`) VALUES('4002004', '0', '42914', '0', '0', '0', '0');
REPLACE INTO `npc_vendor` (`entry`, `slot`, `item`, `maxcount`, `incrtime`, `ExtendedCost`, `VerifiedBuild`) VALUES('4001010', '0', '22167', '0', '0', '0', '0');
REPLACE INTO `npc_vendor` (`entry`, `slot`, `item`, `maxcount`, `incrtime`, `ExtendedCost`, `VerifiedBuild`) VALUES('4001003', '0', '4232', '0', '0', '0', '0');
REPLACE INTO `npc_vendor` (`entry`, `slot`, `item`, `maxcount`, `incrtime`, `ExtendedCost`, `VerifiedBuild`) VALUES('4001003', '0', '38558', '0', '0', '0', '0');
REPLACE INTO `npc_vendor` (`entry`, `slot`, `item`, `maxcount`, `incrtime`, `ExtendedCost`, `VerifiedBuild`) VALUES('4002001', '0', '42974', '0', '0', '0', '0');
REPLACE INTO `npc_vendor` (`entry`, `slot`, `item`, `maxcount`, `incrtime`, `ExtendedCost`, `VerifiedBuild`) VALUES('4001006', '0', '41745', '0', '0', '0', '0');
REPLACE INTO `npc_vendor` (`entry`, `slot`, `item`, `maxcount`, `incrtime`, `ExtendedCost`, `VerifiedBuild`) VALUES('4002009', '0', '43550', '0', '0', '0', '0');
REPLACE INTO `npc_vendor` (`entry`, `slot`, `item`, `maxcount`, `incrtime`, `ExtendedCost`, `VerifiedBuild`) VALUES('4001005', '0', '22785', '0', '0', '0', '0');
REPLACE INTO `npc_vendor` (`entry`, `slot`, `item`, `maxcount`, `incrtime`, `ExtendedCost`, `VerifiedBuild`) VALUES('4001001', '0', '22457', '0', '0', '0', '0');
REPLACE INTO `npc_vendor` (`entry`, `slot`, `item`, `maxcount`, `incrtime`, `ExtendedCost`, `VerifiedBuild`) VALUES('4002009', '0', '43548', '0', '0', '0', '0');
REPLACE INTO `npc_vendor` (`entry`, `slot`, `item`, `maxcount`, `incrtime`, `ExtendedCost`, `VerifiedBuild`) VALUES('4002006', '0', '43340', '0', '0', '0', '0');
REPLACE INTO `npc_vendor` (`entry`, `slot`, `item`, `maxcount`, `incrtime`, `ExtendedCost`, `VerifiedBuild`) VALUES('4002003', '0', '43362', '0', '0', '0', '0');
REPLACE INTO `npc_vendor` (`entry`, `slot`, `item`, `maxcount`, `incrtime`, `ExtendedCost`, `VerifiedBuild`) VALUES('4002002', '0', '40906', '0', '0', '0', '0');
REPLACE INTO `npc_vendor` (`entry`, `slot`, `item`, `maxcount`, `incrtime`, `ExtendedCost`, `VerifiedBuild`) VALUES('4001009', '0', '21816', '0', '0', '0', '0');
REPLACE INTO `npc_vendor` (`entry`, `slot`, `item`, `maxcount`, `incrtime`, `ExtendedCost`, `VerifiedBuild`) VALUES('4003001', '0', '4103', '0', '0', '0', '0');
REPLACE INTO `npc_vendor` (`entry`, `slot`, `item`, `maxcount`, `incrtime`, `ExtendedCost`, `VerifiedBuild`) VALUES('4001003', '0', '5082', '0', '0', '0', '0');
REPLACE INTO `npc_vendor` (`entry`, `slot`, `item`, `maxcount`, `incrtime`, `ExtendedCost`, `VerifiedBuild`) VALUES('4003004', '3', '48718', '0', '0', '0', '0');
REPLACE INTO `npc_vendor` (`entry`, `slot`, `item`, `maxcount`, `incrtime`, `ExtendedCost`, `VerifiedBuild`) VALUES('4002006', '0', '45746', '0', '0', '0', '0');
REPLACE INTO `npc_vendor` (`entry`, `slot`, `item`, `maxcount`, `incrtime`, `ExtendedCost`, `VerifiedBuild`) VALUES('4001003', '0', '8167', '0', '0', '0', '0');
REPLACE INTO `npc_vendor` (`entry`, `slot`, `item`, `maxcount`, `incrtime`, `ExtendedCost`, `VerifiedBuild`) VALUES('4001001', '0', '22572', '0', '0', '0', '0');
REPLACE INTO `npc_vendor` (`entry`, `slot`, `item`, `maxcount`, `incrtime`, `ExtendedCost`, `VerifiedBuild`) VALUES('4002001', '0', '42970', '0', '0', '0', '0');
REPLACE INTO `npc_vendor` (`entry`, `slot`, `item`, `maxcount`, `incrtime`, `ExtendedCost`, `VerifiedBuild`) VALUES('4002007', '0', '41532', '0', '0', '0', '0');
REPLACE INTO `npc_vendor` (`entry`, `slot`, `item`, `maxcount`, `incrtime`, `ExtendedCost`, `VerifiedBuild`) VALUES('4003004', '3', '42950', '0', '0', '0', '0');
REPLACE INTO `npc_vendor` (`entry`, `slot`, `item`, `maxcount`, `incrtime`, `ExtendedCost`, `VerifiedBuild`) VALUES('4001006', '0', '16203', '0', '0', '0', '0');
REPLACE INTO `npc_vendor` (`entry`, `slot`, `item`, `maxcount`, `incrtime`, `ExtendedCost`, `VerifiedBuild`) VALUES('4003004', '9', '21177', '0', '0', '0', '0');
REPLACE INTO `npc_vendor` (`entry`, `slot`, `item`, `maxcount`, `incrtime`, `ExtendedCost`, `VerifiedBuild`) VALUES('4002005', '0', '43374', '0', '0', '0', '0');
REPLACE INTO `npc_vendor` (`entry`, `slot`, `item`, `maxcount`, `incrtime`, `ExtendedCost`, `VerifiedBuild`) VALUES('4002006', '0', '41103', '0', '0', '0', '0');
REPLACE INTO `npc_vendor` (`entry`, `slot`, `item`, `maxcount`, `incrtime`, `ExtendedCost`, `VerifiedBuild`) VALUES('4002008', '0', '42469', '0', '0', '0', '0');
REPLACE INTO `npc_vendor` (`entry`, `slot`, `item`, `maxcount`, `incrtime`, `ExtendedCost`, `VerifiedBuild`) VALUES('4001007', '0', '818', '0', '0', '0', '0');
REPLACE INTO `npc_vendor` (`entry`, `slot`, `item`, `maxcount`, `incrtime`, `ExtendedCost`, `VerifiedBuild`) VALUES('4001010', '0', '22123', '0', '0', '0', '0');
REPLACE INTO `npc_vendor` (`entry`, `slot`, `item`, `maxcount`, `incrtime`, `ExtendedCost`, `VerifiedBuild`) VALUES('4003001', '0', '15872', '0', '0', '0', '0');
REPLACE INTO `npc_vendor` (`entry`, `slot`, `item`, `maxcount`, `incrtime`, `ExtendedCost`, `VerifiedBuild`) VALUES('4002009', '0', '45800', '0', '0', '0', '0');
REPLACE INTO `npc_vendor` (`entry`, `slot`, `item`, `maxcount`, `incrtime`, `ExtendedCost`, `VerifiedBuild`) VALUES('4001006', '0', '34053', '0', '0', '0', '0');
REPLACE INTO `npc_vendor` (`entry`, `slot`, `item`, `maxcount`, `incrtime`, `ExtendedCost`, `VerifiedBuild`) VALUES('4002007', '0', '43388', '0', '0', '0', '0');
REPLACE INTO `npc_vendor` (`entry`, `slot`, `item`, `maxcount`, `incrtime`, `ExtendedCost`, `VerifiedBuild`) VALUES('4001004', '0', '7911', '0', '0', '0', '0');
REPLACE INTO `npc_vendor` (`entry`, `slot`, `item`, `maxcount`, `incrtime`, `ExtendedCost`, `VerifiedBuild`) VALUES('4002003', '0', '42750', '0', '0', '0', '0');
REPLACE INTO `npc_vendor` (`entry`, `slot`, `item`, `maxcount`, `incrtime`, `ExtendedCost`, `VerifiedBuild`) VALUES('4001001', '0', '7972', '0', '0', '0', '0');
REPLACE INTO `npc_vendor` (`entry`, `slot`, `item`, `maxcount`, `incrtime`, `ExtendedCost`, `VerifiedBuild`) VALUES('4001005', '0', '37921', '0', '0', '0', '0');
REPLACE INTO `npc_vendor` (`entry`, `slot`, `item`, `maxcount`, `incrtime`, `ExtendedCost`, `VerifiedBuild`) VALUES('4001009', '0', '22119', '0', '0', '0', '0');
REPLACE INTO `npc_vendor` (`entry`, `slot`, `item`, `maxcount`, `incrtime`, `ExtendedCost`, `VerifiedBuild`) VALUES('4002001', '0', '43379', '0', '0', '0', '0');
REPLACE INTO `npc_vendor` (`entry`, `slot`, `item`, `maxcount`, `incrtime`, `ExtendedCost`, `VerifiedBuild`) VALUES('4001007', '0', '45054', '0', '0', '0', '0');
REPLACE INTO `npc_vendor` (`entry`, `slot`, `item`, `maxcount`, `incrtime`, `ExtendedCost`, `VerifiedBuild`) VALUES('4001005', '0', '36905', '0', '0', '0', '0');
REPLACE INTO `npc_vendor` (`entry`, `slot`, `item`, `maxcount`, `incrtime`, `ExtendedCost`, `VerifiedBuild`) VALUES('4003003', '0', '37500', '0', '0', '0', '0');
REPLACE INTO `npc_vendor` (`entry`, `slot`, `item`, `maxcount`, `incrtime`, `ExtendedCost`, `VerifiedBuild`) VALUES('4001001', '0', '21884', '0', '0', '0', '0');
REPLACE INTO `npc_vendor` (`entry`, `slot`, `item`, `maxcount`, `incrtime`, `ExtendedCost`, `VerifiedBuild`) VALUES('4001004', '0', '2835', '0', '0', '0', '0');
REPLACE INTO `npc_vendor` (`entry`, `slot`, `item`, `maxcount`, `incrtime`, `ExtendedCost`, `VerifiedBuild`) VALUES('4002010', '0', '43398', '0', '0', '0', '0');
REPLACE INTO `npc_vendor` (`entry`, `slot`, `item`, `maxcount`, `incrtime`, `ExtendedCost`, `VerifiedBuild`) VALUES('4001002', '0', '23854', '0', '0', '0', '0');
REPLACE INTO `npc_vendor` (`entry`, `slot`, `item`, `maxcount`, `incrtime`, `ExtendedCost`, `VerifiedBuild`) VALUES('4001006', '0', '34055', '0', '0', '0', '0');
REPLACE INTO `npc_vendor` (`entry`, `slot`, `item`, `maxcount`, `incrtime`, `ExtendedCost`, `VerifiedBuild`) VALUES('4001010', '0', '22288', '0', '0', '0', '0');
REPLACE INTO `npc_vendor` (`entry`, `slot`, `item`, `maxcount`, `incrtime`, `ExtendedCost`, `VerifiedBuild`) VALUES('4003001', '0', '17262', '0', '0', '0', '0');
REPLACE INTO `npc_vendor` (`entry`, `slot`, `item`, `maxcount`, `incrtime`, `ExtendedCost`, `VerifiedBuild`) VALUES('4003002', '0', '30623', '0', '0', '0', '0');
REPLACE INTO `npc_vendor` (`entry`, `slot`, `item`, `maxcount`, `incrtime`, `ExtendedCost`, `VerifiedBuild`) VALUES('4002003', '0', '42738', '0', '0', '0', '0');
REPLACE INTO `npc_vendor` (`entry`, `slot`, `item`, `maxcount`, `incrtime`, `ExtendedCost`, `VerifiedBuild`) VALUES('4003001', '0', '6209', '0', '0', '0', '0');
REPLACE INTO `npc_vendor` (`entry`, `slot`, `item`, `maxcount`, `incrtime`, `ExtendedCost`, `VerifiedBuild`) VALUES('4001009', '0', '21577', '0', '0', '0', '0');
REPLACE INTO `npc_vendor` (`entry`, `slot`, `item`, `maxcount`, `incrtime`, `ExtendedCost`, `VerifiedBuild`) VALUES('4003004', '3', '42984', '0', '0', '0', '0');
REPLACE INTO `npc_vendor` (`entry`, `slot`, `item`, `maxcount`, `incrtime`, `ExtendedCost`, `VerifiedBuild`) VALUES('4002001', '0', '45762', '0', '0', '0', '0');
REPLACE INTO `npc_vendor` (`entry`, `slot`, `item`, `maxcount`, `incrtime`, `ExtendedCost`, `VerifiedBuild`) VALUES('4003004', '1', '28060', '0', '0', '0', '0');
REPLACE INTO `npc_vendor` (`entry`, `slot`, `item`, `maxcount`, `incrtime`, `ExtendedCost`, `VerifiedBuild`) VALUES('4002002', '0', '40923', '0', '0', '0', '0');
REPLACE INTO `npc_vendor` (`entry`, `slot`, `item`, `maxcount`, `incrtime`, `ExtendedCost`, `VerifiedBuild`) VALUES('4001005', '0', '22786', '0', '0', '0', '0');
REPLACE INTO `npc_vendor` (`entry`, `slot`, `item`, `maxcount`, `incrtime`, `ExtendedCost`, `VerifiedBuild`) VALUES('4003004', '3', '44102', '0', '0', '0', '0');
REPLACE INTO `npc_vendor` (`entry`, `slot`, `item`, `maxcount`, `incrtime`, `ExtendedCost`, `VerifiedBuild`) VALUES('4001001', '0', '35625', '0', '0', '0', '0');
REPLACE INTO `npc_vendor` (`entry`, `slot`, `item`, `maxcount`, `incrtime`, `ExtendedCost`, `VerifiedBuild`) VALUES('4001006', '0', '10939', '0', '0', '0', '0');
REPLACE INTO `npc_vendor` (`entry`, `slot`, `item`, `maxcount`, `incrtime`, `ExtendedCost`, `VerifiedBuild`) VALUES('4002009', '0', '43826', '0', '0', '0', '0');
REPLACE INTO `npc_vendor` (`entry`, `slot`, `item`, `maxcount`, `incrtime`, `ExtendedCost`, `VerifiedBuild`) VALUES('4003004', '3', '42943', '0', '0', '0', '0');
REPLACE INTO `npc_vendor` (`entry`, `slot`, `item`, `maxcount`, `incrtime`, `ExtendedCost`, `VerifiedBuild`) VALUES('4002005', '0', '42403', '0', '0', '0', '0');
REPLACE INTO `npc_vendor` (`entry`, `slot`, `item`, `maxcount`, `incrtime`, `ExtendedCost`, `VerifiedBuild`) VALUES('4001004', '0', '36910', '0', '0', '0', '0');
REPLACE INTO `npc_vendor` (`entry`, `slot`, `item`, `maxcount`, `incrtime`, `ExtendedCost`, `VerifiedBuild`) VALUES('4003004', '3', '44107', '0', '0', '0', '0');
REPLACE INTO `npc_vendor` (`entry`, `slot`, `item`, `maxcount`, `incrtime`, `ExtendedCost`, `VerifiedBuild`) VALUES('4001003', '0', '6471', '0', '0', '0', '0');
REPLACE INTO `npc_vendor` (`entry`, `slot`, `item`, `maxcount`, `incrtime`, `ExtendedCost`, `VerifiedBuild`) VALUES('4001003', '0', '44128', '0', '0', '0', '0');
REPLACE INTO `npc_vendor` (`entry`, `slot`, `item`, `maxcount`, `incrtime`, `ExtendedCost`, `VerifiedBuild`) VALUES('4002007', '0', '41541', '0', '0', '0', '0');
REPLACE INTO `npc_vendor` (`entry`, `slot`, `item`, `maxcount`, `incrtime`, `ExtendedCost`, `VerifiedBuild`) VALUES('4003001', '0', '15767', '0', '0', '0', '0');
REPLACE INTO `npc_vendor` (`entry`, `slot`, `item`, `maxcount`, `incrtime`, `ExtendedCost`, `VerifiedBuild`) VALUES('4002009', '0', '43534', '0', '0', '0', '0');
REPLACE INTO `npc_vendor` (`entry`, `slot`, `item`, `maxcount`, `incrtime`, `ExtendedCost`, `VerifiedBuild`) VALUES('4002010', '0', '45793', '0', '0', '0', '0');
REPLACE INTO `npc_vendor` (`entry`, `slot`, `item`, `maxcount`, `incrtime`, `ExtendedCost`, `VerifiedBuild`) VALUES('4002001', '0', '42955', '0', '0', '0', '0');
REPLACE INTO `npc_vendor` (`entry`, `slot`, `item`, `maxcount`, `incrtime`, `ExtendedCost`, `VerifiedBuild`) VALUES('4002010', '0', '43426', '0', '0', '0', '0');
REPLACE INTO `npc_vendor` (`entry`, `slot`, `item`, `maxcount`, `incrtime`, `ExtendedCost`, `VerifiedBuild`) VALUES('4001009', '0', '21569', '0', '0', '0', '0');
REPLACE INTO `npc_vendor` (`entry`, `slot`, `item`, `maxcount`, `incrtime`, `ExtendedCost`, `VerifiedBuild`) VALUES('4002009', '0', '43549', '0', '0', '0', '0');
REPLACE INTO `npc_vendor` (`entry`, `slot`, `item`, `maxcount`, `incrtime`, `ExtendedCost`, `VerifiedBuild`) VALUES('4003004', '1', '41584', '0', '0', '0', '0');
REPLACE INTO `npc_vendor` (`entry`, `slot`, `item`, `maxcount`, `incrtime`, `ExtendedCost`, `VerifiedBuild`) VALUES('4001007', '0', '36932', '0', '0', '0', '0');
REPLACE INTO `npc_vendor` (`entry`, `slot`, `item`, `maxcount`, `incrtime`, `ExtendedCost`, `VerifiedBuild`) VALUES('4002001', '0', '42954', '0', '0', '0', '0');
REPLACE INTO `npc_vendor` (`entry`, `slot`, `item`, `maxcount`, `incrtime`, `ExtendedCost`, `VerifiedBuild`) VALUES('4001004', '0', '2770', '0', '0', '0', '0');
REPLACE INTO `npc_vendor` (`entry`, `slot`, `item`, `maxcount`, `incrtime`, `ExtendedCost`, `VerifiedBuild`) VALUES('4001009', '0', '21571', '0', '0', '0', '0');
REPLACE INTO `npc_vendor` (`entry`, `slot`, `item`, `maxcount`, `incrtime`, `ExtendedCost`, `VerifiedBuild`) VALUES('4003004', '9', '5060', '0', '0', '0', '0');
REPLACE INTO `npc_vendor` (`entry`, `slot`, `item`, `maxcount`, `incrtime`, `ExtendedCost`, `VerifiedBuild`) VALUES('4002008', '0', '45789', '0', '0', '0', '0');
REPLACE INTO `npc_vendor` (`entry`, `slot`, `item`, `maxcount`, `incrtime`, `ExtendedCost`, `VerifiedBuild`) VALUES('4001007', '0', '1206', '0', '0', '0', '0');
REPLACE INTO `npc_vendor` (`entry`, `slot`, `item`, `maxcount`, `incrtime`, `ExtendedCost`, `VerifiedBuild`) VALUES('4002009', '0', '43533', '0', '0', '0', '0');
REPLACE INTO `npc_vendor` (`entry`, `slot`, `item`, `maxcount`, `incrtime`, `ExtendedCost`, `VerifiedBuild`) VALUES('4001007', '0', '36918', '0', '0', '0', '0');
REPLACE INTO `npc_vendor` (`entry`, `slot`, `item`, `maxcount`, `incrtime`, `ExtendedCost`, `VerifiedBuild`) VALUES('4001004', '0', '23424', '0', '0', '0', '0');
REPLACE INTO `npc_vendor` (`entry`, `slot`, `item`, `maxcount`, `incrtime`, `ExtendedCost`, `VerifiedBuild`) VALUES('4001007', '0', '23117', '0', '0', '0', '0');
REPLACE INTO `npc_vendor` (`entry`, `slot`, `item`, `maxcount`, `incrtime`, `ExtendedCost`, `VerifiedBuild`) VALUES('4002001', '0', '42965', '0', '0', '0', '0');
REPLACE INTO `npc_vendor` (`entry`, `slot`, `item`, `maxcount`, `incrtime`, `ExtendedCost`, `VerifiedBuild`) VALUES('4001003', '0', '12810', '0', '0', '0', '0');
REPLACE INTO `npc_vendor` (`entry`, `slot`, `item`, `maxcount`, `incrtime`, `ExtendedCost`, `VerifiedBuild`) VALUES('4001005', '0', '3818', '0', '0', '0', '0');
REPLACE INTO `npc_vendor` (`entry`, `slot`, `item`, `maxcount`, `incrtime`, `ExtendedCost`, `VerifiedBuild`) VALUES('4003004', '1', '3033', '0', '0', '0', '0');
REPLACE INTO `npc_vendor` (`entry`, `slot`, `item`, `maxcount`, `incrtime`, `ExtendedCost`, `VerifiedBuild`) VALUES('4002008', '0', '42465', '0', '0', '0', '0');
REPLACE INTO `npc_vendor` (`entry`, `slot`, `item`, `maxcount`, `incrtime`, `ExtendedCost`, `VerifiedBuild`) VALUES('4002007', '0', '44923', '0', '0', '0', '0');
REPLACE INTO `npc_vendor` (`entry`, `slot`, `item`, `maxcount`, `incrtime`, `ExtendedCost`, `VerifiedBuild`) VALUES('4001009', '0', '21833', '0', '0', '0', '0');
REPLACE INTO `npc_vendor` (`entry`, `slot`, `item`, `maxcount`, `incrtime`, `ExtendedCost`, `VerifiedBuild`) VALUES('4001004', '0', '12365', '0', '0', '0', '0');
REPLACE INTO `npc_vendor` (`entry`, `slot`, `item`, `maxcount`, `incrtime`, `ExtendedCost`, `VerifiedBuild`) VALUES('4001006', '0', '34054', '0', '0', '0', '0');
REPLACE INTO `npc_vendor` (`entry`, `slot`, `item`, `maxcount`, `incrtime`, `ExtendedCost`, `VerifiedBuild`) VALUES('4003004', '9', '44614', '0', '0', '0', '0');
REPLACE INTO `npc_vendor` (`entry`, `slot`, `item`, `maxcount`, `incrtime`, `ExtendedCost`, `VerifiedBuild`) VALUES('4001004', '0', '2841', '0', '0', '0', '0');
REPLACE INTO `npc_vendor` (`entry`, `slot`, `item`, `maxcount`, `incrtime`, `ExtendedCost`, `VerifiedBuild`) VALUES('4003004', '1', '2516', '0', '0', '0', '0');
REPLACE INTO `npc_vendor` (`entry`, `slot`, `item`, `maxcount`, `incrtime`, `ExtendedCost`, `VerifiedBuild`) VALUES('4002009', '0', '43554', '0', '0', '0', '0');
REPLACE INTO `npc_vendor` (`entry`, `slot`, `item`, `maxcount`, `incrtime`, `ExtendedCost`, `VerifiedBuild`) VALUES('4003001', '0', '19064', '0', '0', '0', '0');
REPLACE INTO `npc_vendor` (`entry`, `slot`, `item`, `maxcount`, `incrtime`, `ExtendedCost`, `VerifiedBuild`) VALUES('4001001', '0', '36860', '0', '0', '0', '0');
REPLACE INTO `npc_vendor` (`entry`, `slot`, `item`, `maxcount`, `incrtime`, `ExtendedCost`, `VerifiedBuild`) VALUES('4003004', '9', '17056', '0', '0', '0', '0');
REPLACE INTO `npc_vendor` (`entry`, `slot`, `item`, `maxcount`, `incrtime`, `ExtendedCost`, `VerifiedBuild`) VALUES('4002002', '0', '43334', '0', '0', '0', '0');
REPLACE INTO `npc_vendor` (`entry`, `slot`, `item`, `maxcount`, `incrtime`, `ExtendedCost`, `VerifiedBuild`) VALUES('4001007', '0', '3864', '0', '0', '0', '0');
REPLACE INTO `npc_vendor` (`entry`, `slot`, `item`, `maxcount`, `incrtime`, `ExtendedCost`, `VerifiedBuild`) VALUES('4002009', '0', '43541', '0', '0', '0', '0');
REPLACE INTO `npc_vendor` (`entry`, `slot`, `item`, `maxcount`, `incrtime`, `ExtendedCost`, `VerifiedBuild`) VALUES('4001006', '0', '16202', '0', '0', '0', '0');
REPLACE INTO `npc_vendor` (`entry`, `slot`, `item`, `maxcount`, `incrtime`, `ExtendedCost`, `VerifiedBuild`) VALUES('4002004', '0', '43356', '0', '0', '0', '0');
REPLACE INTO `npc_vendor` (`entry`, `slot`, `item`, `maxcount`, `incrtime`, `ExtendedCost`, `VerifiedBuild`) VALUES('4001007', '0', '32228', '0', '0', '0', '0');
REPLACE INTO `npc_vendor` (`entry`, `slot`, `item`, `maxcount`, `incrtime`, `ExtendedCost`, `VerifiedBuild`) VALUES('4001006', '0', '11084', '0', '0', '0', '0');
REPLACE INTO `npc_vendor` (`entry`, `slot`, `item`, `maxcount`, `incrtime`, `ExtendedCost`, `VerifiedBuild`) VALUES('4001007', '0', '32230', '0', '0', '0', '0');
REPLACE INTO `npc_vendor` (`entry`, `slot`, `item`, `maxcount`, `incrtime`, `ExtendedCost`, `VerifiedBuild`) VALUES('4001010', '0', '37816', '0', '0', '0', '0');
REPLACE INTO `npc_vendor` (`entry`, `slot`, `item`, `maxcount`, `incrtime`, `ExtendedCost`, `VerifiedBuild`) VALUES('4001002', '0', '41595', '0', '0', '0', '0');
REPLACE INTO `npc_vendor` (`entry`, `slot`, `item`, `maxcount`, `incrtime`, `ExtendedCost`, `VerifiedBuild`) VALUES('4001003', '0', '21887', '0', '0', '0', '0');
REPLACE INTO `npc_vendor` (`entry`, `slot`, `item`, `maxcount`, `incrtime`, `ExtendedCost`, `VerifiedBuild`) VALUES('4003004', '1', '28061', '0', '0', '0', '0');
REPLACE INTO `npc_vendor` (`entry`, `slot`, `item`, `maxcount`, `incrtime`, `ExtendedCost`, `VerifiedBuild`) VALUES('4001010', '0', '35557', '0', '0', '0', '0');
REPLACE INTO `npc_vendor` (`entry`, `slot`, `item`, `maxcount`, `incrtime`, `ExtendedCost`, `VerifiedBuild`) VALUES('4002007', '0', '41517', '0', '0', '0', '0');
REPLACE INTO `npc_vendor` (`entry`, `slot`, `item`, `maxcount`, `incrtime`, `ExtendedCost`, `VerifiedBuild`) VALUES('4002003', '0', '43364', '0', '0', '0', '0');
REPLACE INTO `npc_vendor` (`entry`, `slot`, `item`, `maxcount`, `incrtime`, `ExtendedCost`, `VerifiedBuild`) VALUES('4001003', '0', '15417', '0', '0', '0', '0');
REPLACE INTO `npc_vendor` (`entry`, `slot`, `item`, `maxcount`, `incrtime`, `ExtendedCost`, `VerifiedBuild`) VALUES('4003002', '0', '31956', '0', '0', '0', '0');
REPLACE INTO `npc_vendor` (`entry`, `slot`, `item`, `maxcount`, `incrtime`, `ExtendedCost`, `VerifiedBuild`) VALUES('4001003', '0', '6470', '0', '0', '0', '0');
REPLACE INTO `npc_vendor` (`entry`, `slot`, `item`, `maxcount`, `incrtime`, `ExtendedCost`, `VerifiedBuild`) VALUES('4002010', '0', '43422', '0', '0', '0', '0');
REPLACE INTO `npc_vendor` (`entry`, `slot`, `item`, `maxcount`, `incrtime`, `ExtendedCost`, `VerifiedBuild`) VALUES('4001003', '0', '7286', '0', '0', '0', '0');
REPLACE INTO `npc_vendor` (`entry`, `slot`, `item`, `maxcount`, `incrtime`, `ExtendedCost`, `VerifiedBuild`) VALUES('4001005', '0', '2452', '0', '0', '0', '0');
REPLACE INTO `npc_vendor` (`entry`, `slot`, `item`, `maxcount`, `incrtime`, `ExtendedCost`, `VerifiedBuild`) VALUES('4001003', '0', '4461', '0', '0', '0', '0');
REPLACE INTO `npc_vendor` (`entry`, `slot`, `item`, `maxcount`, `incrtime`, `ExtendedCost`, `VerifiedBuild`) VALUES('4001003', '0', '38561', '0', '0', '0', '0');
REPLACE INTO `npc_vendor` (`entry`, `slot`, `item`, `maxcount`, `incrtime`, `ExtendedCost`, `VerifiedBuild`) VALUES('4001005', '0', '8838', '0', '0', '0', '0');
REPLACE INTO `npc_vendor` (`entry`, `slot`, `item`, `maxcount`, `incrtime`, `ExtendedCost`, `VerifiedBuild`) VALUES('4003004', '9', '17037', '0', '0', '0', '0');
REPLACE INTO `npc_vendor` (`entry`, `slot`, `item`, `maxcount`, `incrtime`, `ExtendedCost`, `VerifiedBuild`) VALUES('4001001', '0', '7081', '0', '0', '0', '0');
REPLACE INTO `npc_vendor` (`entry`, `slot`, `item`, `maxcount`, `incrtime`, `ExtendedCost`, `VerifiedBuild`) VALUES('4001006', '0', '44451', '0', '0', '0', '0');
REPLACE INTO `npc_vendor` (`entry`, `slot`, `item`, `maxcount`, `incrtime`, `ExtendedCost`, `VerifiedBuild`) VALUES('4002003', '0', '45736', '0', '0', '0', '0');
REPLACE INTO `npc_vendor` (`entry`, `slot`, `item`, `maxcount`, `incrtime`, `ExtendedCost`, `VerifiedBuild`) VALUES('4001009', '0', '21818', '0', '0', '0', '0');
REPLACE INTO `npc_vendor` (`entry`, `slot`, `item`, `maxcount`, `incrtime`, `ExtendedCost`, `VerifiedBuild`) VALUES('4001010', '0', '22135', '0', '0', '0', '0');
REPLACE INTO `npc_vendor` (`entry`, `slot`, `item`, `maxcount`, `incrtime`, `ExtendedCost`, `VerifiedBuild`) VALUES('4001006', '0', '14343', '0', '0', '0', '0');
REPLACE INTO `npc_vendor` (`entry`, `slot`, `item`, `maxcount`, `incrtime`, `ExtendedCost`, `VerifiedBuild`) VALUES('4002006', '0', '41100', '0', '0', '0', '0');
REPLACE INTO `npc_vendor` (`entry`, `slot`, `item`, `maxcount`, `incrtime`, `ExtendedCost`, `VerifiedBuild`) VALUES('4003002', '0', '34477', '0', '0', '0', '0');
REPLACE INTO `npc_vendor` (`entry`, `slot`, `item`, `maxcount`, `incrtime`, `ExtendedCost`, `VerifiedBuild`) VALUES('4003003', '0', '41428', '0', '0', '0', '0');
REPLACE INTO `npc_vendor` (`entry`, `slot`, `item`, `maxcount`, `incrtime`, `ExtendedCost`, `VerifiedBuild`) VALUES('4001007', '0', '1210', '0', '0', '0', '0');
REPLACE INTO `npc_vendor` (`entry`, `slot`, `item`, `maxcount`, `incrtime`, `ExtendedCost`, `VerifiedBuild`) VALUES('4002010', '0', '43416', '0', '0', '0', '0');
REPLACE INTO `npc_vendor` (`entry`, `slot`, `item`, `maxcount`, `incrtime`, `ExtendedCost`, `VerifiedBuild`) VALUES('4003002', '0', '31084', '0', '0', '0', '0');
REPLACE INTO `npc_vendor` (`entry`, `slot`, `item`, `maxcount`, `incrtime`, `ExtendedCost`, `VerifiedBuild`) VALUES('4002003', '0', '43359', '0', '0', '0', '0');
REPLACE INTO `npc_vendor` (`entry`, `slot`, `item`, `maxcount`, `incrtime`, `ExtendedCost`, `VerifiedBuild`) VALUES('4001003', '0', '4235', '0', '0', '0', '0');
REPLACE INTO `npc_vendor` (`entry`, `slot`, `item`, `maxcount`, `incrtime`, `ExtendedCost`, `VerifiedBuild`) VALUES('4002005', '0', '42414', '0', '0', '0', '0');
REPLACE INTO `npc_vendor` (`entry`, `slot`, `item`, `maxcount`, `incrtime`, `ExtendedCost`, `VerifiedBuild`) VALUES('4003002', '0', '32449', '0', '0', '0', '0');
REPLACE INTO `npc_vendor` (`entry`, `slot`, `item`, `maxcount`, `incrtime`, `ExtendedCost`, `VerifiedBuild`) VALUES('4003004', '9', '17024', '0', '0', '0', '0');
REPLACE INTO `npc_vendor` (`entry`, `slot`, `item`, `maxcount`, `incrtime`, `ExtendedCost`, `VerifiedBuild`) VALUES('4001003', '0', '8154', '0', '0', '0', '0');
REPLACE INTO `npc_vendor` (`entry`, `slot`, `item`, `maxcount`, `incrtime`, `ExtendedCost`, `VerifiedBuild`) VALUES('4002009', '0', '43672', '0', '0', '0', '0');
REPLACE INTO `npc_vendor` (`entry`, `slot`, `item`, `maxcount`, `incrtime`, `ExtendedCost`, `VerifiedBuild`) VALUES('4001007', '0', '12799', '0', '0', '0', '0');
REPLACE INTO `npc_vendor` (`entry`, `slot`, `item`, `maxcount`, `incrtime`, `ExtendedCost`, `VerifiedBuild`) VALUES('4001004', '0', '3478', '0', '0', '0', '0');
REPLACE INTO `npc_vendor` (`entry`, `slot`, `item`, `maxcount`, `incrtime`, `ExtendedCost`, `VerifiedBuild`) VALUES('4001003', '0', '8150', '0', '0', '0', '0');
REPLACE INTO `npc_vendor` (`entry`, `slot`, `item`, `maxcount`, `incrtime`, `ExtendedCost`, `VerifiedBuild`) VALUES('4001010', '0', '22287', '0', '0', '0', '0');
REPLACE INTO `npc_vendor` (`entry`, `slot`, `item`, `maxcount`, `incrtime`, `ExtendedCost`, `VerifiedBuild`) VALUES('4001002', '0', '4339', '0', '0', '0', '0');
REPLACE INTO `npc_vendor` (`entry`, `slot`, `item`, `maxcount`, `incrtime`, `ExtendedCost`, `VerifiedBuild`) VALUES('4003004', '3', '42952', '0', '0', '0', '0');
REPLACE INTO `npc_vendor` (`entry`, `slot`, `item`, `maxcount`, `incrtime`, `ExtendedCost`, `VerifiedBuild`) VALUES('4001010', '0', '22155', '0', '0', '0', '0');
REPLACE INTO `npc_vendor` (`entry`, `slot`, `item`, `maxcount`, `incrtime`, `ExtendedCost`, `VerifiedBuild`) VALUES('4002006', '0', '41107', '0', '0', '0', '0');
REPLACE INTO `npc_vendor` (`entry`, `slot`, `item`, `maxcount`, `incrtime`, `ExtendedCost`, `VerifiedBuild`) VALUES('4003001', '0', '20022', '0', '0', '0', '0');
REPLACE INTO `npc_vendor` (`entry`, `slot`, `item`, `maxcount`, `incrtime`, `ExtendedCost`, `VerifiedBuild`) VALUES('4003004', '3', '44100', '0', '0', '0', '0');
REPLACE INTO `npc_vendor` (`entry`, `slot`, `item`, `maxcount`, `incrtime`, `ExtendedCost`, `VerifiedBuild`) VALUES('4002003', '0', '45739', '0', '0', '0', '0');
REPLACE INTO `npc_vendor` (`entry`, `slot`, `item`, `maxcount`, `incrtime`, `ExtendedCost`, `VerifiedBuild`) VALUES('4001001', '0', '22456', '0', '0', '0', '0');
REPLACE INTO `npc_vendor` (`entry`, `slot`, `item`, `maxcount`, `incrtime`, `ExtendedCost`, `VerifiedBuild`) VALUES('4002002', '0', '40896', '0', '0', '0', '0');
REPLACE INTO `npc_vendor` (`entry`, `slot`, `item`, `maxcount`, `incrtime`, `ExtendedCost`, `VerifiedBuild`) VALUES('4003001', '0', '11140', '0', '0', '0', '0');
REPLACE INTO `npc_vendor` (`entry`, `slot`, `item`, `maxcount`, `incrtime`, `ExtendedCost`, `VerifiedBuild`) VALUES('4002010', '0', '45792', '0', '0', '0', '0');
REPLACE INTO `npc_vendor` (`entry`, `slot`, `item`, `maxcount`, `incrtime`, `ExtendedCost`, `VerifiedBuild`) VALUES('4001005', '0', '4625', '0', '0', '0', '0');
REPLACE INTO `npc_vendor` (`entry`, `slot`, `item`, `maxcount`, `incrtime`, `ExtendedCost`, `VerifiedBuild`) VALUES('4001007', '0', '23079', '0', '0', '0', '0');
REPLACE INTO `npc_vendor` (`entry`, `slot`, `item`, `maxcount`, `incrtime`, `ExtendedCost`, `VerifiedBuild`) VALUES('4002007', '0', '41530', '0', '0', '0', '0');
REPLACE INTO `npc_vendor` (`entry`, `slot`, `item`, `maxcount`, `incrtime`, `ExtendedCost`, `VerifiedBuild`) VALUES('4002010', '0', '43400', '0', '0', '0', '0');
REPLACE INTO `npc_vendor` (`entry`, `slot`, `item`, `maxcount`, `incrtime`, `ExtendedCost`, `VerifiedBuild`) VALUES('4003001', '0', '18268', '0', '0', '0', '0');
REPLACE INTO `npc_vendor` (`entry`, `slot`, `item`, `maxcount`, `incrtime`, `ExtendedCost`, `VerifiedBuild`) VALUES('4001003', '0', '15416', '0', '0', '0', '0');
REPLACE INTO `npc_vendor` (`entry`, `slot`, `item`, `maxcount`, `incrtime`, `ExtendedCost`, `VerifiedBuild`) VALUES('4002010', '0', '43419', '0', '0', '0', '0');
REPLACE INTO `npc_vendor` (`entry`, `slot`, `item`, `maxcount`, `incrtime`, `ExtendedCost`, `VerifiedBuild`) VALUES('4001006', '0', '22446', '0', '0', '0', '0');
REPLACE INTO `npc_vendor` (`entry`, `slot`, `item`, `maxcount`, `incrtime`, `ExtendedCost`, `VerifiedBuild`) VALUES('4001003', '0', '33568', '0', '0', '0', '0');
REPLACE INTO `npc_vendor` (`entry`, `slot`, `item`, `maxcount`, `incrtime`, `ExtendedCost`, `VerifiedBuild`) VALUES('4003004', '3', '48689', '0', '0', '0', '0');
REPLACE INTO `npc_vendor` (`entry`, `slot`, `item`, `maxcount`, `incrtime`, `ExtendedCost`, `VerifiedBuild`) VALUES('4001001', '0', '7068', '0', '0', '0', '0');
REPLACE INTO `npc_vendor` (`entry`, `slot`, `item`, `maxcount`, `incrtime`, `ExtendedCost`, `VerifiedBuild`) VALUES('4001007', '0', '25867', '0', '0', '0', '0');
REPLACE INTO `npc_vendor` (`entry`, `slot`, `item`, `maxcount`, `incrtime`, `ExtendedCost`, `VerifiedBuild`) VALUES('4001006', '0', '44452', '0', '0', '0', '0');
REPLACE INTO `npc_vendor` (`entry`, `slot`, `item`, `maxcount`, `incrtime`, `ExtendedCost`, `VerifiedBuild`) VALUES('4002005', '0', '45758', '0', '0', '0', '0');
REPLACE INTO `npc_vendor` (`entry`, `slot`, `item`, `maxcount`, `incrtime`, `ExtendedCost`, `VerifiedBuild`) VALUES('4001003', '0', '783', '0', '0', '0', '0');
REPLACE INTO `npc_vendor` (`entry`, `slot`, `item`, `maxcount`, `incrtime`, `ExtendedCost`, `VerifiedBuild`) VALUES('4003003', '0', '44153', '0', '0', '0', '0');
REPLACE INTO `npc_vendor` (`entry`, `slot`, `item`, `maxcount`, `incrtime`, `ExtendedCost`, `VerifiedBuild`) VALUES('4003004', '3', '48685', '0', '0', '0', '0');
REPLACE INTO `npc_vendor` (`entry`, `slot`, `item`, `maxcount`, `incrtime`, `ExtendedCost`, `VerifiedBuild`) VALUES('4002004', '0', '42915', '0', '0', '0', '0');
REPLACE INTO `npc_vendor` (`entry`, `slot`, `item`, `maxcount`, `incrtime`, `ExtendedCost`, `VerifiedBuild`) VALUES('4002008', '0', '42467', '0', '0', '0', '0');
REPLACE INTO `npc_vendor` (`entry`, `slot`, `item`, `maxcount`, `incrtime`, `ExtendedCost`, `VerifiedBuild`) VALUES('4002005', '0', '42402', '0', '0', '0', '0');
REPLACE INTO `npc_vendor` (`entry`, `slot`, `item`, `maxcount`, `incrtime`, `ExtendedCost`, `VerifiedBuild`) VALUES('4003004', '3', '48716', '0', '0', '0', '0');
REPLACE INTO `npc_vendor` (`entry`, `slot`, `item`, `maxcount`, `incrtime`, `ExtendedCost`, `VerifiedBuild`) VALUES('4003001', '0', '3930', '0', '0', '0', '0');
REPLACE INTO `npc_vendor` (`entry`, `slot`, `item`, `maxcount`, `incrtime`, `ExtendedCost`, `VerifiedBuild`) VALUES('4002006', '0', '41105', '0', '0', '0', '0');
REPLACE INTO `npc_vendor` (`entry`, `slot`, `item`, `maxcount`, `incrtime`, `ExtendedCost`, `VerifiedBuild`) VALUES('4002003', '0', '42751', '0', '0', '0', '0');
REPLACE INTO `npc_vendor` (`entry`, `slot`, `item`, `maxcount`, `incrtime`, `ExtendedCost`, `VerifiedBuild`) VALUES('4001006', '0', '11135', '0', '0', '0', '0');
REPLACE INTO `npc_vendor` (`entry`, `slot`, `item`, `maxcount`, `incrtime`, `ExtendedCost`, `VerifiedBuild`) VALUES('4002009', '0', '45804', '0', '0', '0', '0');
REPLACE INTO `npc_vendor` (`entry`, `slot`, `item`, `maxcount`, `incrtime`, `ExtendedCost`, `VerifiedBuild`) VALUES('4002007', '0', '43386', '0', '0', '0', '0');
REPLACE INTO `npc_vendor` (`entry`, `slot`, `item`, `maxcount`, `incrtime`, `ExtendedCost`, `VerifiedBuild`) VALUES('4001001', '0', '22573', '0', '0', '0', '0');
REPLACE INTO `npc_vendor` (`entry`, `slot`, `item`, `maxcount`, `incrtime`, `ExtendedCost`, `VerifiedBuild`) VALUES('4003004', '3', '50255', '0', '0', '0', '0');
REPLACE INTO `npc_vendor` (`entry`, `slot`, `item`, `maxcount`, `incrtime`, `ExtendedCost`, `VerifiedBuild`) VALUES('4001006', '0', '11145', '0', '0', '0', '0');
REPLACE INTO `npc_vendor` (`entry`, `slot`, `item`, `maxcount`, `incrtime`, `ExtendedCost`, `VerifiedBuild`) VALUES('4001010', '0', '22290', '0', '0', '0', '0');
REPLACE INTO `npc_vendor` (`entry`, `slot`, `item`, `maxcount`, `incrtime`, `ExtendedCost`, `VerifiedBuild`) VALUES('4002007', '0', '45777', '0', '0', '0', '0');
REPLACE INTO `npc_vendor` (`entry`, `slot`, `item`, `maxcount`, `incrtime`, `ExtendedCost`, `VerifiedBuild`) VALUES('4001010', '0', '22299', '0', '0', '0', '0');
REPLACE INTO `npc_vendor` (`entry`, `slot`, `item`, `maxcount`, `incrtime`, `ExtendedCost`, `VerifiedBuild`) VALUES('4003002', '0', '30442', '0', '0', '0', '0');
REPLACE INTO `npc_vendor` (`entry`, `slot`, `item`, `maxcount`, `incrtime`, `ExtendedCost`, `VerifiedBuild`) VALUES('4003004', '0', '6948', '0', '0', '0', '0');
REPLACE INTO `npc_vendor` (`entry`, `slot`, `item`, `maxcount`, `incrtime`, `ExtendedCost`, `VerifiedBuild`) VALUES('4001009', '0', '21821', '0', '0', '0', '0');
REPLACE INTO `npc_vendor` (`entry`, `slot`, `item`, `maxcount`, `incrtime`, `ExtendedCost`, `VerifiedBuild`) VALUES('4001004', '0', '2772', '0', '0', '0', '0');
REPLACE INTO `npc_vendor` (`entry`, `slot`, `item`, `maxcount`, `incrtime`, `ExtendedCost`, `VerifiedBuild`) VALUES('4001002', '0', '41511', '0', '0', '0', '0');
REPLACE INTO `npc_vendor` (`entry`, `slot`, `item`, `maxcount`, `incrtime`, `ExtendedCost`, `VerifiedBuild`) VALUES('4002001', '0', '42963', '0', '0', '0', '0');
REPLACE INTO `npc_vendor` (`entry`, `slot`, `item`, `maxcount`, `incrtime`, `ExtendedCost`, `VerifiedBuild`) VALUES('4003001', '0', '9249', '0', '0', '0', '0');
REPLACE INTO `npc_vendor` (`entry`, `slot`, `item`, `maxcount`, `incrtime`, `ExtendedCost`, `VerifiedBuild`) VALUES('4002009', '0', '43671', '0', '0', '0', '0');
REPLACE INTO `npc_vendor` (`entry`, `slot`, `item`, `maxcount`, `incrtime`, `ExtendedCost`, `VerifiedBuild`) VALUES('4001005', '0', '36903', '0', '0', '0', '0');
REPLACE INTO `npc_vendor` (`entry`, `slot`, `item`, `maxcount`, `incrtime`, `ExtendedCost`, `VerifiedBuild`) VALUES('4002006', '0', '41097', '0', '0', '0', '0');
REPLACE INTO `npc_vendor` (`entry`, `slot`, `item`, `maxcount`, `incrtime`, `ExtendedCost`, `VerifiedBuild`) VALUES('4003001', '0', '5089', '0', '0', '0', '0');
REPLACE INTO `npc_vendor` (`entry`, `slot`, `item`, `maxcount`, `incrtime`, `ExtendedCost`, `VerifiedBuild`) VALUES('4003001', '0', '10757', '0', '0', '0', '0');
REPLACE INTO `npc_vendor` (`entry`, `slot`, `item`, `maxcount`, `incrtime`, `ExtendedCost`, `VerifiedBuild`) VALUES('4002004', '0', '43350', '0', '0', '0', '0');
REPLACE INTO `npc_vendor` (`entry`, `slot`, `item`, `maxcount`, `incrtime`, `ExtendedCost`, `VerifiedBuild`) VALUES('4002005', '0', '42411', '0', '0', '0', '0');
REPLACE INTO `npc_vendor` (`entry`, `slot`, `item`, `maxcount`, `incrtime`, `ExtendedCost`, `VerifiedBuild`) VALUES('4001001', '0', '35627', '0', '0', '0', '0');
REPLACE INTO `npc_vendor` (`entry`, `slot`, `item`, `maxcount`, `incrtime`, `ExtendedCost`, `VerifiedBuild`) VALUES('4002002', '0', '45604', '0', '0', '0', '0');
REPLACE INTO `npc_vendor` (`entry`, `slot`, `item`, `maxcount`, `incrtime`, `ExtendedCost`, `VerifiedBuild`) VALUES('4003002', '0', '28047', '0', '0', '0', '0');
REPLACE INTO `npc_vendor` (`entry`, `slot`, `item`, `maxcount`, `incrtime`, `ExtendedCost`, `VerifiedBuild`) VALUES('4001003', '0', '5784', '0', '0', '0', '0');
REPLACE INTO `npc_vendor` (`entry`, `slot`, `item`, `maxcount`, `incrtime`, `ExtendedCost`, `VerifiedBuild`) VALUES('4001006', '0', '34056', '0', '0', '0', '0');
REPLACE INTO `npc_vendor` (`entry`, `slot`, `item`, `maxcount`, `incrtime`, `ExtendedCost`, `VerifiedBuild`) VALUES('4001003', '0', '5116', '0', '0', '0', '0');
REPLACE INTO `npc_vendor` (`entry`, `slot`, `item`, `maxcount`, `incrtime`, `ExtendedCost`, `VerifiedBuild`) VALUES('4003001', '0', '8444', '0', '0', '0', '0');
REPLACE INTO `npc_vendor` (`entry`, `slot`, `item`, `maxcount`, `incrtime`, `ExtendedCost`, `VerifiedBuild`) VALUES('4001004', '0', '18567', '0', '0', '0', '0');
REPLACE INTO `npc_vendor` (`entry`, `slot`, `item`, `maxcount`, `incrtime`, `ExtendedCost`, `VerifiedBuild`) VALUES('4003004', '9', '17027', '0', '0', '0', '0');
REPLACE INTO `npc_vendor` (`entry`, `slot`, `item`, `maxcount`, `incrtime`, `ExtendedCost`, `VerifiedBuild`) VALUES('4003001', '0', '13306', '0', '0', '0', '0');
REPLACE INTO `npc_vendor` (`entry`, `slot`, `item`, `maxcount`, `incrtime`, `ExtendedCost`, `VerifiedBuild`) VALUES('4002002', '0', '40900', '0', '0', '0', '0');
REPLACE INTO `npc_vendor` (`entry`, `slot`, `item`, `maxcount`, `incrtime`, `ExtendedCost`, `VerifiedBuild`) VALUES('4001004', '0', '3860', '0', '0', '0', '0');
REPLACE INTO `npc_vendor` (`entry`, `slot`, `item`, `maxcount`, `incrtime`, `ExtendedCost`, `VerifiedBuild`) VALUES('4001003', '0', '4231', '0', '0', '0', '0');
REPLACE INTO `npc_vendor` (`entry`, `slot`, `item`, `maxcount`, `incrtime`, `ExtendedCost`, `VerifiedBuild`) VALUES('4001003', '0', '8165', '0', '0', '0', '0');
REPLACE INTO `npc_vendor` (`entry`, `slot`, `item`, `maxcount`, `incrtime`, `ExtendedCost`, `VerifiedBuild`) VALUES('4003002', '0', '25509', '0', '0', '0', '0');
REPLACE INTO `npc_vendor` (`entry`, `slot`, `item`, `maxcount`, `incrtime`, `ExtendedCost`, `VerifiedBuild`) VALUES('4002003', '0', '44920', '0', '0', '0', '0');
REPLACE INTO `npc_vendor` (`entry`, `slot`, `item`, `maxcount`, `incrtime`, `ExtendedCost`, `VerifiedBuild`) VALUES('4002009', '0', '43673', '0', '0', '0', '0');
REPLACE INTO `npc_vendor` (`entry`, `slot`, `item`, `maxcount`, `incrtime`, `ExtendedCost`, `VerifiedBuild`) VALUES('4003004', '1', '2515', '0', '0', '0', '0');
REPLACE INTO `npc_vendor` (`entry`, `slot`, `item`, `maxcount`, `incrtime`, `ExtendedCost`, `VerifiedBuild`) VALUES('4001004', '0', '41163', '0', '0', '0', '0');
REPLACE INTO `npc_vendor` (`entry`, `slot`, `item`, `maxcount`, `incrtime`, `ExtendedCost`, `VerifiedBuild`) VALUES('4003001', '0', '13704', '0', '0', '0', '0');
REPLACE INTO `npc_vendor` (`entry`, `slot`, `item`, `maxcount`, `incrtime`, `ExtendedCost`, `VerifiedBuild`) VALUES('4002001', '0', '42967', '0', '0', '0', '0');
REPLACE INTO `npc_vendor` (`entry`, `slot`, `item`, `maxcount`, `incrtime`, `ExtendedCost`, `VerifiedBuild`) VALUES('4002002', '0', '40913', '0', '0', '0', '0');
REPLACE INTO `npc_vendor` (`entry`, `slot`, `item`, `maxcount`, `incrtime`, `ExtendedCost`, `VerifiedBuild`) VALUES('4001004', '0', '12655', '0', '0', '0', '0');
REPLACE INTO `npc_vendor` (`entry`, `slot`, `item`, `maxcount`, `incrtime`, `ExtendedCost`, `VerifiedBuild`) VALUES('4001006', '0', '22461', '0', '0', '0', '0');
REPLACE INTO `npc_vendor` (`entry`, `slot`, `item`, `maxcount`, `incrtime`, `ExtendedCost`, `VerifiedBuild`) VALUES('4002005', '0', '45757', '0', '0', '0', '0');
REPLACE INTO `npc_vendor` (`entry`, `slot`, `item`, `maxcount`, `incrtime`, `ExtendedCost`, `VerifiedBuild`) VALUES('4002007', '0', '41547', '0', '0', '0', '0');
REPLACE INTO `npc_vendor` (`entry`, `slot`, `item`, `maxcount`, `incrtime`, `ExtendedCost`, `VerifiedBuild`) VALUES('4003001', '0', '12739', '0', '0', '0', '0');
REPLACE INTO `npc_vendor` (`entry`, `slot`, `item`, `maxcount`, `incrtime`, `ExtendedCost`, `VerifiedBuild`) VALUES('4001004', '0', '36912', '0', '0', '0', '0');
REPLACE INTO `npc_vendor` (`entry`, `slot`, `item`, `maxcount`, `incrtime`, `ExtendedCost`, `VerifiedBuild`) VALUES('4001004', '0', '12360', '0', '0', '0', '0');
REPLACE INTO `npc_vendor` (`entry`, `slot`, `item`, `maxcount`, `incrtime`, `ExtendedCost`, `VerifiedBuild`) VALUES('4003002', '0', '31994', '0', '0', '0', '0');
REPLACE INTO `npc_vendor` (`entry`, `slot`, `item`, `maxcount`, `incrtime`, `ExtendedCost`, `VerifiedBuild`) VALUES('4003002', '0', '30622', '0', '0', '0', '0');
REPLACE INTO `npc_vendor` (`entry`, `slot`, `item`, `maxcount`, `incrtime`, `ExtendedCost`, `VerifiedBuild`) VALUES('4003002', '0', '30426', '0', '0', '0', '0');
REPLACE INTO `npc_vendor` (`entry`, `slot`, `item`, `maxcount`, `incrtime`, `ExtendedCost`, `VerifiedBuild`) VALUES('4001005', '0', '8836', '0', '0', '0', '0');
REPLACE INTO `npc_vendor` (`entry`, `slot`, `item`, `maxcount`, `incrtime`, `ExtendedCost`, `VerifiedBuild`) VALUES('4001007', '0', '24478', '0', '0', '0', '0');
REPLACE INTO `npc_vendor` (`entry`, `slot`, `item`, `maxcount`, `incrtime`, `ExtendedCost`, `VerifiedBuild`) VALUES('4002003', '0', '42747', '0', '0', '0', '0');
REPLACE INTO `npc_vendor` (`entry`, `slot`, `item`, `maxcount`, `incrtime`, `ExtendedCost`, `VerifiedBuild`) VALUES('4002010', '0', '43417', '0', '0', '0', '0');
REPLACE INTO `npc_vendor` (`entry`, `slot`, `item`, `maxcount`, `incrtime`, `ExtendedCost`, `VerifiedBuild`) VALUES('4003001', '0', '6208', '0', '0', '0', '0');
REPLACE INTO `npc_vendor` (`entry`, `slot`, `item`, `maxcount`, `incrtime`, `ExtendedCost`, `VerifiedBuild`) VALUES('4001005', '0', '3358', '0', '0', '0', '0');
REPLACE INTO `npc_vendor` (`entry`, `slot`, `item`, `maxcount`, `incrtime`, `ExtendedCost`, `VerifiedBuild`) VALUES('4001005', '0', '8839', '0', '0', '0', '0');
REPLACE INTO `npc_vendor` (`entry`, `slot`, `item`, `maxcount`, `incrtime`, `ExtendedCost`, `VerifiedBuild`) VALUES('4003003', '0', '33308', '0', '0', '0', '0');
REPLACE INTO `npc_vendor` (`entry`, `slot`, `item`, `maxcount`, `incrtime`, `ExtendedCost`, `VerifiedBuild`) VALUES('4002004', '0', '45735', '0', '0', '0', '0');
REPLACE INTO `npc_vendor` (`entry`, `slot`, `item`, `maxcount`, `incrtime`, `ExtendedCost`, `VerifiedBuild`) VALUES('4003002', '0', '32773', '0', '0', '0', '0');
REPLACE INTO `npc_vendor` (`entry`, `slot`, `item`, `maxcount`, `incrtime`, `ExtendedCost`, `VerifiedBuild`) VALUES('4001009', '0', '21979', '0', '0', '0', '0');
REPLACE INTO `npc_vendor` (`entry`, `slot`, `item`, `maxcount`, `incrtime`, `ExtendedCost`, `VerifiedBuild`) VALUES('4003001', '0', '13303', '0', '0', '0', '0');
REPLACE INTO `npc_vendor` (`entry`, `slot`, `item`, `maxcount`, `incrtime`, `ExtendedCost`, `VerifiedBuild`) VALUES('4001010', '0', '22298', '0', '0', '0', '0');
REPLACE INTO `npc_vendor` (`entry`, `slot`, `item`, `maxcount`, `incrtime`, `ExtendedCost`, `VerifiedBuild`) VALUES('4001002', '0', '14342', '0', '0', '0', '0');
REPLACE INTO `npc_vendor` (`entry`, `slot`, `item`, `maxcount`, `incrtime`, `ExtendedCost`, `VerifiedBuild`) VALUES('4003001', '0', '2629', '0', '0', '0', '0');
REPLACE INTO `npc_vendor` (`entry`, `slot`, `item`, `maxcount`, `incrtime`, `ExtendedCost`, `VerifiedBuild`) VALUES('4002004', '0', '43351', '0', '0', '0', '0');
REPLACE INTO `npc_vendor` (`entry`, `slot`, `item`, `maxcount`, `incrtime`, `ExtendedCost`, `VerifiedBuild`) VALUES('4001010', '0', '22285', '0', '0', '0', '0');
REPLACE INTO `npc_vendor` (`entry`, `slot`, `item`, `maxcount`, `incrtime`, `ExtendedCost`, `VerifiedBuild`) VALUES('4001004', '0', '2775', '0', '0', '0', '0');
REPLACE INTO `npc_vendor` (`entry`, `slot`, `item`, `maxcount`, `incrtime`, `ExtendedCost`, `VerifiedBuild`) VALUES('4003002', '0', '23925', '0', '0', '0', '0');
REPLACE INTO `npc_vendor` (`entry`, `slot`, `item`, `maxcount`, `incrtime`, `ExtendedCost`, `VerifiedBuild`) VALUES('4003003', '0', '40641', '0', '0', '0', '0');
REPLACE INTO `npc_vendor` (`entry`, `slot`, `item`, `maxcount`, `incrtime`, `ExtendedCost`, `VerifiedBuild`) VALUES('4001010', '0', '22133', '0', '0', '0', '0');
REPLACE INTO `npc_vendor` (`entry`, `slot`, `item`, `maxcount`, `incrtime`, `ExtendedCost`, `VerifiedBuild`) VALUES('4003003', '0', '34948', '0', '0', '0', '0');
REPLACE INTO `npc_vendor` (`entry`, `slot`, `item`, `maxcount`, `incrtime`, `ExtendedCost`, `VerifiedBuild`) VALUES('4002008', '0', '42458', '0', '0', '0', '0');
REPLACE INTO `npc_vendor` (`entry`, `slot`, `item`, `maxcount`, `incrtime`, `ExtendedCost`, `VerifiedBuild`) VALUES('4003004', '3', '42992', '0', '0', '0', '0');
REPLACE INTO `npc_vendor` (`entry`, `slot`, `item`, `maxcount`, `incrtime`, `ExtendedCost`, `VerifiedBuild`) VALUES('4001007', '0', '7910', '0', '0', '0', '0');
REPLACE INTO `npc_vendor` (`entry`, `slot`, `item`, `maxcount`, `incrtime`, `ExtendedCost`, `VerifiedBuild`) VALUES('4003003', '0', '33284', '0', '0', '0', '0');
REPLACE INTO `npc_vendor` (`entry`, `slot`, `item`, `maxcount`, `incrtime`, `ExtendedCost`, `VerifiedBuild`) VALUES('4003004', '9', '17028', '0', '0', '0', '0');
REPLACE INTO `npc_vendor` (`entry`, `slot`, `item`, `maxcount`, `incrtime`, `ExtendedCost`, `VerifiedBuild`) VALUES('4003001', '0', '6207', '0', '0', '0', '0');
REPLACE INTO `npc_vendor` (`entry`, `slot`, `item`, `maxcount`, `incrtime`, `ExtendedCost`, `VerifiedBuild`) VALUES('4001004', '0', '12644', '0', '0', '0', '0');
REPLACE INTO `npc_vendor` (`entry`, `slot`, `item`, `maxcount`, `incrtime`, `ExtendedCost`, `VerifiedBuild`) VALUES('4001004', '0', '3857', '0', '0', '0', '0');
REPLACE INTO `npc_vendor` (`entry`, `slot`, `item`, `maxcount`, `incrtime`, `ExtendedCost`, `VerifiedBuild`) VALUES('4001002', '0', '4337', '0', '0', '0', '0');
REPLACE INTO `npc_vendor` (`entry`, `slot`, `item`, `maxcount`, `incrtime`, `ExtendedCost`, `VerifiedBuild`) VALUES('4002009', '0', '43537', '0', '0', '0', '0');
REPLACE INTO `npc_vendor` (`entry`, `slot`, `item`, `maxcount`, `incrtime`, `ExtendedCost`, `VerifiedBuild`) VALUES('4002004', '0', '45731', '0', '0', '0', '0');
REPLACE INTO `npc_vendor` (`entry`, `slot`, `item`, `maxcount`, `incrtime`, `ExtendedCost`, `VerifiedBuild`) VALUES('4003004', '3', '44097', '0', '0', '0', '0');
REPLACE INTO `npc_vendor` (`entry`, `slot`, `item`, `maxcount`, `incrtime`, `ExtendedCost`, `VerifiedBuild`) VALUES('4003002', '0', '30438', '0', '0', '0', '0');
REPLACE INTO `npc_vendor` (`entry`, `slot`, `item`, `maxcount`, `incrtime`, `ExtendedCost`, `VerifiedBuild`) VALUES('4001001', '0', '22574', '0', '0', '0', '0');
REPLACE INTO `npc_vendor` (`entry`, `slot`, `item`, `maxcount`, `incrtime`, `ExtendedCost`, `VerifiedBuild`) VALUES('4001003', '0', '25700', '0', '0', '0', '0');
REPLACE INTO `npc_vendor` (`entry`, `slot`, `item`, `maxcount`, `incrtime`, `ExtendedCost`, `VerifiedBuild`) VALUES('4002010', '0', '45790', '0', '0', '0', '0');
REPLACE INTO `npc_vendor` (`entry`, `slot`, `item`, `maxcount`, `incrtime`, `ExtendedCost`, `VerifiedBuild`) VALUES('4002006', '0', '43868', '0', '0', '0', '0');
REPLACE INTO `npc_vendor` (`entry`, `slot`, `item`, `maxcount`, `incrtime`, `ExtendedCost`, `VerifiedBuild`) VALUES('4001005', '0', '3820', '0', '0', '0', '0');
REPLACE INTO `npc_vendor` (`entry`, `slot`, `item`, `maxcount`, `incrtime`, `ExtendedCost`, `VerifiedBuild`) VALUES('4001009', '0', '21558', '0', '0', '0', '0');
REPLACE INTO `npc_vendor` (`entry`, `slot`, `item`, `maxcount`, `incrtime`, `ExtendedCost`, `VerifiedBuild`) VALUES('4002004', '0', '42906', '0', '0', '0', '0');
REPLACE INTO `npc_vendor` (`entry`, `slot`, `item`, `maxcount`, `incrtime`, `ExtendedCost`, `VerifiedBuild`) VALUES('4001006', '0', '22448', '0', '0', '0', '0');
REPLACE INTO `npc_vendor` (`entry`, `slot`, `item`, `maxcount`, `incrtime`, `ExtendedCost`, `VerifiedBuild`) VALUES('4001010', '0', '22131', '0', '0', '0', '0');
REPLACE INTO `npc_vendor` (`entry`, `slot`, `item`, `maxcount`, `incrtime`, `ExtendedCost`, `VerifiedBuild`) VALUES('4003002', '0', '32069', '0', '0', '0', '0');
REPLACE INTO `npc_vendor` (`entry`, `slot`, `item`, `maxcount`, `incrtime`, `ExtendedCost`, `VerifiedBuild`) VALUES('4001010', '0', '22140', '0', '0', '0', '0');
REPLACE INTO `npc_vendor` (`entry`, `slot`, `item`, `maxcount`, `incrtime`, `ExtendedCost`, `VerifiedBuild`) VALUES('4001005', '0', '22710', '0', '0', '0', '0');
REPLACE INTO `npc_vendor` (`entry`, `slot`, `item`, `maxcount`, `incrtime`, `ExtendedCost`, `VerifiedBuild`) VALUES('4001001', '0', '22575', '0', '0', '0', '0');
REPLACE INTO `npc_vendor` (`entry`, `slot`, `item`, `maxcount`, `incrtime`, `ExtendedCost`, `VerifiedBuild`) VALUES('4001005', '0', '3356', '0', '0', '0', '0');
REPLACE INTO `npc_vendor` (`entry`, `slot`, `item`, `maxcount`, `incrtime`, `ExtendedCost`, `VerifiedBuild`) VALUES('4002010', '0', '43415', '0', '0', '0', '0');
REPLACE INTO `npc_vendor` (`entry`, `slot`, `item`, `maxcount`, `incrtime`, `ExtendedCost`, `VerifiedBuild`) VALUES('4001007', '0', '36783', '0', '0', '0', '0');
REPLACE INTO `npc_vendor` (`entry`, `slot`, `item`, `maxcount`, `incrtime`, `ExtendedCost`, `VerifiedBuild`) VALUES('4002008', '0', '42462', '0', '0', '0', '0');
REPLACE INTO `npc_vendor` (`entry`, `slot`, `item`, `maxcount`, `incrtime`, `ExtendedCost`, `VerifiedBuild`) VALUES('4001010', '0', '22165', '0', '0', '0', '0');
REPLACE INTO `npc_vendor` (`entry`, `slot`, `item`, `maxcount`, `incrtime`, `ExtendedCost`, `VerifiedBuild`) VALUES('4001009', '0', '22122', '0', '0', '0', '0');
REPLACE INTO `npc_vendor` (`entry`, `slot`, `item`, `maxcount`, `incrtime`, `ExtendedCost`, `VerifiedBuild`) VALUES('4003001', '0', '5687', '0', '0', '0', '0');
REPLACE INTO `npc_vendor` (`entry`, `slot`, `item`, `maxcount`, `incrtime`, `ExtendedCost`, `VerifiedBuild`) VALUES('4001009', '0', '21592', '0', '0', '0', '0');
REPLACE INTO `npc_vendor` (`entry`, `slot`, `item`, `maxcount`, `incrtime`, `ExtendedCost`, `VerifiedBuild`) VALUES('4001001', '0', '7070', '0', '0', '0', '0');
REPLACE INTO `npc_vendor` (`entry`, `slot`, `item`, `maxcount`, `incrtime`, `ExtendedCost`, `VerifiedBuild`) VALUES('4001003', '0', '8169', '0', '0', '0', '0');
REPLACE INTO `npc_vendor` (`entry`, `slot`, `item`, `maxcount`, `incrtime`, `ExtendedCost`, `VerifiedBuild`) VALUES('4001007', '0', '23440', '0', '0', '0', '0');
REPLACE INTO `npc_vendor` (`entry`, `slot`, `item`, `maxcount`, `incrtime`, `ExtendedCost`, `VerifiedBuild`) VALUES('4001002', '0', '4305', '0', '0', '0', '0');
REPLACE INTO `npc_vendor` (`entry`, `slot`, `item`, `maxcount`, `incrtime`, `ExtendedCost`, `VerifiedBuild`) VALUES('4003001', '0', '13197', '0', '0', '0', '0');
REPLACE INTO `npc_vendor` (`entry`, `slot`, `item`, `maxcount`, `incrtime`, `ExtendedCost`, `VerifiedBuild`) VALUES('4002002', '0', '40909', '0', '0', '0', '0');
REPLACE INTO `npc_vendor` (`entry`, `slot`, `item`, `maxcount`, `incrtime`, `ExtendedCost`, `VerifiedBuild`) VALUES('4001001', '0', '21885', '0', '0', '0', '0');
REPLACE INTO `npc_vendor` (`entry`, `slot`, `item`, `maxcount`, `incrtime`, `ExtendedCost`, `VerifiedBuild`) VALUES('4001004', '0', '11370', '0', '0', '0', '0');
REPLACE INTO `npc_vendor` (`entry`, `slot`, `item`, `maxcount`, `incrtime`, `ExtendedCost`, `VerifiedBuild`) VALUES('4001005', '0', '22788', '0', '0', '0', '0');
REPLACE INTO `npc_vendor` (`entry`, `slot`, `item`, `maxcount`, `incrtime`, `ExtendedCost`, `VerifiedBuild`) VALUES('4003004', '9', '44615', '0', '0', '0', '0');
REPLACE INTO `npc_vendor` (`entry`, `slot`, `item`, `maxcount`, `incrtime`, `ExtendedCost`, `VerifiedBuild`) VALUES('4001007', '0', '23437', '0', '0', '0', '0');
REPLACE INTO `npc_vendor` (`entry`, `slot`, `item`, `maxcount`, `incrtime`, `ExtendedCost`, `VerifiedBuild`) VALUES('4003001', '0', '13302', '0', '0', '0', '0');
REPLACE INTO `npc_vendor` (`entry`, `slot`, `item`, `maxcount`, `incrtime`, `ExtendedCost`, `VerifiedBuild`) VALUES('4001006', '0', '10978', '0', '0', '0', '0');
REPLACE INTO `npc_vendor` (`entry`, `slot`, `item`, `maxcount`, `incrtime`, `ExtendedCost`, `VerifiedBuild`) VALUES('4002006', '0', '41094', '0', '0', '0', '0');
REPLACE INTO `npc_vendor` (`entry`, `slot`, `item`, `maxcount`, `incrtime`, `ExtendedCost`, `VerifiedBuild`) VALUES('4001005', '0', '13465', '0', '0', '0', '0');
REPLACE INTO `npc_vendor` (`entry`, `slot`, `item`, `maxcount`, `incrtime`, `ExtendedCost`, `VerifiedBuild`) VALUES('4002007', '0', '41529', '0', '0', '0', '0');
REPLACE INTO `npc_vendor` (`entry`, `slot`, `item`, `maxcount`, `incrtime`, `ExtendedCost`, `VerifiedBuild`) VALUES('4002005', '0', '42409', '0', '0', '0', '0');
REPLACE INTO `npc_vendor` (`entry`, `slot`, `item`, `maxcount`, `incrtime`, `ExtendedCost`, `VerifiedBuild`) VALUES('4001010', '0', '22157', '0', '0', '0', '0');
REPLACE INTO `npc_vendor` (`entry`, `slot`, `item`, `maxcount`, `incrtime`, `ExtendedCost`, `VerifiedBuild`) VALUES('4001009', '0', '21829', '0', '0', '0', '0');
REPLACE INTO `npc_vendor` (`entry`, `slot`, `item`, `maxcount`, `incrtime`, `ExtendedCost`, `VerifiedBuild`) VALUES('4001004', '0', '10620', '0', '0', '0', '0');
REPLACE INTO `npc_vendor` (`entry`, `slot`, `item`, `maxcount`, `incrtime`, `ExtendedCost`, `VerifiedBuild`) VALUES('4001007', '0', '36933', '0', '0', '0', '0');
REPLACE INTO `npc_vendor` (`entry`, `slot`, `item`, `maxcount`, `incrtime`, `ExtendedCost`, `VerifiedBuild`) VALUES('4001006', '0', '20725', '0', '0', '0', '0');
REPLACE INTO `npc_vendor` (`entry`, `slot`, `item`, `maxcount`, `incrtime`, `ExtendedCost`, `VerifiedBuild`) VALUES('4002007', '0', '41534', '0', '0', '0', '0');
REPLACE INTO `npc_vendor` (`entry`, `slot`, `item`, `maxcount`, `incrtime`, `ExtendedCost`, `VerifiedBuild`) VALUES('4002008', '0', '42463', '0', '0', '0', '0');
REPLACE INTO `npc_vendor` (`entry`, `slot`, `item`, `maxcount`, `incrtime`, `ExtendedCost`, `VerifiedBuild`) VALUES('4003001', '0', '16308', '0', '0', '0', '0');
REPLACE INTO `npc_vendor` (`entry`, `slot`, `item`, `maxcount`, `incrtime`, `ExtendedCost`, `VerifiedBuild`) VALUES('4002008', '0', '42459', '0', '0', '0', '0');
REPLACE INTO `npc_vendor` (`entry`, `slot`, `item`, `maxcount`, `incrtime`, `ExtendedCost`, `VerifiedBuild`) VALUES('4001004', '0', '2838', '0', '0', '0', '0');
REPLACE INTO `npc_vendor` (`entry`, `slot`, `item`, `maxcount`, `incrtime`, `ExtendedCost`, `VerifiedBuild`) VALUES('4002004', '0', '42907', '0', '0', '0', '0');
REPLACE INTO `npc_vendor` (`entry`, `slot`, `item`, `maxcount`, `incrtime`, `ExtendedCost`, `VerifiedBuild`) VALUES('4001002', '0', '21844', '0', '0', '0', '0');
REPLACE INTO `npc_vendor` (`entry`, `slot`, `item`, `maxcount`, `incrtime`, `ExtendedCost`, `VerifiedBuild`) VALUES('4001003', '0', '4304', '0', '0', '0', '0');
REPLACE INTO `npc_vendor` (`entry`, `slot`, `item`, `maxcount`, `incrtime`, `ExtendedCost`, `VerifiedBuild`) VALUES('4001005', '0', '13463', '0', '0', '0', '0');
REPLACE INTO `npc_vendor` (`entry`, `slot`, `item`, `maxcount`, `incrtime`, `ExtendedCost`, `VerifiedBuild`) VALUES('4003003', '0', '34908', '0', '0', '0', '0');
REPLACE INTO `npc_vendor` (`entry`, `slot`, `item`, `maxcount`, `incrtime`, `ExtendedCost`, `VerifiedBuild`) VALUES('4002003', '0', '42743', '0', '0', '0', '0');
REPLACE INTO `npc_vendor` (`entry`, `slot`, `item`, `maxcount`, `incrtime`, `ExtendedCost`, `VerifiedBuild`) VALUES('4002004', '0', '45734', '0', '0', '0', '0');
REPLACE INTO `npc_vendor` (`entry`, `slot`, `item`, `maxcount`, `incrtime`, `ExtendedCost`, `VerifiedBuild`) VALUES('4002004', '0', '43338', '0', '0', '0', '0');
REPLACE INTO `npc_vendor` (`entry`, `slot`, `item`, `maxcount`, `incrtime`, `ExtendedCost`, `VerifiedBuild`) VALUES('4003004', '9', '5175', '0', '0', '0', '0');
REPLACE INTO `npc_vendor` (`entry`, `slot`, `item`, `maxcount`, `incrtime`, `ExtendedCost`, `VerifiedBuild`) VALUES('4001010', '0', '22289', '0', '0', '0', '0');
REPLACE INTO `npc_vendor` (`entry`, `slot`, `item`, `maxcount`, `incrtime`, `ExtendedCost`, `VerifiedBuild`) VALUES('4001004', '0', '7912', '0', '0', '0', '0');
REPLACE INTO `npc_vendor` (`entry`, `slot`, `item`, `maxcount`, `incrtime`, `ExtendedCost`, `VerifiedBuild`) VALUES('4002001', '0', '42972', '0', '0', '0', '0');
REPLACE INTO `npc_vendor` (`entry`, `slot`, `item`, `maxcount`, `incrtime`, `ExtendedCost`, `VerifiedBuild`) VALUES('4002006', '0', '41096', '0', '0', '0', '0');
REPLACE INTO `npc_vendor` (`entry`, `slot`, `item`, `maxcount`, `incrtime`, `ExtendedCost`, `VerifiedBuild`) VALUES('4002004', '0', '42898', '0', '0', '0', '0');
REPLACE INTO `npc_vendor` (`entry`, `slot`, `item`, `maxcount`, `incrtime`, `ExtendedCost`, `VerifiedBuild`) VALUES('4003002', '0', '29750', '0', '0', '0', '0');
REPLACE INTO `npc_vendor` (`entry`, `slot`, `item`, `maxcount`, `incrtime`, `ExtendedCost`, `VerifiedBuild`) VALUES('4002008', '0', '45785', '0', '0', '0', '0');
REPLACE INTO `npc_vendor` (`entry`, `slot`, `item`, `maxcount`, `incrtime`, `ExtendedCost`, `VerifiedBuild`) VALUES('4001002', '0', '24272', '0', '0', '0', '0');
REPLACE INTO `npc_vendor` (`entry`, `slot`, `item`, `maxcount`, `incrtime`, `ExtendedCost`, `VerifiedBuild`) VALUES('4003001', '0', '15869', '0', '0', '0', '0');
REPLACE INTO `npc_vendor` (`entry`, `slot`, `item`, `maxcount`, `incrtime`, `ExtendedCost`, `VerifiedBuild`) VALUES('4002007', '0', '45770', '0', '0', '0', '0');
REPLACE INTO `npc_vendor` (`entry`, `slot`, `item`, `maxcount`, `incrtime`, `ExtendedCost`, `VerifiedBuild`) VALUES('4001007', '0', '774', '0', '0', '0', '0');
REPLACE INTO `npc_vendor` (`entry`, `slot`, `item`, `maxcount`, `incrtime`, `ExtendedCost`, `VerifiedBuild`) VALUES('4001010', '0', '34191', '0', '0', '0', '0');
REPLACE INTO `npc_vendor` (`entry`, `slot`, `item`, `maxcount`, `incrtime`, `ExtendedCost`, `VerifiedBuild`) VALUES('4002001', '0', '42968', '0', '0', '0', '0');
REPLACE INTO `npc_vendor` (`entry`, `slot`, `item`, `maxcount`, `incrtime`, `ExtendedCost`, `VerifiedBuild`) VALUES('4001009', '0', '21536', '0', '0', '0', '0');
REPLACE INTO `npc_vendor` (`entry`, `slot`, `item`, `maxcount`, `incrtime`, `ExtendedCost`, `VerifiedBuild`) VALUES('4001005', '0', '19726', '0', '0', '0', '0');
REPLACE INTO `npc_vendor` (`entry`, `slot`, `item`, `maxcount`, `incrtime`, `ExtendedCost`, `VerifiedBuild`) VALUES('4003004', '9', '17033', '0', '0', '0', '0');
REPLACE INTO `npc_vendor` (`entry`, `slot`, `item`, `maxcount`, `incrtime`, `ExtendedCost`, `VerifiedBuild`) VALUES('4003004', '9', '17020', '0', '0', '0', '0');
REPLACE INTO `npc_vendor` (`entry`, `slot`, `item`, `maxcount`, `incrtime`, `ExtendedCost`, `VerifiedBuild`) VALUES('4001004', '0', '36909', '0', '0', '0', '0');
REPLACE INTO `npc_vendor` (`entry`, `slot`, `item`, `maxcount`, `incrtime`, `ExtendedCost`, `VerifiedBuild`) VALUES('4001006', '0', '46849', '0', '0', '0', '0');
REPLACE INTO `npc_vendor` (`entry`, `slot`, `item`, `maxcount`, `incrtime`, `ExtendedCost`, `VerifiedBuild`) VALUES('4001005', '0', '36902', '0', '0', '0', '0');
REPLACE INTO `npc_vendor` (`entry`, `slot`, `item`, `maxcount`, `incrtime`, `ExtendedCost`, `VerifiedBuild`) VALUES('4003003', '0', '39318', '0', '0', '0', '0');
REPLACE INTO `npc_vendor` (`entry`, `slot`, `item`, `maxcount`, `incrtime`, `ExtendedCost`, `VerifiedBuild`) VALUES('4003004', '9', '17057', '0', '0', '0', '0');
REPLACE INTO `npc_vendor` (`entry`, `slot`, `item`, `maxcount`, `incrtime`, `ExtendedCost`, `VerifiedBuild`) VALUES('4001010', '0', '22166', '0', '0', '0', '0');
REPLACE INTO `npc_vendor` (`entry`, `slot`, `item`, `maxcount`, `incrtime`, `ExtendedCost`, `VerifiedBuild`) VALUES('4003004', '3', '48683', '0', '0', '0', '0');
REPLACE INTO `npc_vendor` (`entry`, `slot`, `item`, `maxcount`, `incrtime`, `ExtendedCost`, `VerifiedBuild`) VALUES('4002010', '0', '43395', '0', '0', '0', '0');
REPLACE INTO `npc_vendor` (`entry`, `slot`, `item`, `maxcount`, `incrtime`, `ExtendedCost`, `VerifiedBuild`) VALUES('4001010', '0', '22169', '0', '0', '0', '0');
REPLACE INTO `npc_vendor` (`entry`, `slot`, `item`, `maxcount`, `incrtime`, `ExtendedCost`, `VerifiedBuild`) VALUES('4003003', '0', '46895', '0', '0', '0', '0');
REPLACE INTO `npc_vendor` (`entry`, `slot`, `item`, `maxcount`, `incrtime`, `ExtendedCost`, `VerifiedBuild`) VALUES('4001006', '0', '6218', '0', '0', '0', '0');
REPLACE INTO `npc_vendor` (`entry`, `slot`, `item`, `maxcount`, `incrtime`, `ExtendedCost`, `VerifiedBuild`) VALUES('4001004', '0', '2842', '0', '0', '0', '0');
REPLACE INTO `npc_vendor` (`entry`, `slot`, `item`, `maxcount`, `incrtime`, `ExtendedCost`, `VerifiedBuild`) VALUES('4001007', '0', '12363', '0', '0', '0', '0');
REPLACE INTO `npc_vendor` (`entry`, `slot`, `item`, `maxcount`, `incrtime`, `ExtendedCost`, `VerifiedBuild`) VALUES('4001003', '0', '15414', '0', '0', '0', '0');
REPLACE INTO `npc_vendor` (`entry`, `slot`, `item`, `maxcount`, `incrtime`, `ExtendedCost`, `VerifiedBuild`) VALUES('4001005', '0', '22794', '0', '0', '0', '0');
REPLACE INTO `npc_vendor` (`entry`, `slot`, `item`, `maxcount`, `incrtime`, `ExtendedCost`, `VerifiedBuild`) VALUES('4001004', '0', '11371', '0', '0', '0', '0');
REPLACE INTO `npc_vendor` (`entry`, `slot`, `item`, `maxcount`, `incrtime`, `ExtendedCost`, `VerifiedBuild`) VALUES('4001002', '0', '41510', '0', '0', '0', '0');
REPLACE INTO `npc_vendor` (`entry`, `slot`, `item`, `maxcount`, `incrtime`, `ExtendedCost`, `VerifiedBuild`) VALUES('4003001', '0', '18266', '0', '0', '0', '0');
REPLACE INTO `npc_vendor` (`entry`, `slot`, `item`, `maxcount`, `incrtime`, `ExtendedCost`, `VerifiedBuild`) VALUES('4003004', '3', '44105', '0', '0', '0', '0');
REPLACE INTO `npc_vendor` (`entry`, `slot`, `item`, `maxcount`, `incrtime`, `ExtendedCost`, `VerifiedBuild`) VALUES('4002003', '0', '42742', '0', '0', '0', '0');
REPLACE INTO `npc_vendor` (`entry`, `slot`, `item`, `maxcount`, `incrtime`, `ExtendedCost`, `VerifiedBuild`) VALUES('4003002', '0', '29742', '0', '0', '0', '0');
REPLACE INTO `npc_vendor` (`entry`, `slot`, `item`, `maxcount`, `incrtime`, `ExtendedCost`, `VerifiedBuild`) VALUES('4002009', '0', '43827', '0', '0', '0', '0');
REPLACE INTO `npc_vendor` (`entry`, `slot`, `item`, `maxcount`, `incrtime`, `ExtendedCost`, `VerifiedBuild`) VALUES('4003001', '0', '11106', '0', '0', '0', '0');
REPLACE INTO `npc_vendor` (`entry`, `slot`, `item`, `maxcount`, `incrtime`, `ExtendedCost`, `VerifiedBuild`) VALUES('4003004', '9', '17031', '0', '0', '0', '0');
REPLACE INTO `npc_vendor` (`entry`, `slot`, `item`, `maxcount`, `incrtime`, `ExtendedCost`, `VerifiedBuild`) VALUES('4002010', '0', '43425', '0', '0', '0', '0');
REPLACE INTO `npc_vendor` (`entry`, `slot`, `item`, `maxcount`, `incrtime`, `ExtendedCost`, `VerifiedBuild`) VALUES('4001009', '0', '21574', '0', '0', '0', '0');
REPLACE INTO `npc_vendor` (`entry`, `slot`, `item`, `maxcount`, `incrtime`, `ExtendedCost`, `VerifiedBuild`) VALUES('4001004', '0', '2836', '0', '0', '0', '0');
REPLACE INTO `npc_vendor` (`entry`, `slot`, `item`, `maxcount`, `incrtime`, `ExtendedCost`, `VerifiedBuild`) VALUES('4001004', '0', '22202', '0', '0', '0', '0');
REPLACE INTO `npc_vendor` (`entry`, `slot`, `item`, `maxcount`, `incrtime`, `ExtendedCost`, `VerifiedBuild`) VALUES('4002001', '0', '42969', '0', '0', '0', '0');
REPLACE INTO `npc_vendor` (`entry`, `slot`, `item`, `maxcount`, `incrtime`, `ExtendedCost`, `VerifiedBuild`) VALUES('4002008', '0', '43392', '0', '0', '0', '0');
REPLACE INTO `npc_vendor` (`entry`, `slot`, `item`, `maxcount`, `incrtime`, `ExtendedCost`, `VerifiedBuild`) VALUES('4003002', '0', '25604', '0', '0', '0', '0');
REPLACE INTO `npc_vendor` (`entry`, `slot`, `item`, `maxcount`, `incrtime`, `ExtendedCost`, `VerifiedBuild`) VALUES('4002002', '0', '40916', '0', '0', '0', '0');
REPLACE INTO `npc_vendor` (`entry`, `slot`, `item`, `maxcount`, `incrtime`, `ExtendedCost`, `VerifiedBuild`) VALUES('4001002', '0', '41594', '0', '0', '0', '0');
REPLACE INTO `npc_vendor` (`entry`, `slot`, `item`, `maxcount`, `incrtime`, `ExtendedCost`, `VerifiedBuild`) VALUES('4003003', '0', '38555', '0', '0', '0', '0');
REPLACE INTO `npc_vendor` (`entry`, `slot`, `item`, `maxcount`, `incrtime`, `ExtendedCost`, `VerifiedBuild`) VALUES('4001001', '0', '22452', '0', '0', '0', '0');
REPLACE INTO `npc_vendor` (`entry`, `slot`, `item`, `maxcount`, `incrtime`, `ExtendedCost`, `VerifiedBuild`) VALUES('4001007', '0', '42225', '0', '0', '0', '0');
REPLACE INTO `npc_vendor` (`entry`, `slot`, `item`, `maxcount`, `incrtime`, `ExtendedCost`, `VerifiedBuild`) VALUES('4002008', '0', '45779', '0', '0', '0', '0');
REPLACE INTO `npc_vendor` (`entry`, `slot`, `item`, `maxcount`, `incrtime`, `ExtendedCost`, `VerifiedBuild`) VALUES('4001009', '0', '21830', '0', '0', '0', '0');
REPLACE INTO `npc_vendor` (`entry`, `slot`, `item`, `maxcount`, `incrtime`, `ExtendedCost`, `VerifiedBuild`) VALUES('4001005', '0', '22789', '0', '0', '0', '0');
REPLACE INTO `npc_vendor` (`entry`, `slot`, `item`, `maxcount`, `incrtime`, `ExtendedCost`, `VerifiedBuild`) VALUES('4003002', '0', '25648', '0', '0', '0', '0');
REPLACE INTO `npc_vendor` (`entry`, `slot`, `item`, `maxcount`, `incrtime`, `ExtendedCost`, `VerifiedBuild`) VALUES('4002002', '0', '40919', '0', '0', '0', '0');
REPLACE INTO `npc_vendor` (`entry`, `slot`, `item`, `maxcount`, `incrtime`, `ExtendedCost`, `VerifiedBuild`) VALUES('4002002', '0', '44928', '0', '0', '0', '0');
REPLACE INTO `npc_vendor` (`entry`, `slot`, `item`, `maxcount`, `incrtime`, `ExtendedCost`, `VerifiedBuild`) VALUES('4001003', '0', '29539', '0', '0', '0', '0');
REPLACE INTO `npc_vendor` (`entry`, `slot`, `item`, `maxcount`, `incrtime`, `ExtendedCost`, `VerifiedBuild`) VALUES('4002002', '0', '40902', '0', '0', '0', '0');
REPLACE INTO `npc_vendor` (`entry`, `slot`, `item`, `maxcount`, `incrtime`, `ExtendedCost`, `VerifiedBuild`) VALUES('4002008', '0', '42472', '0', '0', '0', '0');
REPLACE INTO `npc_vendor` (`entry`, `slot`, `item`, `maxcount`, `incrtime`, `ExtendedCost`, `VerifiedBuild`) VALUES('4001003', '0', '17012', '0', '0', '0', '0');
REPLACE INTO `npc_vendor` (`entry`, `slot`, `item`, `maxcount`, `incrtime`, `ExtendedCost`, `VerifiedBuild`) VALUES('4001010', '0', '22291', '0', '0', '0', '0');
REPLACE INTO `npc_vendor` (`entry`, `slot`, `item`, `maxcount`, `incrtime`, `ExtendedCost`, `VerifiedBuild`) VALUES('4002009', '0', '43542', '0', '0', '0', '0');
REPLACE INTO `npc_vendor` (`entry`, `slot`, `item`, `maxcount`, `incrtime`, `ExtendedCost`, `VerifiedBuild`) VALUES('4001005', '0', '36904', '0', '0', '0', '0');
REPLACE INTO `npc_vendor` (`entry`, `slot`, `item`, `maxcount`, `incrtime`, `ExtendedCost`, `VerifiedBuild`) VALUES('4002002', '0', '40924', '0', '0', '0', '0');
REPLACE INTO `npc_vendor` (`entry`, `slot`, `item`, `maxcount`, `incrtime`, `ExtendedCost`, `VerifiedBuild`) VALUES('4002009', '0', '43547', '0', '0', '0', '0');
REPLACE INTO `npc_vendor` (`entry`, `slot`, `item`, `maxcount`, `incrtime`, `ExtendedCost`, `VerifiedBuild`) VALUES('4003001', '0', '21762', '0', '0', '0', '0');
REPLACE INTO `npc_vendor` (`entry`, `slot`, `item`, `maxcount`, `incrtime`, `ExtendedCost`, `VerifiedBuild`) VALUES('4003003', '0', '35705', '0', '0', '0', '0');
REPLACE INTO `npc_vendor` (`entry`, `slot`, `item`, `maxcount`, `incrtime`, `ExtendedCost`, `VerifiedBuild`) VALUES('4001009', '0', '21822', '0', '0', '0', '0');
REPLACE INTO `npc_vendor` (`entry`, `slot`, `item`, `maxcount`, `incrtime`, `ExtendedCost`, `VerifiedBuild`) VALUES('4001006', '0', '16206', '0', '0', '0', '0');
REPLACE INTO `npc_vendor` (`entry`, `slot`, `item`, `maxcount`, `incrtime`, `ExtendedCost`, `VerifiedBuild`) VALUES('4003004', '3', '44096', '0', '0', '0', '0');
REPLACE INTO `npc_vendor` (`entry`, `slot`, `item`, `maxcount`, `incrtime`, `ExtendedCost`, `VerifiedBuild`) VALUES('4001004', '0', '3575', '0', '0', '0', '0');
REPLACE INTO `npc_vendor` (`entry`, `slot`, `item`, `maxcount`, `incrtime`, `ExtendedCost`, `VerifiedBuild`) VALUES('4003004', '3', '44103', '0', '0', '0', '0');
REPLACE INTO `npc_vendor` (`entry`, `slot`, `item`, `maxcount`, `incrtime`, `ExtendedCost`, `VerifiedBuild`) VALUES('4002008', '0', '43390', '0', '0', '0', '0');
REPLACE INTO `npc_vendor` (`entry`, `slot`, `item`, `maxcount`, `incrtime`, `ExtendedCost`, `VerifiedBuild`) VALUES('4001001', '0', '37703', '0', '0', '0', '0');
REPLACE INTO `npc_vendor` (`entry`, `slot`, `item`, `maxcount`, `incrtime`, `ExtendedCost`, `VerifiedBuild`) VALUES('4002006', '0', '43367', '0', '0', '0', '0');
REPLACE INTO `npc_vendor` (`entry`, `slot`, `item`, `maxcount`, `incrtime`, `ExtendedCost`, `VerifiedBuild`) VALUES('4003001', '0', '12382', '0', '0', '0', '0');
REPLACE INTO `npc_vendor` (`entry`, `slot`, `item`, `maxcount`, `incrtime`, `ExtendedCost`, `VerifiedBuild`) VALUES('4001006', '0', '34057', '0', '0', '0', '0');
REPLACE INTO `npc_vendor` (`entry`, `slot`, `item`, `maxcount`, `incrtime`, `ExtendedCost`, `VerifiedBuild`) VALUES('4002001', '0', '45767', '0', '0', '0', '0');
REPLACE INTO `npc_vendor` (`entry`, `slot`, `item`, `maxcount`, `incrtime`, `ExtendedCost`, `VerifiedBuild`) VALUES('4001010', '0', '22173', '0', '0', '0', '0');
REPLACE INTO `npc_vendor` (`entry`, `slot`, `item`, `maxcount`, `incrtime`, `ExtendedCost`, `VerifiedBuild`) VALUES('4003004', '3', '42944', '0', '0', '0', '0');
REPLACE INTO `npc_vendor` (`entry`, `slot`, `item`, `maxcount`, `incrtime`, `ExtendedCost`, `VerifiedBuild`) VALUES('4002007', '0', '41542', '0', '0', '0', '0');
REPLACE INTO `npc_vendor` (`entry`, `slot`, `item`, `maxcount`, `incrtime`, `ExtendedCost`, `VerifiedBuild`) VALUES('4001001', '0', '22577', '0', '0', '0', '0');
REPLACE INTO `npc_vendor` (`entry`, `slot`, `item`, `maxcount`, `incrtime`, `ExtendedCost`, `VerifiedBuild`) VALUES('4001004', '0', '23447', '0', '0', '0', '0');
REPLACE INTO `npc_vendor` (`entry`, `slot`, `item`, `maxcount`, `incrtime`, `ExtendedCost`, `VerifiedBuild`) VALUES('4002003', '0', '42736', '0', '0', '0', '0');
REPLACE INTO `npc_vendor` (`entry`, `slot`, `item`, `maxcount`, `incrtime`, `ExtendedCost`, `VerifiedBuild`) VALUES('4001006', '0', '25844', '0', '0', '0', '0');
REPLACE INTO `npc_vendor` (`entry`, `slot`, `item`, `maxcount`, `incrtime`, `ExtendedCost`, `VerifiedBuild`) VALUES('4001010', '0', '22142', '0', '0', '0', '0');
REPLACE INTO `npc_vendor` (`entry`, `slot`, `item`, `maxcount`, `incrtime`, `ExtendedCost`, `VerifiedBuild`) VALUES('4003004', '9', '37201', '0', '0', '0', '0');
REPLACE INTO `npc_vendor` (`entry`, `slot`, `item`, `maxcount`, `incrtime`, `ExtendedCost`, `VerifiedBuild`) VALUES('4002006', '0', '41110', '0', '0', '0', '0');
REPLACE INTO `npc_vendor` (`entry`, `slot`, `item`, `maxcount`, `incrtime`, `ExtendedCost`, `VerifiedBuild`) VALUES('4003004', '9', '5176', '0', '0', '0', '0');
REPLACE INTO `npc_vendor` (`entry`, `slot`, `item`, `maxcount`, `incrtime`, `ExtendedCost`, `VerifiedBuild`) VALUES('4001001', '0', '37704', '0', '0', '0', '0');
REPLACE INTO `npc_vendor` (`entry`, `slot`, `item`, `maxcount`, `incrtime`, `ExtendedCost`, `VerifiedBuild`) VALUES('4002008', '0', '42464', '0', '0', '0', '0');
REPLACE INTO `npc_vendor` (`entry`, `slot`, `item`, `maxcount`, `incrtime`, `ExtendedCost`, `VerifiedBuild`) VALUES('4002007', '0', '41527', '0', '0', '0', '0');
REPLACE INTO `npc_vendor` (`entry`, `slot`, `item`, `maxcount`, `incrtime`, `ExtendedCost`, `VerifiedBuild`) VALUES('4003002', '0', '24489', '0', '0', '0', '0');
REPLACE INTO `npc_vendor` (`entry`, `slot`, `item`, `maxcount`, `incrtime`, `ExtendedCost`, `VerifiedBuild`) VALUES('4002004', '0', '42908', '0', '0', '0', '0');
REPLACE INTO `npc_vendor` (`entry`, `slot`, `item`, `maxcount`, `incrtime`, `ExtendedCost`, `VerifiedBuild`) VALUES('4003001', '0', '12301', '0', '0', '0', '0');
REPLACE INTO `npc_vendor` (`entry`, `slot`, `item`, `maxcount`, `incrtime`, `ExtendedCost`, `VerifiedBuild`) VALUES('4002005', '0', '42408', '0', '0', '0', '0');
REPLACE INTO `npc_vendor` (`entry`, `slot`, `item`, `maxcount`, `incrtime`, `ExtendedCost`, `VerifiedBuild`) VALUES('4001007', '0', '13926', '0', '0', '0', '0');
REPLACE INTO `npc_vendor` (`entry`, `slot`, `item`, `maxcount`, `incrtime`, `ExtendedCost`, `VerifiedBuild`) VALUES('4003003', '0', '34688', '0', '0', '0', '0');
REPLACE INTO `npc_vendor` (`entry`, `slot`, `item`, `maxcount`, `incrtime`, `ExtendedCost`, `VerifiedBuild`) VALUES('4003002', '0', '31755', '0', '0', '0', '0');
REPLACE INTO `npc_vendor` (`entry`, `slot`, `item`, `maxcount`, `incrtime`, `ExtendedCost`, `VerifiedBuild`) VALUES('4001007', '0', '1529', '0', '0', '0', '0');
REPLACE INTO `npc_vendor` (`entry`, `slot`, `item`, `maxcount`, `incrtime`, `ExtendedCost`, `VerifiedBuild`) VALUES('4002007', '0', '41537', '0', '0', '0', '0');
REPLACE INTO `npc_vendor` (`entry`, `slot`, `item`, `maxcount`, `incrtime`, `ExtendedCost`, `VerifiedBuild`) VALUES('4002002', '0', '45602', '0', '0', '0', '0');
REPLACE INTO `npc_vendor` (`entry`, `slot`, `item`, `maxcount`, `incrtime`, `ExtendedCost`, `VerifiedBuild`) VALUES('4001002', '0', '2996', '0', '0', '0', '0');
REPLACE INTO `npc_vendor` (`entry`, `slot`, `item`, `maxcount`, `incrtime`, `ExtendedCost`, `VerifiedBuild`) VALUES('4003001', '0', '8072', '0', '0', '0', '0');
REPLACE INTO `npc_vendor` (`entry`, `slot`, `item`, `maxcount`, `incrtime`, `ExtendedCost`, `VerifiedBuild`) VALUES('4002004', '0', '42912', '0', '0', '0', '0');
REPLACE INTO `npc_vendor` (`entry`, `slot`, `item`, `maxcount`, `incrtime`, `ExtendedCost`, `VerifiedBuild`) VALUES('4002010', '0', '43428', '0', '0', '0', '0');
REPLACE INTO `npc_vendor` (`entry`, `slot`, `item`, `maxcount`, `incrtime`, `ExtendedCost`, `VerifiedBuild`) VALUES('4001004', '0', '2776', '0', '0', '0', '0');
REPLACE INTO `npc_vendor` (`entry`, `slot`, `item`, `maxcount`, `incrtime`, `ExtendedCost`, `VerifiedBuild`) VALUES('4002002', '0', '43332', '0', '0', '0', '0');
REPLACE INTO `npc_vendor` (`entry`, `slot`, `item`, `maxcount`, `incrtime`, `ExtendedCost`, `VerifiedBuild`) VALUES('4002008', '0', '42457', '0', '0', '0', '0');
REPLACE INTO `npc_vendor` (`entry`, `slot`, `item`, `maxcount`, `incrtime`, `ExtendedCost`, `VerifiedBuild`) VALUES('4002003', '0', '43360', '0', '0', '0', '0');
REPLACE INTO `npc_vendor` (`entry`, `slot`, `item`, `maxcount`, `incrtime`, `ExtendedCost`, `VerifiedBuild`) VALUES('4003004', '9', '44605', '0', '0', '0', '0');
REPLACE INTO `npc_vendor` (`entry`, `slot`, `item`, `maxcount`, `incrtime`, `ExtendedCost`, `VerifiedBuild`) VALUES('4001007', '0', '7909', '0', '0', '0', '0');
REPLACE INTO `npc_vendor` (`entry`, `slot`, `item`, `maxcount`, `incrtime`, `ExtendedCost`, `VerifiedBuild`) VALUES('4001010', '0', '22294', '0', '0', '0', '0');
REPLACE INTO `npc_vendor` (`entry`, `slot`, `item`, `maxcount`, `incrtime`, `ExtendedCost`, `VerifiedBuild`) VALUES('4001006', '0', '6338', '0', '0', '0', '0');
REPLACE INTO `npc_vendor` (`entry`, `slot`, `item`, `maxcount`, `incrtime`, `ExtendedCost`, `VerifiedBuild`) VALUES('4001006', '0', '10998', '0', '0', '0', '0');
REPLACE INTO `npc_vendor` (`entry`, `slot`, `item`, `maxcount`, `incrtime`, `ExtendedCost`, `VerifiedBuild`) VALUES('4001010', '0', '22292', '0', '0', '0', '0');
REPLACE INTO `npc_vendor` (`entry`, `slot`, `item`, `maxcount`, `incrtime`, `ExtendedCost`, `VerifiedBuild`) VALUES('4002004', '0', '42901', '0', '0', '0', '0');
REPLACE INTO `npc_vendor` (`entry`, `slot`, `item`, `maxcount`, `incrtime`, `ExtendedCost`, `VerifiedBuild`) VALUES('4001004', '0', '23426', '0', '0', '0', '0');
REPLACE INTO `npc_vendor` (`entry`, `slot`, `item`, `maxcount`, `incrtime`, `ExtendedCost`, `VerifiedBuild`) VALUES('4001009', '0', '21593', '0', '0', '0', '0');
REPLACE INTO `npc_vendor` (`entry`, `slot`, `item`, `maxcount`, `incrtime`, `ExtendedCost`, `VerifiedBuild`) VALUES('4001001', '0', '22576', '0', '0', '0', '0');
REPLACE INTO `npc_vendor` (`entry`, `slot`, `item`, `maxcount`, `incrtime`, `ExtendedCost`, `VerifiedBuild`) VALUES('4001007', '0', '1705', '0', '0', '0', '0');
REPLACE INTO `npc_vendor` (`entry`, `slot`, `item`, `maxcount`, `incrtime`, `ExtendedCost`, `VerifiedBuild`) VALUES('4001001', '0', '22451', '0', '0', '0', '0');
REPLACE INTO `npc_vendor` (`entry`, `slot`, `item`, `maxcount`, `incrtime`, `ExtendedCost`, `VerifiedBuild`) VALUES('4001007', '0', '19774', '0', '0', '0', '0');
REPLACE INTO `npc_vendor` (`entry`, `slot`, `item`, `maxcount`, `incrtime`, `ExtendedCost`, `VerifiedBuild`) VALUES('4002004', '0', '45732', '0', '0', '0', '0');
REPLACE INTO `npc_vendor` (`entry`, `slot`, `item`, `maxcount`, `incrtime`, `ExtendedCost`, `VerifiedBuild`) VALUES('4001003', '0', '8171', '0', '0', '0', '0');
REPLACE INTO `npc_vendor` (`entry`, `slot`, `item`, `maxcount`, `incrtime`, `ExtendedCost`, `VerifiedBuild`) VALUES('4001010', '0', '22293', '0', '0', '0', '0');
REPLACE INTO `npc_vendor` (`entry`, `slot`, `item`, `maxcount`, `incrtime`, `ExtendedCost`, `VerifiedBuild`) VALUES('4002009', '0', '45799', '0', '0', '0', '0');
REPLACE INTO `npc_vendor` (`entry`, `slot`, `item`, `maxcount`, `incrtime`, `ExtendedCost`, `VerifiedBuild`) VALUES('4001003', '0', '15410', '0', '0', '0', '0');
REPLACE INTO `npc_vendor` (`entry`, `slot`, `item`, `maxcount`, `incrtime`, `ExtendedCost`, `VerifiedBuild`) VALUES('4001001', '0', '35623', '0', '0', '0', '0');
REPLACE INTO `npc_vendor` (`entry`, `slot`, `item`, `maxcount`, `incrtime`, `ExtendedCost`, `VerifiedBuild`) VALUES('4001007', '0', '32249', '0', '0', '0', '0');
REPLACE INTO `npc_vendor` (`entry`, `slot`, `item`, `maxcount`, `incrtime`, `ExtendedCost`, `VerifiedBuild`) VALUES('4002009', '0', '43546', '0', '0', '0', '0');
REPLACE INTO `npc_vendor` (`entry`, `slot`, `item`, `maxcount`, `incrtime`, `ExtendedCost`, `VerifiedBuild`) VALUES('4001002', '0', '24271', '0', '0', '0', '0');
REPLACE INTO `npc_vendor` (`entry`, `slot`, `item`, `maxcount`, `incrtime`, `ExtendedCost`, `VerifiedBuild`) VALUES('4001005', '0', '36901', '0', '0', '0', '0');
REPLACE INTO `npc_vendor` (`entry`, `slot`, `item`, `maxcount`, `incrtime`, `ExtendedCost`, `VerifiedBuild`) VALUES('4001007', '0', '23441', '0', '0', '0', '0');
REPLACE INTO `npc_vendor` (`entry`, `slot`, `item`, `maxcount`, `incrtime`, `ExtendedCost`, `VerifiedBuild`) VALUES('4003004', '3', '48687', '0', '0', '0', '0');
REPLACE INTO `npc_vendor` (`entry`, `slot`, `item`, `maxcount`, `incrtime`, `ExtendedCost`, `VerifiedBuild`) VALUES('4001004', '0', '2840', '0', '0', '0', '0');
REPLACE INTO `npc_vendor` (`entry`, `slot`, `item`, `maxcount`, `incrtime`, `ExtendedCost`, `VerifiedBuild`) VALUES('4001006', '0', '11178', '0', '0', '0', '0');
REPLACE INTO `npc_vendor` (`entry`, `slot`, `item`, `maxcount`, `incrtime`, `ExtendedCost`, `VerifiedBuild`) VALUES('4001004', '0', '23573', '0', '0', '0', '0');
REPLACE INTO `npc_vendor` (`entry`, `slot`, `item`, `maxcount`, `incrtime`, `ExtendedCost`, `VerifiedBuild`) VALUES('4001004', '0', '17771', '0', '0', '0', '0');
REPLACE INTO `npc_vendor` (`entry`, `slot`, `item`, `maxcount`, `incrtime`, `ExtendedCost`, `VerifiedBuild`) VALUES('4003004', '2', '3914', '0', '0', '0', '0');
REPLACE INTO `npc_vendor` (`entry`, `slot`, `item`, `maxcount`, `incrtime`, `ExtendedCost`, `VerifiedBuild`) VALUES('4001003', '0', '4233', '0', '0', '0', '0');
REPLACE INTO `npc_vendor` (`entry`, `slot`, `item`, `maxcount`, `incrtime`, `ExtendedCost`, `VerifiedBuild`) VALUES('4002002', '0', '45603', '0', '0', '0', '0');
REPLACE INTO `npc_vendor` (`entry`, `slot`, `item`, `maxcount`, `incrtime`, `ExtendedCost`, `VerifiedBuild`) VALUES('4001006', '0', '11082', '0', '0', '0', '0');
REPLACE INTO `npc_vendor` (`entry`, `slot`, `item`, `maxcount`, `incrtime`, `ExtendedCost`, `VerifiedBuild`) VALUES('4002003', '0', '42739', '0', '0', '0', '0');
REPLACE INTO `npc_vendor` (`entry`, `slot`, `item`, `maxcount`, `incrtime`, `ExtendedCost`, `VerifiedBuild`) VALUES('4001004', '0', '23448', '0', '0', '0', '0');
REPLACE INTO `npc_vendor` (`entry`, `slot`, `item`, `maxcount`, `incrtime`, `ExtendedCost`, `VerifiedBuild`) VALUES('4001007', '0', '36929', '0', '0', '0', '0');
REPLACE INTO `npc_vendor` (`entry`, `slot`, `item`, `maxcount`, `incrtime`, `ExtendedCost`, `VerifiedBuild`) VALUES('4003002', '0', '32079', '0', '0', '0', '0');
REPLACE INTO `npc_vendor` (`entry`, `slot`, `item`, `maxcount`, `incrtime`, `ExtendedCost`, `VerifiedBuild`) VALUES('4001009', '0', '21570', '0', '0', '0', '0');
REPLACE INTO `npc_vendor` (`entry`, `slot`, `item`, `maxcount`, `incrtime`, `ExtendedCost`, `VerifiedBuild`) VALUES('4002009', '0', '45803', '0', '0', '0', '0');
REPLACE INTO `npc_vendor` (`entry`, `slot`, `item`, `maxcount`, `incrtime`, `ExtendedCost`, `VerifiedBuild`) VALUES('4001001', '0', '30183', '0', '0', '0', '0');
REPLACE INTO `npc_vendor` (`entry`, `slot`, `item`, `maxcount`, `incrtime`, `ExtendedCost`, `VerifiedBuild`) VALUES('4002002', '0', '46372', '0', '0', '0', '0');
REPLACE INTO `npc_vendor` (`entry`, `slot`, `item`, `maxcount`, `incrtime`, `ExtendedCost`, `VerifiedBuild`) VALUES('4003003', '0', '37013', '0', '0', '0', '0');
REPLACE INTO `npc_vendor` (`entry`, `slot`, `item`, `maxcount`, `incrtime`, `ExtendedCost`, `VerifiedBuild`) VALUES('4003003', '0', '42482', '0', '0', '0', '0');
REPLACE INTO `npc_vendor` (`entry`, `slot`, `item`, `maxcount`, `incrtime`, `ExtendedCost`, `VerifiedBuild`) VALUES('4001004', '0', '3858', '0', '0', '0', '0');
REPLACE INTO `npc_vendor` (`entry`, `slot`, `item`, `maxcount`, `incrtime`, `ExtendedCost`, `VerifiedBuild`) VALUES('4003001', '0', '11000', '0', '0', '0', '0');
REPLACE INTO `npc_vendor` (`entry`, `slot`, `item`, `maxcount`, `incrtime`, `ExtendedCost`, `VerifiedBuild`) VALUES('4001006', '0', '16204', '0', '0', '0', '0');
REPLACE INTO `npc_vendor` (`entry`, `slot`, `item`, `maxcount`, `incrtime`, `ExtendedCost`, `VerifiedBuild`) VALUES('4003002', '0', '30635', '0', '0', '0', '0');
REPLACE INTO `npc_vendor` (`entry`, `slot`, `item`, `maxcount`, `incrtime`, `ExtendedCost`, `VerifiedBuild`) VALUES('4001009', '0', '21980', '0', '0', '0', '0');
REPLACE INTO `npc_vendor` (`entry`, `slot`, `item`, `maxcount`, `incrtime`, `ExtendedCost`, `VerifiedBuild`) VALUES('4001002', '0', '2592', '0', '0', '0', '0');
REPLACE INTO `npc_vendor` (`entry`, `slot`, `item`, `maxcount`, `incrtime`, `ExtendedCost`, `VerifiedBuild`) VALUES('4002005', '0', '45753', '0', '0', '0', '0');
REPLACE INTO `npc_vendor` (`entry`, `slot`, `item`, `maxcount`, `incrtime`, `ExtendedCost`, `VerifiedBuild`) VALUES('4002004', '0', '42910', '0', '0', '0', '0');
REPLACE INTO `npc_vendor` (`entry`, `slot`, `item`, `maxcount`, `incrtime`, `ExtendedCost`, `VerifiedBuild`) VALUES('4001010', '0', '22172', '0', '0', '0', '0');
REPLACE INTO `npc_vendor` (`entry`, `slot`, `item`, `maxcount`, `incrtime`, `ExtendedCost`, `VerifiedBuild`) VALUES('4001006', '0', '11177', '0', '0', '0', '0');
REPLACE INTO `npc_vendor` (`entry`, `slot`, `item`, `maxcount`, `incrtime`, `ExtendedCost`, `VerifiedBuild`) VALUES('4003002', '0', '30637', '0', '0', '0', '0');
REPLACE INTO `npc_vendor` (`entry`, `slot`, `item`, `maxcount`, `incrtime`, `ExtendedCost`, `VerifiedBuild`) VALUES('4003003', '0', '34961', '0', '0', '0', '0');
REPLACE INTO `npc_vendor` (`entry`, `slot`, `item`, `maxcount`, `incrtime`, `ExtendedCost`, `VerifiedBuild`) VALUES('4003004', '3', '44091', '0', '0', '0', '0');
REPLACE INTO `npc_vendor` (`entry`, `slot`, `item`, `maxcount`, `incrtime`, `ExtendedCost`, `VerifiedBuild`) VALUES('4001001', '0', '37700', '0', '0', '0', '0');
REPLACE INTO `npc_vendor` (`entry`, `slot`, `item`, `maxcount`, `incrtime`, `ExtendedCost`, `VerifiedBuild`) VALUES('4002007', '0', '41539', '0', '0', '0', '0');
REPLACE INTO `npc_vendor` (`entry`, `slot`, `item`, `maxcount`, `incrtime`, `ExtendedCost`, `VerifiedBuild`) VALUES('4002004', '0', '42902', '0', '0', '0', '0');
REPLACE INTO `npc_vendor` (`entry`, `slot`, `item`, `maxcount`, `incrtime`, `ExtendedCost`, `VerifiedBuild`) VALUES('4002005', '0', '43342', '0', '0', '0', '0');
REPLACE INTO `npc_vendor` (`entry`, `slot`, `item`, `maxcount`, `incrtime`, `ExtendedCost`, `VerifiedBuild`) VALUES('4001007', '0', '25868', '0', '0', '0', '0');
REPLACE INTO `npc_vendor` (`entry`, `slot`, `item`, `maxcount`, `incrtime`, `ExtendedCost`, `VerifiedBuild`) VALUES('4002003', '0', '42734', '0', '0', '0', '0');
REPLACE INTO `npc_vendor` (`entry`, `slot`, `item`, `maxcount`, `incrtime`, `ExtendedCost`, `VerifiedBuild`) VALUES('4003004', '2', '4500', '0', '0', '0', '0');
REPLACE INTO `npc_vendor` (`entry`, `slot`, `item`, `maxcount`, `incrtime`, `ExtendedCost`, `VerifiedBuild`) VALUES('4002007', '0', '43725', '0', '0', '0', '0');
REPLACE INTO `npc_vendor` (`entry`, `slot`, `item`, `maxcount`, `incrtime`, `ExtendedCost`, `VerifiedBuild`) VALUES('4002007', '0', '41536', '0', '0', '0', '0');
REPLACE INTO `npc_vendor` (`entry`, `slot`, `item`, `maxcount`, `incrtime`, `ExtendedCost`, `VerifiedBuild`) VALUES('4002005', '0', '42407', '0', '0', '0', '0');
REPLACE INTO `npc_vendor` (`entry`, `slot`, `item`, `maxcount`, `incrtime`, `ExtendedCost`, `VerifiedBuild`) VALUES('4003003', '0', '44581', '0', '0', '0', '0');
REPLACE INTO `npc_vendor` (`entry`, `slot`, `item`, `maxcount`, `incrtime`, `ExtendedCost`, `VerifiedBuild`) VALUES('4001005', '0', '36907', '0', '0', '0', '0');
REPLACE INTO `npc_vendor` (`entry`, `slot`, `item`, `maxcount`, `incrtime`, `ExtendedCost`, `VerifiedBuild`) VALUES('4002007', '0', '45775', '0', '0', '0', '0');
REPLACE INTO `npc_vendor` (`entry`, `slot`, `item`, `maxcount`, `incrtime`, `ExtendedCost`, `VerifiedBuild`) VALUES('4002001', '0', '42962', '0', '0', '0', '0');
REPLACE INTO `npc_vendor` (`entry`, `slot`, `item`, `maxcount`, `incrtime`, `ExtendedCost`, `VerifiedBuild`) VALUES('4001004', '0', '23425', '0', '0', '0', '0');
REPLACE INTO `npc_vendor` (`entry`, `slot`, `item`, `maxcount`, `incrtime`, `ExtendedCost`, `VerifiedBuild`) VALUES('4001007', '0', '12361', '0', '0', '0', '0');
REPLACE INTO `npc_vendor` (`entry`, `slot`, `item`, `maxcount`, `incrtime`, `ExtendedCost`, `VerifiedBuild`) VALUES('4003004', '9', '17058', '0', '0', '0', '0');
REPLACE INTO `npc_vendor` (`entry`, `slot`, `item`, `maxcount`, `incrtime`, `ExtendedCost`, `VerifiedBuild`) VALUES('4001003', '0', '20381', '0', '0', '0', '0');
REPLACE INTO `npc_vendor` (`entry`, `slot`, `item`, `maxcount`, `incrtime`, `ExtendedCost`, `VerifiedBuild`) VALUES('4001010', '0', '22171', '0', '0', '0', '0');
REPLACE INTO `npc_vendor` (`entry`, `slot`, `item`, `maxcount`, `incrtime`, `ExtendedCost`, `VerifiedBuild`) VALUES('4001003', '0', '23793', '0', '0', '0', '0');
REPLACE INTO `npc_vendor` (`entry`, `slot`, `item`, `maxcount`, `incrtime`, `ExtendedCost`, `VerifiedBuild`) VALUES('4003001', '0', '12738', '0', '0', '0', '0');
REPLACE INTO `npc_vendor` (`entry`, `slot`, `item`, `maxcount`, `incrtime`, `ExtendedCost`, `VerifiedBuild`) VALUES('4001005', '0', '22791', '0', '0', '0', '0');
REPLACE INTO `npc_vendor` (`entry`, `slot`, `item`, `maxcount`, `incrtime`, `ExtendedCost`, `VerifiedBuild`) VALUES('4002003', '0', '42753', '0', '0', '0', '0');
REPLACE INTO `npc_vendor` (`entry`, `slot`, `item`, `maxcount`, `incrtime`, `ExtendedCost`, `VerifiedBuild`) VALUES('4001007', '0', '36924', '0', '0', '0', '0');
REPLACE INTO `npc_vendor` (`entry`, `slot`, `item`, `maxcount`, `incrtime`, `ExtendedCost`, `VerifiedBuild`) VALUES('4002006', '0', '45747', '0', '0', '0', '0');
REPLACE INTO `npc_vendor` (`entry`, `slot`, `item`, `maxcount`, `incrtime`, `ExtendedCost`, `VerifiedBuild`) VALUES('4001001', '0', '7075', '0', '0', '0', '0');
REPLACE INTO `npc_vendor` (`entry`, `slot`, `item`, `maxcount`, `incrtime`, `ExtendedCost`, `VerifiedBuild`) VALUES('4001004', '0', '3859', '0', '0', '0', '0');
REPLACE INTO `npc_vendor` (`entry`, `slot`, `item`, `maxcount`, `incrtime`, `ExtendedCost`, `VerifiedBuild`) VALUES('4002006', '0', '43368', '0', '0', '0', '0');
REPLACE INTO `npc_vendor` (`entry`, `slot`, `item`, `maxcount`, `incrtime`, `ExtendedCost`, `VerifiedBuild`) VALUES('4002008', '0', '45781', '0', '0', '0', '0');
REPLACE INTO `npc_vendor` (`entry`, `slot`, `item`, `maxcount`, `incrtime`, `ExtendedCost`, `VerifiedBuild`) VALUES('4002004', '0', '42913', '0', '0', '0', '0');
REPLACE INTO `npc_vendor` (`entry`, `slot`, `item`, `maxcount`, `incrtime`, `ExtendedCost`, `VerifiedBuild`) VALUES('4003002', '0', '23801', '0', '0', '0', '0');
REPLACE INTO `npc_vendor` (`entry`, `slot`, `item`, `maxcount`, `incrtime`, `ExtendedCost`, `VerifiedBuild`) VALUES('4003004', '3', '44095', '0', '0', '0', '0');
REPLACE INTO `npc_vendor` (`entry`, `slot`, `item`, `maxcount`, `incrtime`, `ExtendedCost`, `VerifiedBuild`) VALUES('4001009', '0', '22120', '0', '0', '0', '0');
REPLACE INTO `npc_vendor` (`entry`, `slot`, `item`, `maxcount`, `incrtime`, `ExtendedCost`, `VerifiedBuild`) VALUES('4001001', '0', '7079', '0', '0', '0', '0');
REPLACE INTO `npc_vendor` (`entry`, `slot`, `item`, `maxcount`, `incrtime`, `ExtendedCost`, `VerifiedBuild`) VALUES('4002006', '0', '41099', '0', '0', '0', '0');
REPLACE INTO `npc_vendor` (`entry`, `slot`, `item`, `maxcount`, `incrtime`, `ExtendedCost`, `VerifiedBuild`) VALUES('4001009', '0', '21578', '0', '0', '0', '0');
REPLACE INTO `npc_vendor` (`entry`, `slot`, `item`, `maxcount`, `incrtime`, `ExtendedCost`, `VerifiedBuild`) VALUES('4002005', '0', '42400', '0', '0', '0', '0');
REPLACE INTO `npc_vendor` (`entry`, `slot`, `item`, `maxcount`, `incrtime`, `ExtendedCost`, `VerifiedBuild`) VALUES('4003001', '0', '9275', '0', '0', '0', '0');
REPLACE INTO `npc_vendor` (`entry`, `slot`, `item`, `maxcount`, `incrtime`, `ExtendedCost`, `VerifiedBuild`) VALUES('4001005', '0', '8153', '0', '0', '0', '0');
REPLACE INTO `npc_vendor` (`entry`, `slot`, `item`, `maxcount`, `incrtime`, `ExtendedCost`, `VerifiedBuild`) VALUES('4002003', '0', '43361', '0', '0', '0', '0');
REPLACE INTO `npc_vendor` (`entry`, `slot`, `item`, `maxcount`, `incrtime`, `ExtendedCost`, `VerifiedBuild`) VALUES('4001003', '0', '15419', '0', '0', '0', '0');
REPLACE INTO `npc_vendor` (`entry`, `slot`, `item`, `maxcount`, `incrtime`, `ExtendedCost`, `VerifiedBuild`) VALUES('4002004', '0', '42911', '0', '0', '0', '0');
REPLACE INTO `npc_vendor` (`entry`, `slot`, `item`, `maxcount`, `incrtime`, `ExtendedCost`, `VerifiedBuild`) VALUES('4003001', '0', '18250', '0', '0', '0', '0');
REPLACE INTO `npc_vendor` (`entry`, `slot`, `item`, `maxcount`, `incrtime`, `ExtendedCost`, `VerifiedBuild`) VALUES('4002007', '0', '41533', '0', '0', '0', '0');
REPLACE INTO `npc_vendor` (`entry`, `slot`, `item`, `maxcount`, `incrtime`, `ExtendedCost`, `VerifiedBuild`) VALUES('4001006', '0', '11174', '0', '0', '0', '0');
REPLACE INTO `npc_vendor` (`entry`, `slot`, `item`, `maxcount`, `incrtime`, `ExtendedCost`, `VerifiedBuild`) VALUES('4002001', '0', '43343', '0', '0', '0', '0');
REPLACE INTO `npc_vendor` (`entry`, `slot`, `item`, `maxcount`, `incrtime`, `ExtendedCost`, `VerifiedBuild`) VALUES('4001004', '0', '17203', '0', '0', '0', '0');
REPLACE INTO `npc_vendor` (`entry`, `slot`, `item`, `maxcount`, `incrtime`, `ExtendedCost`, `VerifiedBuild`) VALUES('4002010', '0', '43399', '0', '0', '0', '0');
REPLACE INTO `npc_vendor` (`entry`, `slot`, `item`, `maxcount`, `incrtime`, `ExtendedCost`, `VerifiedBuild`) VALUES('4003001', '0', '4484', '0', '0', '0', '0');
REPLACE INTO `npc_vendor` (`entry`, `slot`, `item`, `maxcount`, `incrtime`, `ExtendedCost`, `VerifiedBuild`) VALUES('4002008', '0', '42473', '0', '0', '0', '0');
REPLACE INTO `npc_vendor` (`entry`, `slot`, `item`, `maxcount`, `incrtime`, `ExtendedCost`, `VerifiedBuild`) VALUES('4001009', '0', '21716', '0', '0', '0', '0');
REPLACE INTO `npc_vendor` (`entry`, `slot`, `item`, `maxcount`, `incrtime`, `ExtendedCost`, `VerifiedBuild`) VALUES('4003004', '9', '17038', '0', '0', '0', '0');
REPLACE INTO `npc_vendor` (`entry`, `slot`, `item`, `maxcount`, `incrtime`, `ExtendedCost`, `VerifiedBuild`) VALUES('4001009', '0', '21714', '0', '0', '0', '0');
REPLACE INTO `npc_vendor` (`entry`, `slot`, `item`, `maxcount`, `incrtime`, `ExtendedCost`, `VerifiedBuild`) VALUES('4001010', '0', '22300', '0', '0', '0', '0');
REPLACE INTO `npc_vendor` (`entry`, `slot`, `item`, `maxcount`, `incrtime`, `ExtendedCost`, `VerifiedBuild`) VALUES('4002005', '0', '42405', '0', '0', '0', '0');
REPLACE INTO `npc_vendor` (`entry`, `slot`, `item`, `maxcount`, `incrtime`, `ExtendedCost`, `VerifiedBuild`) VALUES('4001002', '0', '41593', '0', '0', '0', '0');
REPLACE INTO `npc_vendor` (`entry`, `slot`, `item`, `maxcount`, `incrtime`, `ExtendedCost`, `VerifiedBuild`) VALUES('4002005', '0', '42410', '0', '0', '0', '0');
REPLACE INTO `npc_vendor` (`entry`, `slot`, `item`, `maxcount`, `incrtime`, `ExtendedCost`, `VerifiedBuild`) VALUES('4003001', '0', '13307', '0', '0', '0', '0');
REPLACE INTO `npc_vendor` (`entry`, `slot`, `item`, `maxcount`, `incrtime`, `ExtendedCost`, `VerifiedBuild`) VALUES('4003001', '0', '18249', '0', '0', '0', '0');
REPLACE INTO `npc_vendor` (`entry`, `slot`, `item`, `maxcount`, `incrtime`, `ExtendedCost`, `VerifiedBuild`) VALUES('4003004', '2', '41599', '0', '0', '0', '0');
REPLACE INTO `npc_vendor` (`entry`, `slot`, `item`, `maxcount`, `incrtime`, `ExtendedCost`, `VerifiedBuild`) VALUES('4003004', '9', '5178', '0', '0', '0', '0');
REPLACE INTO `npc_vendor` (`entry`, `slot`, `item`, `maxcount`, `incrtime`, `ExtendedCost`, `VerifiedBuild`) VALUES('4002001', '0', '42973', '0', '0', '0', '0');
REPLACE INTO `npc_vendor` (`entry`, `slot`, `item`, `maxcount`, `incrtime`, `ExtendedCost`, `VerifiedBuild`) VALUES('4001010', '0', '22132', '0', '0', '0', '0');
REPLACE INTO `npc_vendor` (`entry`, `slot`, `item`, `maxcount`, `incrtime`, `ExtendedCost`, `VerifiedBuild`) VALUES('4001005', '0', '39970', '0', '0', '0', '0');
REPLACE INTO `npc_vendor` (`entry`, `slot`, `item`, `maxcount`, `incrtime`, `ExtendedCost`, `VerifiedBuild`) VALUES('4001006', '0', '11138', '0', '0', '0', '0');
REPLACE INTO `npc_vendor` (`entry`, `slot`, `item`, `maxcount`, `incrtime`, `ExtendedCost`, `VerifiedBuild`) VALUES('4002007', '0', '41524', '0', '0', '0', '0');
REPLACE INTO `npc_vendor` (`entry`, `slot`, `item`, `maxcount`, `incrtime`, `ExtendedCost`, `VerifiedBuild`) VALUES('4002005', '0', '42406', '0', '0', '0', '0');
REPLACE INTO `npc_vendor` (`entry`, `slot`, `item`, `maxcount`, `incrtime`, `ExtendedCost`, `VerifiedBuild`) VALUES('4002010', '0', '43420', '0', '0', '0', '0');
REPLACE INTO `npc_vendor` (`entry`, `slot`, `item`, `maxcount`, `incrtime`, `ExtendedCost`, `VerifiedBuild`) VALUES('4001010', '0', '46709', '0', '0', '0', '0');
REPLACE INTO `npc_vendor` (`entry`, `slot`, `item`, `maxcount`, `incrtime`, `ExtendedCost`, `VerifiedBuild`) VALUES('4003002', '0', '31704', '0', '0', '0', '0');
REPLACE INTO `npc_vendor` (`entry`, `slot`, `item`, `maxcount`, `incrtime`, `ExtendedCost`, `VerifiedBuild`) VALUES('4002010', '0', '43427', '0', '0', '0', '0');
REPLACE INTO `npc_vendor` (`entry`, `slot`, `item`, `maxcount`, `incrtime`, `ExtendedCost`, `VerifiedBuild`) VALUES('4001002', '0', '10285', '0', '0', '0', '0');
REPLACE INTO `npc_vendor` (`entry`, `slot`, `item`, `maxcount`, `incrtime`, `ExtendedCost`, `VerifiedBuild`) VALUES('4001005', '0', '2450', '0', '0', '0', '0');
REPLACE INTO `npc_vendor` (`entry`, `slot`, `item`, `maxcount`, `incrtime`, `ExtendedCost`, `VerifiedBuild`) VALUES('4001009', '0', '21559', '0', '0', '0', '0');
REPLACE INTO `npc_vendor` (`entry`, `slot`, `item`, `maxcount`, `incrtime`, `ExtendedCost`, `VerifiedBuild`) VALUES('4001007', '0', '23077', '0', '0', '0', '0');
REPLACE INTO `npc_vendor` (`entry`, `slot`, `item`, `maxcount`, `incrtime`, `ExtendedCost`, `VerifiedBuild`) VALUES('4002010', '0', '43421', '0', '0', '0', '0');
REPLACE INTO `npc_vendor` (`entry`, `slot`, `item`, `maxcount`, `incrtime`, `ExtendedCost`, `VerifiedBuild`) VALUES('4002005', '0', '42399', '0', '0', '0', '0');
REPLACE INTO `npc_vendor` (`entry`, `slot`, `item`, `maxcount`, `incrtime`, `ExtendedCost`, `VerifiedBuild`) VALUES('4002010', '0', '45794', '0', '0', '0', '0');
REPLACE INTO `npc_vendor` (`entry`, `slot`, `item`, `maxcount`, `incrtime`, `ExtendedCost`, `VerifiedBuild`) VALUES('4002003', '0', '42740', '0', '0', '0', '0');
REPLACE INTO `npc_vendor` (`entry`, `slot`, `item`, `maxcount`, `incrtime`, `ExtendedCost`, `VerifiedBuild`) VALUES('4003001', '0', '4882', '0', '0', '0', '0');
REPLACE INTO `npc_vendor` (`entry`, `slot`, `item`, `maxcount`, `incrtime`, `ExtendedCost`, `VerifiedBuild`) VALUES('4002009', '0', '43543', '0', '0', '0', '0');
REPLACE INTO `npc_vendor` (`entry`, `slot`, `item`, `maxcount`, `incrtime`, `ExtendedCost`, `VerifiedBuild`) VALUES('4003004', '9', '5177', '0', '0', '0', '0');
REPLACE INTO `npc_vendor` (`entry`, `slot`, `item`, `maxcount`, `incrtime`, `ExtendedCost`, `VerifiedBuild`) VALUES('4002001', '0', '45768', '0', '0', '0', '0');
REPLACE INTO `npc_vendor` (`entry`, `slot`, `item`, `maxcount`, `incrtime`, `ExtendedCost`, `VerifiedBuild`) VALUES('4002007', '0', '43385', '0', '0', '0', '0');
REPLACE INTO `npc_vendor` (`entry`, `slot`, `item`, `maxcount`, `incrtime`, `ExtendedCost`, `VerifiedBuild`) VALUES('4003001', '0', '11079', '0', '0', '0', '0');
REPLACE INTO `npc_vendor` (`entry`, `slot`, `item`, `maxcount`, `incrtime`, `ExtendedCost`, `VerifiedBuild`) VALUES('4001002', '0', '2589', '0', '0', '0', '0');
REPLACE INTO `npc_vendor` (`entry`, `slot`, `item`, `maxcount`, `incrtime`, `ExtendedCost`, `VerifiedBuild`) VALUES('4001009', '0', '21960', '0', '0', '0', '0');
REPLACE INTO `npc_vendor` (`entry`, `slot`, `item`, `maxcount`, `incrtime`, `ExtendedCost`, `VerifiedBuild`) VALUES('4003001', '0', '13140', '0', '0', '0', '0');
REPLACE INTO `npc_vendor` (`entry`, `slot`, `item`, `maxcount`, `incrtime`, `ExtendedCost`, `VerifiedBuild`) VALUES('4001005', '0', '19727', '0', '0', '0', '0');
REPLACE INTO `npc_vendor` (`entry`, `slot`, `item`, `maxcount`, `incrtime`, `ExtendedCost`, `VerifiedBuild`) VALUES('4002006', '0', '43366', '0', '0', '0', '0');
REPLACE INTO `npc_vendor` (`entry`, `slot`, `item`, `maxcount`, `incrtime`, `ExtendedCost`, `VerifiedBuild`) VALUES('4001007', '0', '23438', '0', '0', '0', '0');
REPLACE INTO `npc_vendor` (`entry`, `slot`, `item`, `maxcount`, `incrtime`, `ExtendedCost`, `VerifiedBuild`) VALUES('4002001', '0', '45764', '0', '0', '0', '0');
REPLACE INTO `npc_vendor` (`entry`, `slot`, `item`, `maxcount`, `incrtime`, `ExtendedCost`, `VerifiedBuild`) VALUES('4001010', '0', '22263', '0', '0', '0', '0');
REPLACE INTO `npc_vendor` (`entry`, `slot`, `item`, `maxcount`, `incrtime`, `ExtendedCost`, `VerifiedBuild`) VALUES('4002009', '0', '45805', '0', '0', '0', '0');
REPLACE INTO `npc_vendor` (`entry`, `slot`, `item`, `maxcount`, `incrtime`, `ExtendedCost`, `VerifiedBuild`) VALUES('4003004', '2', '51809', '0', '0', '0', '0');
REPLACE INTO `npc_vendor` (`entry`, `slot`, `item`, `maxcount`, `incrtime`, `ExtendedCost`, `VerifiedBuild`) VALUES('4002001', '0', '43378', '0', '0', '0', '0');
REPLACE INTO `npc_vendor` (`entry`, `slot`, `item`, `maxcount`, `incrtime`, `ExtendedCost`, `VerifiedBuild`) VALUES('4002008', '0', '43394', '0', '0', '0', '0');
REPLACE INTO `npc_vendor` (`entry`, `slot`, `item`, `maxcount`, `incrtime`, `ExtendedCost`, `VerifiedBuild`) VALUES('4003001', '0', '5916', '0', '0', '0', '0');
REPLACE INTO `npc_vendor` (`entry`, `slot`, `item`, `maxcount`, `incrtime`, `ExtendedCost`, `VerifiedBuild`) VALUES('4002010', '0', '43432', '0', '0', '0', '0');
REPLACE INTO `npc_vendor` (`entry`, `slot`, `item`, `maxcount`, `incrtime`, `ExtendedCost`, `VerifiedBuild`) VALUES('4002002', '0', '40914', '0', '0', '0', '0');
REPLACE INTO `npc_vendor` (`entry`, `slot`, `item`, `maxcount`, `incrtime`, `ExtendedCost`, `VerifiedBuild`) VALUES('4002002', '0', '40921', '0', '0', '0', '0');
REPLACE INTO `npc_vendor` (`entry`, `slot`, `item`, `maxcount`, `incrtime`, `ExtendedCost`, `VerifiedBuild`) VALUES('4003004', '3', '42949', '0', '0', '0', '0');
REPLACE INTO `npc_vendor` (`entry`, `slot`, `item`, `maxcount`, `incrtime`, `ExtendedCost`, `VerifiedBuild`) VALUES('4003004', '3', '42945', '0', '0', '0', '0');
REPLACE INTO `npc_vendor` (`entry`, `slot`, `item`, `maxcount`, `incrtime`, `ExtendedCost`, `VerifiedBuild`) VALUES('4002006', '0', '45745', '0', '0', '0', '0');
REPLACE INTO `npc_vendor` (`entry`, `slot`, `item`, `maxcount`, `incrtime`, `ExtendedCost`, `VerifiedBuild`) VALUES('4001006', '0', '11144', '0', '0', '0', '0');
REPLACE INTO `npc_vendor` (`entry`, `slot`, `item`, `maxcount`, `incrtime`, `ExtendedCost`, `VerifiedBuild`) VALUES('4003004', '1', '41586', '0', '0', '0', '0');
REPLACE INTO `npc_vendor` (`entry`, `slot`, `item`, `maxcount`, `incrtime`, `ExtendedCost`, `VerifiedBuild`) VALUES('4001010', '0', '22170', '0', '0', '0', '0');
REPLACE INTO `npc_vendor` (`entry`, `slot`, `item`, `maxcount`, `incrtime`, `ExtendedCost`, `VerifiedBuild`) VALUES('4003001', '0', '13305', '0', '0', '0', '0');
REPLACE INTO `npc_vendor` (`entry`, `slot`, `item`, `maxcount`, `incrtime`, `ExtendedCost`, `VerifiedBuild`) VALUES('4003002', '0', '30712', '0', '0', '0', '0');
REPLACE INTO `npc_vendor` (`entry`, `slot`, `item`, `maxcount`, `incrtime`, `ExtendedCost`, `VerifiedBuild`) VALUES('4002008', '0', '43389', '0', '0', '0', '0');
REPLACE INTO `npc_vendor` (`entry`, `slot`, `item`, `maxcount`, `incrtime`, `ExtendedCost`, `VerifiedBuild`) VALUES('4001001', '0', '22578', '0', '0', '0', '0');
REPLACE INTO `npc_vendor` (`entry`, `slot`, `item`, `maxcount`, `incrtime`, `ExtendedCost`, `VerifiedBuild`) VALUES('4001009', '0', '21975', '0', '0', '0', '0');
REPLACE INTO `npc_vendor` (`entry`, `slot`, `item`, `maxcount`, `incrtime`, `ExtendedCost`, `VerifiedBuild`) VALUES('4001006', '0', '22462', '0', '0', '0', '0');
REPLACE INTO `npc_vendor` (`entry`, `slot`, `item`, `maxcount`, `incrtime`, `ExtendedCost`, `VerifiedBuild`) VALUES('4001007', '0', '41334', '0', '0', '0', '0');
REPLACE INTO `npc_vendor` (`entry`, `slot`, `item`, `maxcount`, `incrtime`, `ExtendedCost`, `VerifiedBuild`) VALUES('4001007', '0', '41266', '0', '0', '0', '0');
REPLACE INTO `npc_vendor` (`entry`, `slot`, `item`, `maxcount`, `incrtime`, `ExtendedCost`, `VerifiedBuild`) VALUES('4001005', '0', '22797', '0', '0', '0', '0');
REPLACE INTO `npc_vendor` (`entry`, `slot`, `item`, `maxcount`, `incrtime`, `ExtendedCost`, `VerifiedBuild`) VALUES('4001010', '0', '22136', '0', '0', '0', '0');
REPLACE INTO `npc_vendor` (`entry`, `slot`, `item`, `maxcount`, `incrtime`, `ExtendedCost`, `VerifiedBuild`) VALUES('4003004', '3', '42985', '0', '0', '0', '0');
REPLACE INTO `npc_vendor` (`entry`, `slot`, `item`, `maxcount`, `incrtime`, `ExtendedCost`, `VerifiedBuild`) VALUES('4002005', '0', '45755', '0', '0', '0', '0');
REPLACE INTO `npc_vendor` (`entry`, `slot`, `item`, `maxcount`, `incrtime`, `ExtendedCost`, `VerifiedBuild`) VALUES('4001010', '0', '22261', '0', '0', '0', '0');
REPLACE INTO `npc_vendor` (`entry`, `slot`, `item`, `maxcount`, `incrtime`, `ExtendedCost`, `VerifiedBuild`) VALUES('4001005', '0', '13468', '0', '0', '0', '0');
REPLACE INTO `npc_vendor` (`entry`, `slot`, `item`, `maxcount`, `incrtime`, `ExtendedCost`, `VerifiedBuild`) VALUES('4002005', '0', '42397', '0', '0', '0', '0');
REPLACE INTO `npc_vendor` (`entry`, `slot`, `item`, `maxcount`, `incrtime`, `ExtendedCost`, `VerifiedBuild`) VALUES('4001010', '0', '22168', '0', '0', '0', '0');
REPLACE INTO `npc_vendor` (`entry`, `slot`, `item`, `maxcount`, `incrtime`, `ExtendedCost`, `VerifiedBuild`) VALUES('4003002', '0', '29501', '0', '0', '0', '0');
REPLACE INTO `npc_vendor` (`entry`, `slot`, `item`, `maxcount`, `incrtime`, `ExtendedCost`, `VerifiedBuild`) VALUES('4002005', '0', '43372', '0', '0', '0', '0');
REPLACE INTO `npc_vendor` (`entry`, `slot`, `item`, `maxcount`, `incrtime`, `ExtendedCost`, `VerifiedBuild`) VALUES('4001006', '0', '6339', '0', '0', '0', '0');
REPLACE INTO `npc_vendor` (`entry`, `slot`, `item`, `maxcount`, `incrtime`, `ExtendedCost`, `VerifiedBuild`) VALUES('4002001', '0', '42961', '0', '0', '0', '0');
REPLACE INTO `npc_vendor` (`entry`, `slot`, `item`, `maxcount`, `incrtime`, `ExtendedCost`, `VerifiedBuild`) VALUES('4002006', '0', '41092', '0', '0', '0', '0');
REPLACE INTO `npc_vendor` (`entry`, `slot`, `item`, `maxcount`, `incrtime`, `ExtendedCost`, `VerifiedBuild`) VALUES('4001003', '0', '15407', '0', '0', '0', '0');
REPLACE INTO `npc_vendor` (`entry`, `slot`, `item`, `maxcount`, `incrtime`, `ExtendedCost`, `VerifiedBuild`) VALUES('4001005', '0', '13464', '0', '0', '0', '0');
REPLACE INTO `npc_vendor` (`entry`, `slot`, `item`, `maxcount`, `incrtime`, `ExtendedCost`, `VerifiedBuild`) VALUES('4003004', '9', '6265', '0', '0', '0', '0');
REPLACE INTO `npc_vendor` (`entry`, `slot`, `item`, `maxcount`, `incrtime`, `ExtendedCost`, `VerifiedBuild`) VALUES('4002005', '0', '42417', '0', '0', '0', '0');
REPLACE INTO `npc_vendor` (`entry`, `slot`, `item`, `maxcount`, `incrtime`, `ExtendedCost`, `VerifiedBuild`) VALUES('4003004', '3', '44098', '0', '0', '0', '0');
REPLACE INTO `npc_vendor` (`entry`, `slot`, `item`, `maxcount`, `incrtime`, `ExtendedCost`, `VerifiedBuild`) VALUES('4001010', '0', '22283', '0', '0', '0', '0');
REPLACE INTO `npc_vendor` (`entry`, `slot`, `item`, `maxcount`, `incrtime`, `ExtendedCost`, `VerifiedBuild`) VALUES('4003004', '9', '17035', '0', '0', '0', '0');
REPLACE INTO `npc_vendor` (`entry`, `slot`, `item`, `maxcount`, `incrtime`, `ExtendedCost`, `VerifiedBuild`) VALUES('4001005', '0', '22792', '0', '0', '0', '0');
REPLACE INTO `npc_vendor` (`entry`, `slot`, `item`, `maxcount`, `incrtime`, `ExtendedCost`, `VerifiedBuild`) VALUES('4001003', '0', '8172', '0', '0', '0', '0');
REPLACE INTO `npc_vendor` (`entry`, `slot`, `item`, `maxcount`, `incrtime`, `ExtendedCost`, `VerifiedBuild`) VALUES('4003004', '9', '5565', '0', '0', '0', '0');
REPLACE INTO `npc_vendor` (`entry`, `slot`, `item`, `maxcount`, `incrtime`, `ExtendedCost`, `VerifiedBuild`) VALUES('4001004', '0', '6037', '0', '0', '0', '0');
REPLACE INTO `npc_vendor` (`entry`, `slot`, `item`, `maxcount`, `incrtime`, `ExtendedCost`, `VerifiedBuild`) VALUES('4001007', '0', '12800', '0', '0', '0', '0');
REPLACE INTO `npc_vendor` (`entry`, `slot`, `item`, `maxcount`, `incrtime`, `ExtendedCost`, `VerifiedBuild`) VALUES('4003003', '0', '40652', '0', '0', '0', '0');
REPLACE INTO `npc_vendor` (`entry`, `slot`, `item`, `maxcount`, `incrtime`, `ExtendedCost`, `VerifiedBuild`) VALUES('4002003', '0', '45740', '0', '0', '0', '0');
REPLACE INTO `npc_vendor` (`entry`, `slot`, `item`, `maxcount`, `incrtime`, `ExtendedCost`, `VerifiedBuild`) VALUES('4002007', '0', '45772', '0', '0', '0', '0');
REPLACE INTO `npc_vendor` (`entry`, `slot`, `item`, `maxcount`, `incrtime`, `ExtendedCost`, `VerifiedBuild`) VALUES('4001003', '0', '4236', '0', '0', '0', '0');
REPLACE INTO `npc_vendor` (`entry`, `slot`, `item`, `maxcount`, `incrtime`, `ExtendedCost`, `VerifiedBuild`) VALUES('4001005', '0', '8845', '0', '0', '0', '0');
REPLACE INTO `npc_vendor` (`entry`, `slot`, `item`, `maxcount`, `incrtime`, `ExtendedCost`, `VerifiedBuild`) VALUES('4003004', '1', '28056', '0', '0', '0', '0');
REPLACE INTO `npc_vendor` (`entry`, `slot`, `item`, `maxcount`, `incrtime`, `ExtendedCost`, `VerifiedBuild`) VALUES('4001007', '0', '32229', '0', '0', '0', '0');
REPLACE INTO `npc_vendor` (`entry`, `slot`, `item`, `maxcount`, `incrtime`, `ExtendedCost`, `VerifiedBuild`) VALUES('4001004', '0', '3577', '0', '0', '0', '0');
REPLACE INTO `npc_vendor` (`entry`, `slot`, `item`, `maxcount`, `incrtime`, `ExtendedCost`, `VerifiedBuild`) VALUES('4001007', '0', '36920', '0', '0', '0', '0');
REPLACE INTO `npc_vendor` (`entry`, `slot`, `item`, `maxcount`, `incrtime`, `ExtendedCost`, `VerifiedBuild`) VALUES('4002010', '0', '43412', '0', '0', '0', '0');
REPLACE INTO `npc_vendor` (`entry`, `slot`, `item`, `maxcount`, `incrtime`, `ExtendedCost`, `VerifiedBuild`) VALUES('4001007', '0', '36917', '0', '0', '0', '0');
REPLACE INTO `npc_vendor` (`entry`, `slot`, `item`, `maxcount`, `incrtime`, `ExtendedCost`, `VerifiedBuild`) VALUES('4003001', '0', '6893', '0', '0', '0', '0');
REPLACE INTO `npc_vendor` (`entry`, `slot`, `item`, `maxcount`, `incrtime`, `ExtendedCost`, `VerifiedBuild`) VALUES('4001005', '0', '22793', '0', '0', '0', '0');
REPLACE INTO `npc_vendor` (`entry`, `slot`, `item`, `maxcount`, `incrtime`, `ExtendedCost`, `VerifiedBuild`) VALUES('4002010', '0', '43431', '0', '0', '0', '0');
REPLACE INTO `npc_vendor` (`entry`, `slot`, `item`, `maxcount`, `incrtime`, `ExtendedCost`, `VerifiedBuild`) VALUES('4001001', '0', '40248', '0', '0', '0', '0');
REPLACE INTO `npc_vendor` (`entry`, `slot`, `item`, `maxcount`, `incrtime`, `ExtendedCost`, `VerifiedBuild`) VALUES('4003002', '0', '29460', '0', '0', '0', '0');
REPLACE INTO `npc_vendor` (`entry`, `slot`, `item`, `maxcount`, `incrtime`, `ExtendedCost`, `VerifiedBuild`) VALUES('4002004', '0', '42909', '0', '0', '0', '0');
REPLACE INTO `npc_vendor` (`entry`, `slot`, `item`, `maxcount`, `incrtime`, `ExtendedCost`, `VerifiedBuild`) VALUES('4001005', '0', '22787', '0', '0', '0', '0');
REPLACE INTO `npc_vendor` (`entry`, `slot`, `item`, `maxcount`, `incrtime`, `ExtendedCost`, `VerifiedBuild`) VALUES('4001001', '0', '23571', '0', '0', '0', '0');
REPLACE INTO `npc_vendor` (`entry`, `slot`, `item`, `maxcount`, `incrtime`, `ExtendedCost`, `VerifiedBuild`) VALUES('4002002', '0', '40915', '0', '0', '0', '0');
REPLACE INTO `npc_vendor` (`entry`, `slot`, `item`, `maxcount`, `incrtime`, `ExtendedCost`, `VerifiedBuild`) VALUES('4002006', '0', '45744', '0', '0', '0', '0');
REPLACE INTO `npc_vendor` (`entry`, `slot`, `item`, `maxcount`, `incrtime`, `ExtendedCost`, `VerifiedBuild`) VALUES('4001006', '0', '14344', '0', '0', '0', '0');
REPLACE INTO `npc_vendor` (`entry`, `slot`, `item`, `maxcount`, `incrtime`, `ExtendedCost`, `VerifiedBuild`) VALUES('4001006', '0', '22449', '0', '0', '0', '0');
REPLACE INTO `npc_vendor` (`entry`, `slot`, `item`, `maxcount`, `incrtime`, `ExtendedCost`, `VerifiedBuild`) VALUES('4001009', '0', '21713', '0', '0', '0', '0');
REPLACE INTO `npc_vendor` (`entry`, `slot`, `item`, `maxcount`, `incrtime`, `ExtendedCost`, `VerifiedBuild`) VALUES('4003004', '2', '856', '0', '0', '0', '0');
REPLACE INTO `npc_vendor` (`entry`, `slot`, `item`, `maxcount`, `incrtime`, `ExtendedCost`, `VerifiedBuild`) VALUES('4001006', '0', '25843', '0', '0', '0', '0');
REPLACE INTO `npc_vendor` (`entry`, `slot`, `item`, `maxcount`, `incrtime`, `ExtendedCost`, `VerifiedBuild`) VALUES('4001002', '0', '23855', '0', '0', '0', '0');
REPLACE INTO `npc_vendor` (`entry`, `slot`, `item`, `maxcount`, `incrtime`, `ExtendedCost`, `VerifiedBuild`) VALUES('4002004', '0', '42900', '0', '0', '0', '0');
REPLACE INTO `npc_vendor` (`entry`, `slot`, `item`, `maxcount`, `incrtime`, `ExtendedCost`, `VerifiedBuild`) VALUES('4002001', '0', '42956', '0', '0', '0', '0');
REPLACE INTO `npc_vendor` (`entry`, `slot`, `item`, `maxcount`, `incrtime`, `ExtendedCost`, `VerifiedBuild`) VALUES('4003004', '9', '17026', '0', '0', '0', '0');
REPLACE INTO `npc_vendor` (`entry`, `slot`, `item`, `maxcount`, `incrtime`, `ExtendedCost`, `VerifiedBuild`) VALUES('4001004', '0', '35128', '0', '0', '0', '0');
REPLACE INTO `npc_vendor` (`entry`, `slot`, `item`, `maxcount`, `incrtime`, `ExtendedCost`, `VerifiedBuild`) VALUES('4003004', '9', '17036', '0', '0', '0', '0');
REPLACE INTO `npc_vendor` (`entry`, `slot`, `item`, `maxcount`, `incrtime`, `ExtendedCost`, `VerifiedBuild`) VALUES('4001005', '0', '13466', '0', '0', '0', '0');
REPLACE INTO `npc_vendor` (`entry`, `slot`, `item`, `maxcount`, `incrtime`, `ExtendedCost`, `VerifiedBuild`) VALUES('4001004', '0', '12809', '0', '0', '0', '0');
REPLACE INTO `npc_vendor` (`entry`, `slot`, `item`, `maxcount`, `incrtime`, `ExtendedCost`, `VerifiedBuild`) VALUES('4003003', '0', '36760', '0', '0', '0', '0');
REPLACE INTO `npc_vendor` (`entry`, `slot`, `item`, `maxcount`, `incrtime`, `ExtendedCost`, `VerifiedBuild`) VALUES('4002010', '0', '43424', '0', '0', '0', '0');
REPLACE INTO `npc_vendor` (`entry`, `slot`, `item`, `maxcount`, `incrtime`, `ExtendedCost`, `VerifiedBuild`) VALUES('4002005', '0', '42415', '0', '0', '0', '0');
REPLACE INTO `npc_vendor` (`entry`, `slot`, `item`, `maxcount`, `incrtime`, `ExtendedCost`, `VerifiedBuild`) VALUES('4003001', '0', '11078', '0', '0', '0', '0');
REPLACE INTO `npc_vendor` (`entry`, `slot`, `item`, `maxcount`, `incrtime`, `ExtendedCost`, `VerifiedBuild`) VALUES('4002004', '0', '45733', '0', '0', '0', '0');
REPLACE INTO `npc_vendor` (`entry`, `slot`, `item`, `maxcount`, `incrtime`, `ExtendedCost`, `VerifiedBuild`) VALUES('4001003', '0', '25649', '0', '0', '0', '0');
REPLACE INTO `npc_vendor` (`entry`, `slot`, `item`, `maxcount`, `incrtime`, `ExtendedCost`, `VerifiedBuild`) VALUES('4003004', '3', '42951', '0', '0', '0', '0');
REPLACE INTO `npc_vendor` (`entry`, `slot`, `item`, `maxcount`, `incrtime`, `ExtendedCost`, `VerifiedBuild`) VALUES('4003001', '0', '5396', '0', '0', '0', '0');
REPLACE INTO `npc_vendor` (`entry`, `slot`, `item`, `maxcount`, `incrtime`, `ExtendedCost`, `VerifiedBuild`) VALUES('4001002', '0', '21842', '0', '0', '0', '0');
REPLACE INTO `npc_vendor` (`entry`, `slot`, `item`, `maxcount`, `incrtime`, `ExtendedCost`, `VerifiedBuild`) VALUES('4002008', '0', '43391', '0', '0', '0', '0');
REPLACE INTO `npc_vendor` (`entry`, `slot`, `item`, `maxcount`, `incrtime`, `ExtendedCost`, `VerifiedBuild`) VALUES('4003003', '0', '34078', '0', '0', '0', '0');
REPLACE INTO `npc_vendor` (`entry`, `slot`, `item`, `maxcount`, `incrtime`, `ExtendedCost`, `VerifiedBuild`) VALUES('4001007', '0', '32227', '0', '0', '0', '0');
REPLACE INTO `npc_vendor` (`entry`, `slot`, `item`, `maxcount`, `incrtime`, `ExtendedCost`, `VerifiedBuild`) VALUES('4001006', '0', '22445', '0', '0', '0', '0');
REPLACE INTO `npc_vendor` (`entry`, `slot`, `item`, `maxcount`, `incrtime`, `ExtendedCost`, `VerifiedBuild`) VALUES('4001002', '0', '42253', '0', '0', '0', '0');
REPLACE INTO `npc_vendor` (`entry`, `slot`, `item`, `maxcount`, `incrtime`, `ExtendedCost`, `VerifiedBuild`) VALUES('4002005', '0', '42412', '0', '0', '0', '0');
REPLACE INTO `npc_vendor` (`entry`, `slot`, `item`, `maxcount`, `incrtime`, `ExtendedCost`, `VerifiedBuild`) VALUES('4003001', '0', '9299', '0', '0', '0', '0');
REPLACE INTO `npc_vendor` (`entry`, `slot`, `item`, `maxcount`, `incrtime`, `ExtendedCost`, `VerifiedBuild`) VALUES('4001010', '0', '22164', '0', '0', '0', '0');
REPLACE INTO `npc_vendor` (`entry`, `slot`, `item`, `maxcount`, `incrtime`, `ExtendedCost`, `VerifiedBuild`) VALUES('4003004', '3', '44093', '0', '0', '0', '0');
REPLACE INTO `npc_vendor` (`entry`, `slot`, `item`, `maxcount`, `incrtime`, `ExtendedCost`, `VerifiedBuild`) VALUES('4001006', '0', '22447', '0', '0', '0', '0');
REPLACE INTO `npc_vendor` (`entry`, `slot`, `item`, `maxcount`, `incrtime`, `ExtendedCost`, `VerifiedBuild`) VALUES('4001003', '0', '29547', '0', '0', '0', '0');
REPLACE INTO `npc_vendor` (`entry`, `slot`, `item`, `maxcount`, `incrtime`, `ExtendedCost`, `VerifiedBuild`) VALUES('4003002', '0', '24490', '0', '0', '0', '0');
REPLACE INTO `npc_vendor` (`entry`, `slot`, `item`, `maxcount`, `incrtime`, `ExtendedCost`, `VerifiedBuild`) VALUES('4001009', '0', '21820', '0', '0', '0', '0');
REPLACE INTO `npc_vendor` (`entry`, `slot`, `item`, `maxcount`, `incrtime`, `ExtendedCost`, `VerifiedBuild`) VALUES('4003002', '0', '25490', '0', '0', '0', '0');
REPLACE INTO `npc_vendor` (`entry`, `slot`, `item`, `maxcount`, `incrtime`, `ExtendedCost`, `VerifiedBuild`) VALUES('4002009', '0', '45806', '0', '0', '0', '0');
REPLACE INTO `npc_vendor` (`entry`, `slot`, `item`, `maxcount`, `incrtime`, `ExtendedCost`, `VerifiedBuild`) VALUES('4003001', '0', '15881', '0', '0', '0', '0');
REPLACE INTO `npc_vendor` (`entry`, `slot`, `item`, `maxcount`, `incrtime`, `ExtendedCost`, `VerifiedBuild`) VALUES('4002003', '0', '42746', '0', '0', '0', '0');
REPLACE INTO `npc_vendor` (`entry`, `slot`, `item`, `maxcount`, `incrtime`, `ExtendedCost`, `VerifiedBuild`) VALUES('4001001', '0', '7069', '0', '0', '0', '0');
REPLACE INTO `npc_vendor` (`entry`, `slot`, `item`, `maxcount`, `incrtime`, `ExtendedCost`, `VerifiedBuild`) VALUES('4002001', '0', '42959', '0', '0', '0', '0');
REPLACE INTO `npc_vendor` (`entry`, `slot`, `item`, `maxcount`, `incrtime`, `ExtendedCost`, `VerifiedBuild`) VALUES('4001010', '0', '34684', '0', '0', '0', '0');
REPLACE INTO `npc_vendor` (`entry`, `slot`, `item`, `maxcount`, `incrtime`, `ExtendedCost`, `VerifiedBuild`) VALUES('4002002', '0', '40908', '0', '0', '0', '0');
REPLACE INTO `npc_vendor` (`entry`, `slot`, `item`, `maxcount`, `incrtime`, `ExtendedCost`, `VerifiedBuild`) VALUES('4002007', '0', '45771', '0', '0', '0', '0');
REPLACE INTO `npc_vendor` (`entry`, `slot`, `item`, `maxcount`, `incrtime`, `ExtendedCost`, `VerifiedBuild`) VALUES('4002003', '0', '42745', '0', '0', '0', '0');
REPLACE INTO `npc_vendor` (`entry`, `slot`, `item`, `maxcount`, `incrtime`, `ExtendedCost`, `VerifiedBuild`) VALUES('4003001', '0', '8147', '0', '0', '0', '0');
REPLACE INTO `npc_vendor` (`entry`, `slot`, `item`, `maxcount`, `incrtime`, `ExtendedCost`, `VerifiedBuild`) VALUES('4001004', '0', '36916', '0', '0', '0', '0');
REPLACE INTO `npc_vendor` (`entry`, `slot`, `item`, `maxcount`, `incrtime`, `ExtendedCost`, `VerifiedBuild`) VALUES('4003001', '0', '9472', '0', '0', '0', '0');
REPLACE INTO `npc_vendor` (`entry`, `slot`, `item`, `maxcount`, `incrtime`, `ExtendedCost`, `VerifiedBuild`) VALUES('4001010', '0', '22144', '0', '0', '0', '0');
REPLACE INTO `npc_vendor` (`entry`, `slot`, `item`, `maxcount`, `incrtime`, `ExtendedCost`, `VerifiedBuild`) VALUES('4002009', '0', '43825', '0', '0', '0', '0');
REPLACE INTO `npc_vendor` (`entry`, `slot`, `item`, `maxcount`, `incrtime`, `ExtendedCost`, `VerifiedBuild`) VALUES('4001010', '0', '22162', '0', '0', '0', '0');
REPLACE INTO `npc_vendor` (`entry`, `slot`, `item`, `maxcount`, `incrtime`, `ExtendedCost`, `VerifiedBuild`) VALUES('4002010', '0', '43423', '0', '0', '0', '0');
REPLACE INTO `npc_vendor` (`entry`, `slot`, `item`, `maxcount`, `incrtime`, `ExtendedCost`, `VerifiedBuild`) VALUES('4003003', '0', '42422', '0', '0', '0', '0');
REPLACE INTO `npc_vendor` (`entry`, `slot`, `item`, `maxcount`, `incrtime`, `ExtendedCost`, `VerifiedBuild`) VALUES('4002002', '0', '45622', '0', '0', '0', '0');
REPLACE INTO `npc_vendor` (`entry`, `slot`, `item`, `maxcount`, `incrtime`, `ExtendedCost`, `VerifiedBuild`) VALUES('4001006', '0', '34052', '0', '0', '0', '0');
REPLACE INTO `npc_vendor` (`entry`, `slot`, `item`, `maxcount`, `incrtime`, `ExtendedCost`, `VerifiedBuild`) VALUES('4002008', '0', '42468', '0', '0', '0', '0');
REPLACE INTO `npc_vendor` (`entry`, `slot`, `item`, `maxcount`, `incrtime`, `ExtendedCost`, `VerifiedBuild`) VALUES('4001009', '0', '21589', '0', '0', '0', '0');
REPLACE INTO `npc_vendor` (`entry`, `slot`, `item`, `maxcount`, `incrtime`, `ExtendedCost`, `VerifiedBuild`) VALUES('4003001', '0', '7208', '0', '0', '0', '0');
REPLACE INTO `npc_vendor` (`entry`, `slot`, `item`, `maxcount`, `incrtime`, `ExtendedCost`, `VerifiedBuild`) VALUES('4001004', '0', '23449', '0', '0', '0', '0');
REPLACE INTO `npc_vendor` (`entry`, `slot`, `item`, `maxcount`, `incrtime`, `ExtendedCost`, `VerifiedBuild`) VALUES('4003001', '0', '13873', '0', '0', '0', '0');
REPLACE INTO `npc_vendor` (`entry`, `slot`, `item`, `maxcount`, `incrtime`, `ExtendedCost`, `VerifiedBuild`) VALUES('4002003', '0', '42735', '0', '0', '0', '0');
REPLACE INTO `npc_vendor` (`entry`, `slot`, `item`, `maxcount`, `incrtime`, `ExtendedCost`, `VerifiedBuild`) VALUES('4001003', '0', '2934', '0', '0', '0', '0');
REPLACE INTO `npc_vendor` (`entry`, `slot`, `item`, `maxcount`, `incrtime`, `ExtendedCost`, `VerifiedBuild`) VALUES('4003001', '0', '11115', '0', '0', '0', '0');
REPLACE INTO `npc_vendor` (`entry`, `slot`, `item`, `maxcount`, `incrtime`, `ExtendedCost`, `VerifiedBuild`) VALUES('4001003', '0', '5785', '0', '0', '0', '0');
REPLACE INTO `npc_vendor` (`entry`, `slot`, `item`, `maxcount`, `incrtime`, `ExtendedCost`, `VerifiedBuild`) VALUES('4001006', '0', '22463', '0', '0', '0', '0');
REPLACE INTO `npc_vendor` (`entry`, `slot`, `item`, `maxcount`, `incrtime`, `ExtendedCost`, `VerifiedBuild`) VALUES('4002001', '0', '42957', '0', '0', '0', '0');
REPLACE INTO `npc_vendor` (`entry`, `slot`, `item`, `maxcount`, `incrtime`, `ExtendedCost`, `VerifiedBuild`) VALUES('4001007', '0', '36921', '0', '0', '0', '0');
REPLACE INTO `npc_vendor` (`entry`, `slot`, `item`, `maxcount`, `incrtime`, `ExtendedCost`, `VerifiedBuild`) VALUES('4001001', '0', '7067', '0', '0', '0', '0');
REPLACE INTO `npc_vendor` (`entry`, `slot`, `item`, `maxcount`, `incrtime`, `ExtendedCost`, `VerifiedBuild`) VALUES('4003004', '9', '17034', '0', '0', '0', '0');
REPLACE INTO `npc_vendor` (`entry`, `slot`, `item`, `maxcount`, `incrtime`, `ExtendedCost`, `VerifiedBuild`) VALUES('4002008', '0', '45780', '0', '0', '0', '0');
REPLACE INTO `npc_vendor` (`entry`, `slot`, `item`, `maxcount`, `incrtime`, `ExtendedCost`, `VerifiedBuild`) VALUES('4003001', '0', '5937', '0', '0', '0', '0');
REPLACE INTO `npc_vendor` (`entry`, `slot`, `item`, `maxcount`, `incrtime`, `ExtendedCost`, `VerifiedBuild`) VALUES('4002001', '0', '43376', '0', '0', '0', '0');
REPLACE INTO `npc_vendor` (`entry`, `slot`, `item`, `maxcount`, `incrtime`, `ExtendedCost`, `VerifiedBuild`) VALUES('4003001', '0', '11085', '0', '0', '0', '0');
REPLACE INTO `npc_vendor` (`entry`, `slot`, `item`, `maxcount`, `incrtime`, `ExtendedCost`, `VerifiedBuild`) VALUES('4003001', '0', '12143', '0', '0', '0', '0');
REPLACE INTO `npc_vendor` (`entry`, `slot`, `item`, `maxcount`, `incrtime`, `ExtendedCost`, `VerifiedBuild`) VALUES('4001002', '0', '33470', '0', '0', '0', '0');
REPLACE INTO `npc_vendor` (`entry`, `slot`, `item`, `maxcount`, `incrtime`, `ExtendedCost`, `VerifiedBuild`) VALUES('4001010', '0', '22176', '0', '0', '0', '0');
REPLACE INTO `npc_vendor` (`entry`, `slot`, `item`, `maxcount`, `incrtime`, `ExtendedCost`, `VerifiedBuild`) VALUES('4002003', '0', '42754', '0', '0', '0', '0');
REPLACE INTO `npc_vendor` (`entry`, `slot`, `item`, `maxcount`, `incrtime`, `ExtendedCost`, `VerifiedBuild`) VALUES('4003001', '0', '5690', '0', '0', '0', '0');
REPLACE INTO `npc_vendor` (`entry`, `slot`, `item`, `maxcount`, `incrtime`, `ExtendedCost`, `VerifiedBuild`) VALUES('4002007', '0', '43344', '0', '0', '0', '0');
REPLACE INTO `npc_vendor` (`entry`, `slot`, `item`, `maxcount`, `incrtime`, `ExtendedCost`, `VerifiedBuild`) VALUES('4002003', '0', '42748', '0', '0', '0', '0');
REPLACE INTO `npc_vendor` (`entry`, `slot`, `item`, `maxcount`, `incrtime`, `ExtendedCost`, `VerifiedBuild`) VALUES('4001004', '0', '18562', '0', '0', '0', '0');
REPLACE INTO `npc_vendor` (`entry`, `slot`, `item`, `maxcount`, `incrtime`, `ExtendedCost`, `VerifiedBuild`) VALUES('4002007', '0', '41518', '0', '0', '0', '0');
REPLACE INTO `npc_vendor` (`entry`, `slot`, `item`, `maxcount`, `incrtime`, `ExtendedCost`, `VerifiedBuild`) VALUES('4002008', '0', '42455', '0', '0', '0', '0');
REPLACE INTO `npc_vendor` (`entry`, `slot`, `item`, `maxcount`, `incrtime`, `ExtendedCost`, `VerifiedBuild`) VALUES('4002002', '0', '40901', '0', '0', '0', '0');
REPLACE INTO `npc_vendor` (`entry`, `slot`, `item`, `maxcount`, `incrtime`, `ExtendedCost`, `VerifiedBuild`) VALUES('4002006', '0', '43369', '0', '0', '0', '0');
REPLACE INTO `npc_vendor` (`entry`, `slot`, `item`, `maxcount`, `incrtime`, `ExtendedCost`, `VerifiedBuild`) VALUES('4003001', '0', '5691', '0', '0', '0', '0');
REPLACE INTO `npc_vendor` (`entry`, `slot`, `item`, `maxcount`, `incrtime`, `ExtendedCost`, `VerifiedBuild`) VALUES('4001004', '0', '23445', '0', '0', '0', '0');
REPLACE INTO `npc_vendor` (`entry`, `slot`, `item`, `maxcount`, `incrtime`, `ExtendedCost`, `VerifiedBuild`) VALUES('4001005', '0', '3355', '0', '0', '0', '0');
REPLACE INTO `npc_vendor` (`entry`, `slot`, `item`, `maxcount`, `incrtime`, `ExtendedCost`, `VerifiedBuild`) VALUES('4001010', '0', '22286', '0', '0', '0', '0');
REPLACE INTO `npc_vendor` (`entry`, `slot`, `item`, `maxcount`, `incrtime`, `ExtendedCost`, `VerifiedBuild`) VALUES('4001006', '0', '11134', '0', '0', '0', '0');
REPLACE INTO `npc_vendor` (`entry`, `slot`, `item`, `maxcount`, `incrtime`, `ExtendedCost`, `VerifiedBuild`) VALUES('4002006', '0', '41104', '0', '0', '0', '0');
REPLACE INTO `npc_vendor` (`entry`, `slot`, `item`, `maxcount`, `incrtime`, `ExtendedCost`, `VerifiedBuild`) VALUES('4002008', '0', '42471', '0', '0', '0', '0');
REPLACE INTO `npc_vendor` (`entry`, `slot`, `item`, `maxcount`, `incrtime`, `ExtendedCost`, `VerifiedBuild`) VALUES('4002004', '0', '43355', '0', '0', '0', '0');
REPLACE INTO `npc_vendor` (`entry`, `slot`, `item`, `maxcount`, `incrtime`, `ExtendedCost`, `VerifiedBuild`) VALUES('4001006', '0', '11175', '0', '0', '0', '0');
REPLACE INTO `npc_vendor` (`entry`, `slot`, `item`, `maxcount`, `incrtime`, `ExtendedCost`, `VerifiedBuild`) VALUES('4001001', '0', '7077', '0', '0', '0', '0');
REPLACE INTO `npc_vendor` (`entry`, `slot`, `item`, `maxcount`, `incrtime`, `ExtendedCost`, `VerifiedBuild`) VALUES('4001010', '0', '37710', '0', '0', '0', '0');
REPLACE INTO `npc_vendor` (`entry`, `slot`, `item`, `maxcount`, `incrtime`, `ExtendedCost`, `VerifiedBuild`) VALUES('4002002', '0', '44922', '0', '0', '0', '0');
REPLACE INTO `npc_vendor` (`entry`, `slot`, `item`, `maxcount`, `incrtime`, `ExtendedCost`, `VerifiedBuild`) VALUES('4001003', '0', '15409', '0', '0', '0', '0');
REPLACE INTO `npc_vendor` (`entry`, `slot`, `item`, `maxcount`, `incrtime`, `ExtendedCost`, `VerifiedBuild`) VALUES('4001010', '0', '22141', '0', '0', '0', '0');
REPLACE INTO `npc_vendor` (`entry`, `slot`, `item`, `maxcount`, `incrtime`, `ExtendedCost`, `VerifiedBuild`) VALUES('4002005', '0', '42396', '0', '0', '0', '0');
REPLACE INTO `npc_vendor` (`entry`, `slot`, `item`, `maxcount`, `incrtime`, `ExtendedCost`, `VerifiedBuild`) VALUES('4001003', '0', '49334', '0', '0', '0', '0');
REPLACE INTO `npc_vendor` (`entry`, `slot`, `item`, `maxcount`, `incrtime`, `ExtendedCost`, `VerifiedBuild`) VALUES('4001005', '0', '785', '0', '0', '0', '0');
REPLACE INTO `npc_vendor` (`entry`, `slot`, `item`, `maxcount`, `incrtime`, `ExtendedCost`, `VerifiedBuild`) VALUES('4003004', '2', '41600', '0', '0', '0', '0');
REPLACE INTO `npc_vendor` (`entry`, `slot`, `item`, `maxcount`, `incrtime`, `ExtendedCost`, `VerifiedBuild`) VALUES('4003001', '0', '3704', '0', '0', '0', '0');
REPLACE INTO `npc_vendor` (`entry`, `slot`, `item`, `maxcount`, `incrtime`, `ExtendedCost`, `VerifiedBuild`) VALUES('4003004', '2', '1725', '0', '0', '0', '0');
REPLACE INTO `npc_vendor` (`entry`, `slot`, `item`, `maxcount`, `incrtime`, `ExtendedCost`, `VerifiedBuild`) VALUES('4001001', '0', '35622', '0', '0', '0', '0');
REPLACE INTO `npc_vendor` (`entry`, `slot`, `item`, `maxcount`, `incrtime`, `ExtendedCost`, `VerifiedBuild`) VALUES('4001010', '0', '22262', '0', '0', '0', '0');
REPLACE INTO `npc_vendor` (`entry`, `slot`, `item`, `maxcount`, `incrtime`, `ExtendedCost`, `VerifiedBuild`) VALUES('4002008', '0', '42466', '0', '0', '0', '0');
REPLACE INTO `npc_vendor` (`entry`, `slot`, `item`, `maxcount`, `incrtime`, `ExtendedCost`, `VerifiedBuild`) VALUES('4001009', '0', '21213', '0', '0', '0', '0');
REPLACE INTO `npc_vendor` (`entry`, `slot`, `item`, `maxcount`, `incrtime`, `ExtendedCost`, `VerifiedBuild`) VALUES('4001010', '0', '22175', '0', '0', '0', '0');
REPLACE INTO `npc_vendor` (`entry`, `slot`, `item`, `maxcount`, `incrtime`, `ExtendedCost`, `VerifiedBuild`) VALUES('4001004', '0', '36913', '0', '0', '0', '0');
REPLACE INTO `npc_vendor` (`entry`, `slot`, `item`, `maxcount`, `incrtime`, `ExtendedCost`, `VerifiedBuild`) VALUES('4001002', '0', '3182', '0', '0', '0', '0');
REPLACE INTO `npc_vendor` (`entry`, `slot`, `item`, `maxcount`, `incrtime`, `ExtendedCost`, `VerifiedBuild`) VALUES('4002002', '0', '40899', '0', '0', '0', '0');
REPLACE INTO `npc_vendor` (`entry`, `slot`, `item`, `maxcount`, `incrtime`, `ExtendedCost`, `VerifiedBuild`) VALUES('4001009', '0', '21561', '0', '0', '0', '0');
REPLACE INTO `npc_vendor` (`entry`, `slot`, `item`, `maxcount`, `incrtime`, `ExtendedCost`, `VerifiedBuild`) VALUES('4001002', '0', '4306', '0', '0', '0', '0');
REPLACE INTO `npc_vendor` (`entry`, `slot`, `item`, `maxcount`, `incrtime`, `ExtendedCost`, `VerifiedBuild`) VALUES('4001010', '0', '22177', '0', '0', '0', '0');
REPLACE INTO `npc_vendor` (`entry`, `slot`, `item`, `maxcount`, `incrtime`, `ExtendedCost`, `VerifiedBuild`) VALUES('4001010', '0', '22174', '0', '0', '0', '0');
REPLACE INTO `npc_vendor` (`entry`, `slot`, `item`, `maxcount`, `incrtime`, `ExtendedCost`, `VerifiedBuild`) VALUES('4002006', '0', '43867', '0', '0', '0', '0');
REPLACE INTO `npc_vendor` (`entry`, `slot`, `item`, `maxcount`, `incrtime`, `ExtendedCost`, `VerifiedBuild`) VALUES('4002002', '0', '43335', '0', '0', '0', '0');
REPLACE INTO `npc_vendor` (`entry`, `slot`, `item`, `maxcount`, `incrtime`, `ExtendedCost`, `VerifiedBuild`) VALUES('4001002', '0', '14048', '0', '0', '0', '0');
REPLACE INTO `npc_vendor` (`entry`, `slot`, `item`, `maxcount`, `incrtime`, `ExtendedCost`, `VerifiedBuild`) VALUES('4001006', '0', '11137', '0', '0', '0', '0');
REPLACE INTO `npc_vendor` (`entry`, `slot`, `item`, `maxcount`, `incrtime`, `ExtendedCost`, `VerifiedBuild`) VALUES('4001007', '0', '23436', '0', '0', '0', '0');
REPLACE INTO `npc_vendor` (`entry`, `slot`, `item`, `maxcount`, `incrtime`, `ExtendedCost`, `VerifiedBuild`) VALUES('4003001', '0', '15328', '0', '0', '0', '0');
REPLACE INTO `npc_vendor` (`entry`, `slot`, `item`, `maxcount`, `incrtime`, `ExtendedCost`, `VerifiedBuild`) VALUES('4002010', '0', '43396', '0', '0', '0', '0');
REPLACE INTO `npc_vendor` (`entry`, `slot`, `item`, `maxcount`, `incrtime`, `ExtendedCost`, `VerifiedBuild`) VALUES('4002008', '0', '42461', '0', '0', '0', '0');
REPLACE INTO `npc_vendor` (`entry`, `slot`, `item`, `maxcount`, `incrtime`, `ExtendedCost`, `VerifiedBuild`) VALUES('4002009', '0', '43538', '0', '0', '0', '0');
REPLACE INTO `npc_vendor` (`entry`, `slot`, `item`, `maxcount`, `incrtime`, `ExtendedCost`, `VerifiedBuild`) VALUES('4002002', '0', '45601', '0', '0', '0', '0');
REPLACE INTO `npc_vendor` (`entry`, `slot`, `item`, `maxcount`, `incrtime`, `ExtendedCost`, `VerifiedBuild`) VALUES('4003002', '0', '30688', '0', '0', '0', '0');

REPLACE INTO `creature_template_locale` (`entry`, `locale`, `Name`, `Title`, `VerifiedBuild`) VALUES('4001001', 'zhCN', '元素', '商人', NULL);
REPLACE INTO `creature_template_locale` (`entry`, `locale`, `Name`, `Title`, `VerifiedBuild`) VALUES('4001002', 'zhCN', '布料', '商人', NULL);
REPLACE INTO `creature_template_locale` (`entry`, `locale`, `Name`, `Title`, `VerifiedBuild`) VALUES('4001003', 'zhCN', '皮革', '商人', NULL);
REPLACE INTO `creature_template_locale` (`entry`, `locale`, `Name`, `Title`, `VerifiedBuild`) VALUES('4001004', 'zhCN', '金属矿石', '商人', NULL);
REPLACE INTO `creature_template_locale` (`entry`, `locale`, `Name`, `Title`, `VerifiedBuild`) VALUES('4001005', 'zhCN', '草药', '商人', NULL);
REPLACE INTO `creature_template_locale` (`entry`, `locale`, `Name`, `Title`, `VerifiedBuild`) VALUES('4001006', 'zhCN', '附魔', '商人', NULL);
REPLACE INTO `creature_template_locale` (`entry`, `locale`, `Name`, `Title`, `VerifiedBuild`) VALUES('4001007', 'zhCN', '珠宝原石', '商人', NULL);
REPLACE INTO `creature_template_locale` (`entry`, `locale`, `Name`, `Title`, `VerifiedBuild`) VALUES('4001009', 'zhCN', '节日玩具1', '商人', NULL);
REPLACE INTO `creature_template_locale` (`entry`, `locale`, `Name`, `Title`, `VerifiedBuild`) VALUES('4001010', 'zhCN', '节日玩具2', '商人', NULL);
REPLACE INTO `creature_template_locale` (`entry`, `locale`, `Name`, `Title`, `VerifiedBuild`) VALUES('4002001', 'zhCN', '雕文-潜行者', '商人', NULL);
REPLACE INTO `creature_template_locale` (`entry`, `locale`, `Name`, `Title`, `VerifiedBuild`) VALUES('4002002', 'zhCN', '雕文-德鲁伊', '商人', NULL);
REPLACE INTO `creature_template_locale` (`entry`, `locale`, `Name`, `Title`, `VerifiedBuild`) VALUES('4002003', 'zhCN', '雕文-法师', '商人', NULL);
REPLACE INTO `creature_template_locale` (`entry`, `locale`, `Name`, `Title`, `VerifiedBuild`) VALUES('4002004', 'zhCN', '雕文-猎人', '商人', NULL);
REPLACE INTO `creature_template_locale` (`entry`, `locale`, `Name`, `Title`, `VerifiedBuild`) VALUES('4002005', 'zhCN', '雕文-牧师', '商人', NULL);
REPLACE INTO `creature_template_locale` (`entry`, `locale`, `Name`, `Title`, `VerifiedBuild`) VALUES('4002006', 'zhCN', '雕文-圣骑士', '商人', NULL);
REPLACE INTO `creature_template_locale` (`entry`, `locale`, `Name`, `Title`, `VerifiedBuild`) VALUES('4002007', 'zhCN', '雕文-萨满祭司', '商人', NULL);
REPLACE INTO `creature_template_locale` (`entry`, `locale`, `Name`, `Title`, `VerifiedBuild`) VALUES('4002008', 'zhCN', '雕文-术士', '商人', NULL);
REPLACE INTO `creature_template_locale` (`entry`, `locale`, `Name`, `Title`, `VerifiedBuild`) VALUES('4002009', 'zhCN', '雕文-死亡骑士', '商人', NULL);
REPLACE INTO `creature_template_locale` (`entry`, `locale`, `Name`, `Title`, `VerifiedBuild`) VALUES('4002010', 'zhCN', '雕文-战士', '商人', NULL);
REPLACE INTO `creature_template_locale` (`entry`, `locale`, `Name`, `Title`, `VerifiedBuild`) VALUES('4003001', 'zhCN', '钥匙商1', '商人', NULL);
REPLACE INTO `creature_template_locale` (`entry`, `locale`, `Name`, `Title`, `VerifiedBuild`) VALUES('4003002', 'zhCN', '钥匙商2', '商人', NULL);
REPLACE INTO `creature_template_locale` (`entry`, `locale`, `Name`, `Title`, `VerifiedBuild`) VALUES('4003003', 'zhCN', '钥匙商3', '商人', NULL);
REPLACE INTO `creature_template_locale` (`entry`, `locale`, `Name`, `Title`, `VerifiedBuild`) VALUES('4003004', 'zhCN', '新手商人', '商人', NULL);

-- 珠宝成品
REPLACE INTO `creature_template` (`entry`, `difficulty_entry_1`, `difficulty_entry_2`, `difficulty_entry_3`, `KillCredit1`, `KillCredit2`, `modelid1`, `modelid2`, `modelid3`, `modelid4`, `name`, `subname`, `IconName`, `gossip_menu_id`, `minlevel`, `maxlevel`, `exp`, `faction`, `npcflag`, `speed_walk`, `speed_run`, `speed_swim`, `speed_flight`, `detection_range`, `scale`, `rank`, `dmgschool`, `DamageModifier`, `BaseAttackTime`, `RangeAttackTime`, `BaseVariance`, `RangeVariance`, `unit_class`, `unit_flags`, `unit_flags2`, `dynamicflags`, `family`, `trainer_type`, `trainer_spell`, `trainer_class`, `trainer_race`, `type`, `type_flags`, `lootid`, `pickpocketloot`, `skinloot`, `PetSpellDataId`, `VehicleId`, `mingold`, `maxgold`, `AIName`, `MovementType`, `HoverHeight`, `HealthModifier`, `ManaModifier`, `ArmorModifier`, `ExperienceModifier`, `RacialLeader`, `movementId`, `RegenHealth`, `mechanic_immune_mask`, `spell_school_immune_mask`, `flags_extra`, `ScriptName`, `VerifiedBuild`) VALUES('4001008', '0', '0', '0', '0', '0', '18541', '0', '0', '0', '珠宝成品', '商人', NULL, '0', '75', '75', '0', '35', '4224', '1', '1.14286', '1', '1', '20', '1', '0', '0', '1', '0', '0', '1', '1', '1', '0', '0', '0', '0', '0', '0', '0', '0', '0', '0', '0', '0', '0', '0', '0', '0', '0', '', '0', '1', '1', '1', '1', '1', '0', '0', '1', '0', '0', '0', '', NULL);
REPLACE INTO `creature_template_locale` (`entry`, `locale`, `Name`, `Title`, `VerifiedBuild`) VALUES('4001008', 'zhCN', '珠宝成品', '商人', NULL);
DELETE FROM `npc_vendor` WHERE `entry` = 4001008;
INSERT INTO `npc_vendor` (`entry`, `slot`, `item`, `maxcount`, `incrtime`, `ExtendedCost`, `VerifiedBuild`) VALUES
(4001008, 0, 41398, 0, 0, 0, 0),
(4001008, 0, 41285, 0, 0, 0, 0),
(4001008, 0, 41401, 0, 0, 0, 0),
(4001008, 0, 41380, 0, 0, 0, 0),
(4001008, 0, 41333, 0, 0, 0, 0),
(4001008, 0, 41400, 0, 0, 0, 0),
(4001008, 0, 41381, 0, 0, 0, 0),
(4001008, 0, 41382, 0, 0, 0, 0),
(4001008, 0, 41339, 0, 0, 0, 0),
(4001008, 0, 41396, 0, 0, 0, 0),
(4001008, 0, 41385, 0, 0, 0, 0),
(4001008, 0, 41397, 0, 0, 0, 0),
(4001008, 0, 41376, 0, 0, 0, 0),
(4001008, 0, 41377, 0, 0, 0, 0),
(4001008, 0, 41389, 0, 0, 0, 0),
(4001008, 0, 34220, 0, 0, 0, 0),
(4001008, 0, 25893, 0, 0, 0, 0),
(4001008, 0, 25896, 0, 0, 0, 0),
(4001008, 0, 41375, 0, 0, 0, 0),
(4001008, 0, 41335, 0, 0, 0, 0),
(4001008, 0, 41307, 0, 0, 0, 0),
(4001008, 0, 41395, 0, 0, 0, 0),
(4001008, 0, 25899, 0, 0, 0, 0),
(4001008, 0, 41378, 0, 0, 0, 0),
(4001008, 0, 32410, 0, 0, 0, 0),
(4001008, 0, 32409, 0, 0, 0, 0),
(4001008, 0, 25895, 0, 0, 0, 0),
(4001008, 0, 25897, 0, 0, 0, 0),
(4001008, 0, 25890, 0, 0, 0, 0),
(4001008, 0, 25901, 0, 0, 0, 0),
(4001008, 0, 25898, 0, 0, 0, 0),
(4001008, 0, 35501, 0, 0, 0, 0),
(4001008, 0, 35503, 0, 0, 0, 0),
(4001008, 0, 41379, 0, 0, 0, 0),
(4001008, 0, 25894, 0, 0, 0, 0),
(4001008, 0, 40111, 0, 0, 0, 0),
(4001008, 0, 40113, 0, 0, 0, 0),
(4001008, 0, 40117, 0, 0, 0, 0),
(4001008, 0, 40112, 0, 0, 0, 0),
(4001008, 0, 40114, 0, 0, 0, 0),
(4001008, 0, 40118, 0, 0, 0, 0),
(4001008, 0, 40115, 0, 0, 0, 0),
(4001008, 0, 40116, 0, 0, 0, 0),
(4001008, 0, 32193, 0, 0, 0, 0),
(4001008, 0, 32196, 0, 0, 0, 0),
(4001008, 0, 32195, 0, 0, 0, 0),
(4001008, 0, 32194, 0, 0, 0, 0),
(4001008, 0, 32197, 0, 0, 0, 0),
(4001008, 0, 32198, 0, 0, 0, 0),
(4001008, 0, 32199, 0, 0, 0, 0),
(4001008, 0, 40119, 0, 0, 0, 0),
(4001008, 0, 40122, 0, 0, 0, 0),
(4001008, 0, 40121, 0, 0, 0, 0),
(4001008, 0, 40120, 0, 0, 0, 0),
(4001008, 0, 32200, 0, 0, 0, 0),
(4001008, 0, 32201, 0, 0, 0, 0),
(4001008, 0, 32202, 0, 0, 0, 0),
(4001008, 0, 32203, 0, 0, 0, 0),
(4001008, 0, 40128, 0, 0, 0, 0),
(4001008, 0, 40125, 0, 0, 0, 0),
(4001008, 0, 40127, 0, 0, 0, 0),
(4001008, 0, 40124, 0, 0, 0, 0),
(4001008, 0, 40123, 0, 0, 0, 0),
(4001008, 0, 40126, 0, 0, 0, 0),
(4001008, 0, 32204, 0, 0, 0, 0),
(4001008, 0, 32206, 0, 0, 0, 0),
(4001008, 0, 32209, 0, 0, 0, 0),
(4001008, 0, 32205, 0, 0, 0, 0),
(4001008, 0, 32207, 0, 0, 0, 0),
(4001008, 0, 32208, 0, 0, 0, 0),
(4001008, 0, 32210, 0, 0, 0, 0),
(4001008, 0, 35761, 0, 0, 0, 0),
(4001008, 0, 40133, 0, 0, 0, 0),
(4001008, 0, 40129, 0, 0, 0, 0),
(4001008, 0, 40130, 0, 0, 0, 0),
(4001008, 0, 40140, 0, 0, 0, 0),
(4001008, 0, 40141, 0, 0, 0, 0),
(4001008, 0, 40138, 0, 0, 0, 0),
(4001008, 0, 40139, 0, 0, 0, 0),
(4001008, 0, 40134, 0, 0, 0, 0),
(4001008, 0, 40136, 0, 0, 0, 0),
(4001008, 0, 40132, 0, 0, 0, 0),
(4001008, 0, 40135, 0, 0, 0, 0),
(4001008, 0, 32211, 0, 0, 0, 0),
(4001008, 0, 32213, 0, 0, 0, 0),
(4001008, 0, 40137, 0, 0, 0, 0),
(4001008, 0, 32212, 0, 0, 0, 0),
(4001008, 0, 32214, 0, 0, 0, 0),
(4001008, 0, 32215, 0, 0, 0, 0),
(4001008, 0, 32216, 0, 0, 0, 0),
(4001008, 0, 37503, 0, 0, 0, 0),
(4001008, 0, 40131, 0, 0, 0, 0),
(4001008, 0, 40167, 0, 0, 0, 0),
(4001008, 0, 40182, 0, 0, 0, 0),
(4001008, 0, 40179, 0, 0, 0, 0),
(4001008, 0, 40166, 0, 0, 0, 0),
(4001008, 0, 40171, 0, 0, 0, 0),
(4001008, 0, 40175, 0, 0, 0, 0),
(4001008, 0, 40172, 0, 0, 0, 0),
(4001008, 0, 40178, 0, 0, 0, 0),
(4001008, 0, 40174, 0, 0, 0, 0),
(4001008, 0, 40168, 0, 0, 0, 0),
(4001008, 0, 32225, 0, 0, 0, 0),
(4001008, 0, 40165, 0, 0, 0, 0),
(4001008, 0, 40177, 0, 0, 0, 0),
(4001008, 0, 32223, 0, 0, 0, 0),
(4001008, 0, 32224, 0, 0, 0, 0),
(4001008, 0, 32226, 0, 0, 0, 0),
(4001008, 0, 35758, 0, 0, 0, 0),
(4001008, 0, 35759, 0, 0, 0, 0),
(4001008, 0, 40164, 0, 0, 0, 0),
(4001008, 0, 40169, 0, 0, 0, 0),
(4001008, 0, 40170, 0, 0, 0, 0),
(4001008, 0, 40173, 0, 0, 0, 0),
(4001008, 0, 40176, 0, 0, 0, 0),
(4001008, 0, 40180, 0, 0, 0, 0),
(4001008, 0, 40181, 0, 0, 0, 0),
(4001008, 0, 40155, 0, 0, 0, 0),
(4001008, 0, 40152, 0, 0, 0, 0),
(4001008, 0, 40162, 0, 0, 0, 0),
(4001008, 0, 40147, 0, 0, 0, 0),
(4001008, 0, 40142, 0, 0, 0, 0),
(4001008, 0, 40151, 0, 0, 0, 0),
(4001008, 0, 40159, 0, 0, 0, 0),
(4001008, 0, 40146, 0, 0, 0, 0),
(4001008, 0, 40148, 0, 0, 0, 0),
(4001008, 0, 40153, 0, 0, 0, 0),
(4001008, 0, 40143, 0, 0, 0, 0),
(4001008, 0, 40154, 0, 0, 0, 0),
(4001008, 0, 40157, 0, 0, 0, 0),
(4001008, 0, 40145, 0, 0, 0, 0),
(4001008, 0, 40156, 0, 0, 0, 0),
(4001008, 0, 40163, 0, 0, 0, 0),
(4001008, 0, 32217, 0, 0, 0, 0),
(4001008, 0, 40158, 0, 0, 0, 0),
(4001008, 0, 40150, 0, 0, 0, 0),
(4001008, 0, 35760, 0, 0, 0, 0),
(4001008, 0, 40149, 0, 0, 0, 0),
(4001008, 0, 40160, 0, 0, 0, 0),
(4001008, 0, 40161, 0, 0, 0, 0),
(4001008, 0, 32218, 0, 0, 0, 0),
(4001008, 0, 32219, 0, 0, 0, 0),
(4001008, 0, 32220, 0, 0, 0, 0),
(4001008, 0, 32221, 0, 0, 0, 0),
(4001008, 0, 32222, 0, 0, 0, 0),
(4001008, 0, 40144, 0, 0, 0, 0),
(4001008, 0, 49110, 0, 0, 0, 0);

-- 物品强化1
REPLACE INTO `creature_template` (`entry`, `difficulty_entry_1`, `difficulty_entry_2`, `difficulty_entry_3`, `KillCredit1`, `KillCredit2`, `modelid1`, `modelid2`, `modelid3`, `modelid4`, `name`, `subname`, `IconName`, `gossip_menu_id`, `minlevel`, `maxlevel`, `exp`, `faction`, `npcflag`, `speed_walk`, `speed_run`, `speed_swim`, `speed_flight`, `detection_range`, `scale`, `rank`, `dmgschool`, `DamageModifier`, `BaseAttackTime`, `RangeAttackTime`, `BaseVariance`, `RangeVariance`, `unit_class`, `unit_flags`, `unit_flags2`, `dynamicflags`, `family`, `trainer_type`, `trainer_spell`, `trainer_class`, `trainer_race`, `type`, `type_flags`, `lootid`, `pickpocketloot`, `skinloot`, `PetSpellDataId`, `VehicleId`, `mingold`, `maxgold`, `AIName`, `MovementType`, `HoverHeight`, `HealthModifier`, `ManaModifier`, `ArmorModifier`, `ExperienceModifier`, `RacialLeader`, `movementId`, `RegenHealth`, `mechanic_immune_mask`, `spell_school_immune_mask`, `flags_extra`, `ScriptName`, `VerifiedBuild`) VALUES (4001011, 0, 0, 0, 0, 0, 18541, 0, 0, 0, '物品强化1', '商人', NULL, 0, 75, 75, 0, 35, 4224, 1, 1.14286, 1, 1, 20, 1, 0, 0, 1, 0, 0, 1, 1, 1, 0, 0, 0, 0, 0, 0, 0, 0, 0, 0, 0, 0, 0, 0, 0, 0, 0, '', 0, 1, 1, 1, 1, 1, 0, 0, 1, 0, 0, 0, '', NULL);
REPLACE INTO `creature_template_locale` (`entry`, `locale`, `Name`, `Title`, `VerifiedBuild`) VALUES (4001011, 'zhCN', '物品强化1', '商人', NULL);
DELETE FROM `npc_vendor` WHERE `entry` = 4001011;
INSERT INTO `npc_vendor` (`entry`, `slot`, `item`, `maxcount`, `incrtime`, `ExtendedCost`, `VerifiedBuild`) VALUES
(4001011, 0, 2304, 0, 0, 0, 0),
(4001011, 0, 2313, 0, 0, 0, 0),
(4001011, 0, 2862, 0, 0, 0, 0),
(4001011, 0, 2863, 0, 0, 0, 0),
(4001011, 0, 2871, 0, 0, 0, 0),
(4001011, 0, 3239, 0, 0, 0, 0),
(4001011, 0, 3240, 0, 0, 0, 0),
(4001011, 0, 3241, 0, 0, 0, 0),
(4001011, 0, 3824, 0, 0, 0, 0),
(4001011, 0, 3829, 0, 0, 0, 0),
(4001011, 0, 4265, 0, 0, 0, 0),
(4001011, 0, 4405, 0, 0, 0, 0),
(4001011, 0, 4406, 0, 0, 0, 0),
(4001011, 0, 4407, 0, 0, 0, 0),
(4001011, 0, 6041, 0, 0, 0, 0),
(4001011, 0, 6042, 0, 0, 0, 0),
(4001011, 0, 6043, 0, 0, 0, 0),
(4001011, 0, 6533, 0, 0, 0, 0),
(4001011, 0, 7964, 0, 0, 0, 0),
(4001011, 0, 7965, 0, 0, 0, 0),
(4001011, 0, 7967, 0, 0, 0, 0),
(4001011, 0, 7969, 0, 0, 0, 0),
(4001011, 0, 8173, 0, 0, 0, 0),
(4001011, 0, 10546, 0, 0, 0, 0),
(4001011, 0, 10548, 0, 0, 0, 0),
(4001011, 0, 12404, 0, 0, 0, 0),
(4001011, 0, 12643, 0, 0, 0, 0),
(4001011, 0, 12645, 0, 0, 0, 0),
(4001011, 0, 15564, 0, 0, 0, 0),
(4001011, 0, 18251, 0, 0, 0, 0),
(4001011, 0, 18262, 0, 0, 0, 0),
(4001011, 0, 18283, 0, 0, 0, 0),
(4001011, 0, 20744, 0, 0, 0, 0),
(4001011, 0, 20745, 0, 0, 0, 0),
(4001011, 0, 20746, 0, 0, 0, 0),
(4001011, 0, 20747, 0, 0, 0, 0),
(4001011, 0, 20748, 0, 0, 0, 0),
(4001011, 0, 20749, 0, 0, 0, 0),
(4001011, 0, 20750, 0, 0, 0, 0),
(4001011, 0, 22521, 0, 0, 0, 0),
(4001011, 0, 22522, 0, 0, 0, 0),
(4001011, 0, 23528, 0, 0, 0, 0),
(4001011, 0, 23529, 0, 0, 0, 0),
(4001011, 0, 23530, 0, 0, 0, 0),
(4001011, 0, 23559, 0, 0, 0, 0),
(4001011, 0, 23575, 0, 0, 0, 0),
(4001011, 0, 23576, 0, 0, 0, 0),
(4001011, 0, 23764, 0, 0, 0, 0),
(4001011, 0, 23765, 0, 0, 0, 0),
(4001011, 0, 23766, 0, 0, 0, 0),
(4001011, 0, 24273, 0, 0, 0, 0),
(4001011, 0, 24274, 0, 0, 0, 0),
(4001011, 0, 24275, 0, 0, 0, 0),
(4001011, 0, 24276, 0, 0, 0, 0),
(4001011, 0, 25521, 0, 0, 0, 0),
(4001011, 0, 25650, 0, 0, 0, 0),
(4001011, 0, 25651, 0, 0, 0, 0),
(4001011, 0, 25652, 0, 0, 0, 0),
(4001011, 0, 25679, 0, 0, 0, 0),
(4001011, 0, 28420, 0, 0, 0, 0),
(4001011, 0, 28421, 0, 0, 0, 0),
(4001011, 0, 29483, 0, 0, 0, 0),
(4001011, 0, 29485, 0, 0, 0, 0),
(4001011, 0, 29486, 0, 0, 0, 0),
(4001011, 0, 29487, 0, 0, 0, 0),
(4001011, 0, 29488, 0, 0, 0, 0),
(4001011, 0, 29533, 0, 0, 0, 0),
(4001011, 0, 29534, 0, 0, 0, 0),
(4001011, 0, 29535, 0, 0, 0, 0),
(4001011, 0, 29536, 0, 0, 0, 0),
(4001011, 0, 33185, 0, 0, 0, 0),
(4001011, 0, 34207, 0, 0, 0, 0),
(4001011, 0, 34330, 0, 0, 0, 0),
(4001011, 0, 38371, 0, 0, 0, 0),
(4001011, 0, 38372, 0, 0, 0, 0),
(4001011, 0, 38373, 0, 0, 0, 0),
(4001011, 0, 38374, 0, 0, 0, 0),
(4001011, 0, 38375, 0, 0, 0, 0),
(4001011, 0, 38376, 0, 0, 0, 0),
(4001011, 0, 41146, 0, 0, 0, 0),
(4001011, 0, 41167, 0, 0, 0, 0),
(4001011, 0, 41601, 0, 0, 0, 0),
(4001011, 0, 41602, 0, 0, 0, 0),
(4001011, 0, 41603, 0, 0, 0, 0),
(4001011, 0, 41604, 0, 0, 0, 0),
(4001011, 0, 41611, 0, 0, 0, 0),
(4001011, 0, 41976, 0, 0, 0, 0),
(4001011, 0, 42500, 0, 0, 0, 0),
(4001011, 0, 44739, 0, 0, 0, 0),
(4001011, 0, 44936, 0, 0, 0, 0),
(4001011, 0, 44963, 0, 0, 0, 0);

-- 物品强化2
REPLACE INTO `creature_template` (`entry`, `difficulty_entry_1`, `difficulty_entry_2`, `difficulty_entry_3`, `KillCredit1`, `KillCredit2`, `modelid1`, `modelid2`, `modelid3`, `modelid4`, `name`, `subname`, `IconName`, `gossip_menu_id`, `minlevel`, `maxlevel`, `exp`, `faction`, `npcflag`, `speed_walk`, `speed_run`, `speed_swim`, `speed_flight`, `detection_range`, `scale`, `rank`, `dmgschool`, `DamageModifier`, `BaseAttackTime`, `RangeAttackTime`, `BaseVariance`, `RangeVariance`, `unit_class`, `unit_flags`, `unit_flags2`, `dynamicflags`, `family`, `trainer_type`, `trainer_spell`, `trainer_class`, `trainer_race`, `type`, `type_flags`, `lootid`, `pickpocketloot`, `skinloot`, `PetSpellDataId`, `VehicleId`, `mingold`, `maxgold`, `AIName`, `MovementType`, `HoverHeight`, `HealthModifier`, `ManaModifier`, `ArmorModifier`, `ExperienceModifier`, `RacialLeader`, `movementId`, `RegenHealth`, `mechanic_immune_mask`, `spell_school_immune_mask`, `flags_extra`, `ScriptName`, `VerifiedBuild`) VALUES (4001012, 0, 0, 0, 0, 0, 18541, 0, 0, 0, '物品强化2', '商人', NULL, 0, 75, 75, 0, 35, 4224, 1, 1.14286, 1, 1, 20, 1, 0, 0, 1, 0, 0, 1, 1, 1, 0, 0, 0, 0, 0, 0, 0, 0, 0, 0, 0, 0, 0, 0, 0, 0, 0, '', 0, 1, 1, 1, 1, 1, 0, 0, 1, 0, 0, 0, '', NULL);
REPLACE INTO `creature_template_locale` (`entry`, `locale`, `Name`, `Title`, `VerifiedBuild`) VALUES (4001012, 'zhCN', '物品强化2', '商人', NULL);
DELETE FROM `npc_vendor` WHERE `entry` = 4001012;
INSERT INTO `npc_vendor` (`entry`, `slot`, `item`, `maxcount`, `incrtime`, `ExtendedCost`, `VerifiedBuild`) VALUES
(4001012, 0, 37603, 0, 0, 0, 0),
(4001012, 0, 38679, 0, 0, 0, 0),
(4001012, 0, 38766, 0, 0, 0, 0),
(4001012, 0, 38767, 0, 0, 0, 0),
(4001012, 0, 38768, 0, 0, 0, 0),
(4001012, 0, 38769, 0, 0, 0, 0),
(4001012, 0, 38770, 0, 0, 0, 0),
(4001012, 0, 38771, 0, 0, 0, 0),
(4001012, 0, 38772, 0, 0, 0, 0),
(4001012, 0, 38773, 0, 0, 0, 0),
(4001012, 0, 38774, 0, 0, 0, 0),
(4001012, 0, 38775, 0, 0, 0, 0),
(4001012, 0, 38776, 0, 0, 0, 0),
(4001012, 0, 38777, 0, 0, 0, 0),
(4001012, 0, 38778, 0, 0, 0, 0),
(4001012, 0, 38779, 0, 0, 0, 0),
(4001012, 0, 38780, 0, 0, 0, 0),
(4001012, 0, 38781, 0, 0, 0, 0),
(4001012, 0, 38782, 0, 0, 0, 0),
(4001012, 0, 38783, 0, 0, 0, 0),
(4001012, 0, 38784, 0, 0, 0, 0),
(4001012, 0, 38785, 0, 0, 0, 0),
(4001012, 0, 38786, 0, 0, 0, 0),
(4001012, 0, 38787, 0, 0, 0, 0),
(4001012, 0, 38788, 0, 0, 0, 0),
(4001012, 0, 38789, 0, 0, 0, 0),
(4001012, 0, 38790, 0, 0, 0, 0),
(4001012, 0, 38791, 0, 0, 0, 0),
(4001012, 0, 38792, 0, 0, 0, 0),
(4001012, 0, 38793, 0, 0, 0, 0),
(4001012, 0, 38794, 0, 0, 0, 0),
(4001012, 0, 38795, 0, 0, 0, 0),
(4001012, 0, 38796, 0, 0, 0, 0),
(4001012, 0, 38797, 0, 0, 0, 0),
(4001012, 0, 38798, 0, 0, 0, 0),
(4001012, 0, 38799, 0, 0, 0, 0),
(4001012, 0, 38800, 0, 0, 0, 0),
(4001012, 0, 38801, 0, 0, 0, 0),
(4001012, 0, 38802, 0, 0, 0, 0),
(4001012, 0, 38803, 0, 0, 0, 0),
(4001012, 0, 38804, 0, 0, 0, 0),
(4001012, 0, 38805, 0, 0, 0, 0),
(4001012, 0, 38806, 0, 0, 0, 0),
(4001012, 0, 38807, 0, 0, 0, 0),
(4001012, 0, 38808, 0, 0, 0, 0),
(4001012, 0, 38809, 0, 0, 0, 0),
(4001012, 0, 38810, 0, 0, 0, 0),
(4001012, 0, 38811, 0, 0, 0, 0),
(4001012, 0, 38812, 0, 0, 0, 0),
(4001012, 0, 38813, 0, 0, 0, 0),
(4001012, 0, 38814, 0, 0, 0, 0),
(4001012, 0, 38815, 0, 0, 0, 0),
(4001012, 0, 38816, 0, 0, 0, 0),
(4001012, 0, 38817, 0, 0, 0, 0),
(4001012, 0, 38818, 0, 0, 0, 0),
(4001012, 0, 38819, 0, 0, 0, 0),
(4001012, 0, 38820, 0, 0, 0, 0),
(4001012, 0, 38821, 0, 0, 0, 0),
(4001012, 0, 38822, 0, 0, 0, 0),
(4001012, 0, 38823, 0, 0, 0, 0),
(4001012, 0, 38824, 0, 0, 0, 0),
(4001012, 0, 38825, 0, 0, 0, 0),
(4001012, 0, 38826, 0, 0, 0, 0),
(4001012, 0, 38827, 0, 0, 0, 0),
(4001012, 0, 38828, 0, 0, 0, 0),
(4001012, 0, 38829, 0, 0, 0, 0),
(4001012, 0, 38830, 0, 0, 0, 0),
(4001012, 0, 38831, 0, 0, 0, 0),
(4001012, 0, 38832, 0, 0, 0, 0),
(4001012, 0, 38833, 0, 0, 0, 0),
(4001012, 0, 38834, 0, 0, 0, 0),
(4001012, 0, 38835, 0, 0, 0, 0),
(4001012, 0, 38836, 0, 0, 0, 0),
(4001012, 0, 38837, 0, 0, 0, 0),
(4001012, 0, 38838, 0, 0, 0, 0),
(4001012, 0, 38839, 0, 0, 0, 0),
(4001012, 0, 38840, 0, 0, 0, 0),
(4001012, 0, 38841, 0, 0, 0, 0),
(4001012, 0, 38842, 0, 0, 0, 0),
(4001012, 0, 38843, 0, 0, 0, 0),
(4001012, 0, 38844, 0, 0, 0, 0),
(4001012, 0, 38845, 0, 0, 0, 0),
(4001012, 0, 38846, 0, 0, 0, 0),
(4001012, 0, 38847, 0, 0, 0, 0),
(4001012, 0, 38848, 0, 0, 0, 0),
(4001012, 0, 38849, 0, 0, 0, 0),
(4001012, 0, 38850, 0, 0, 0, 0),
(4001012, 0, 38851, 0, 0, 0, 0),
(4001012, 0, 38852, 0, 0, 0, 0),
(4001012, 0, 38853, 0, 0, 0, 0),
(4001012, 0, 38854, 0, 0, 0, 0),
(4001012, 0, 38855, 0, 0, 0, 0),
(4001012, 0, 38856, 0, 0, 0, 0),
(4001012, 0, 38857, 0, 0, 0, 0),
(4001012, 0, 38858, 0, 0, 0, 0),
(4001012, 0, 38859, 0, 0, 0, 0),
(4001012, 0, 38860, 0, 0, 0, 0),
(4001012, 0, 38861, 0, 0, 0, 0),
(4001012, 0, 38862, 0, 0, 0, 0),
(4001012, 0, 38863, 0, 0, 0, 0),
(4001012, 0, 38864, 0, 0, 0, 0),
(4001012, 0, 38865, 0, 0, 0, 0),
(4001012, 0, 38866, 0, 0, 0, 0),
(4001012, 0, 38867, 0, 0, 0, 0),
(4001012, 0, 38868, 0, 0, 0, 0),
(4001012, 0, 38869, 0, 0, 0, 0),
(4001012, 0, 38870, 0, 0, 0, 0),
(4001012, 0, 38871, 0, 0, 0, 0),
(4001012, 0, 38872, 0, 0, 0, 0),
(4001012, 0, 38873, 0, 0, 0, 0),
(4001012, 0, 38874, 0, 0, 0, 0),
(4001012, 0, 38875, 0, 0, 0, 0),
(4001012, 0, 38876, 0, 0, 0, 0),
(4001012, 0, 38877, 0, 0, 0, 0),
(4001012, 0, 38878, 0, 0, 0, 0),
(4001012, 0, 38879, 0, 0, 0, 0),
(4001012, 0, 38880, 0, 0, 0, 0),
(4001012, 0, 38881, 0, 0, 0, 0),
(4001012, 0, 38882, 0, 0, 0, 0),
(4001012, 0, 38883, 0, 0, 0, 0),
(4001012, 0, 38884, 0, 0, 0, 0),
(4001012, 0, 38885, 0, 0, 0, 0),
(4001012, 0, 38886, 0, 0, 0, 0),
(4001012, 0, 38887, 0, 0, 0, 0),
(4001012, 0, 38888, 0, 0, 0, 0),
(4001012, 0, 38889, 0, 0, 0, 0),
(4001012, 0, 38890, 0, 0, 0, 0),
(4001012, 0, 38891, 0, 0, 0, 0),
(4001012, 0, 38892, 0, 0, 0, 0),
(4001012, 0, 38893, 0, 0, 0, 0),
(4001012, 0, 38894, 0, 0, 0, 0),
(4001012, 0, 38896, 0, 0, 0, 0),
(4001012, 0, 45628, 0, 0, 0, 0),
(4001012, 0, 50816, 0, 0, 0, 0);


-- 物品强化3
REPLACE INTO `creature_template` (`entry`, `difficulty_entry_1`, `difficulty_entry_2`, `difficulty_entry_3`, `KillCredit1`, `KillCredit2`, `modelid1`, `modelid2`, `modelid3`, `modelid4`, `name`, `subname`, `IconName`, `gossip_menu_id`, `minlevel`, `maxlevel`, `exp`, `faction`, `npcflag`, `speed_walk`, `speed_run`, `speed_swim`, `speed_flight`, `detection_range`, `scale`, `rank`, `dmgschool`, `DamageModifier`, `BaseAttackTime`, `RangeAttackTime`, `BaseVariance`, `RangeVariance`, `unit_class`, `unit_flags`, `unit_flags2`, `dynamicflags`, `family`, `trainer_type`, `trainer_spell`, `trainer_class`, `trainer_race`, `type`, `type_flags`, `lootid`, `pickpocketloot`, `skinloot`, `PetSpellDataId`, `VehicleId`, `mingold`, `maxgold`, `AIName`, `MovementType`, `HoverHeight`, `HealthModifier`, `ManaModifier`, `ArmorModifier`, `ExperienceModifier`, `RacialLeader`, `movementId`, `RegenHealth`, `mechanic_immune_mask`, `spell_school_immune_mask`, `flags_extra`, `ScriptName`, `VerifiedBuild`) VALUES (4001013, 0, 0, 0, 0, 0, 18541, 0, 0, 0, '物品强化3', '商人', NULL, 0, 75, 75, 0, 35, 4224, 1, 1.14286, 1, 1, 20, 1, 0, 0, 1, 0, 0, 1, 1, 1, 0, 0, 0, 0, 0, 0, 0, 0, 0, 0, 0, 0, 0, 0, 0, 0, 0, '', 0, 1, 1, 1, 1, 1, 0, 0, 1, 0, 0, 0, '', NULL);
REPLACE INTO `creature_template_locale` (`entry`, `locale`, `Name`, `Title`, `VerifiedBuild`) VALUES (4001013, 'zhCN', '物品强化3', '商人', NULL);
REPLACE INTO `npc_vendor` (`entry`, `slot`, `item`, `maxcount`, `incrtime`, `ExtendedCost`, `VerifiedBuild`) VALUES (4001013, 0, 38895, 0, 0, 0, 0);
REPLACE INTO `npc_vendor` (`entry`, `slot`, `item`, `maxcount`, `incrtime`, `ExtendedCost`, `VerifiedBuild`) VALUES (4001013, 0, 38897, 0, 0, 0, 0);
REPLACE INTO `npc_vendor` (`entry`, `slot`, `item`, `maxcount`, `incrtime`, `ExtendedCost`, `VerifiedBuild`) VALUES (4001013, 0, 38898, 0, 0, 0, 0);
REPLACE INTO `npc_vendor` (`entry`, `slot`, `item`, `maxcount`, `incrtime`, `ExtendedCost`, `VerifiedBuild`) VALUES (4001013, 0, 38899, 0, 0, 0, 0);
REPLACE INTO `npc_vendor` (`entry`, `slot`, `item`, `maxcount`, `incrtime`, `ExtendedCost`, `VerifiedBuild`) VALUES (4001013, 0, 38900, 0, 0, 0, 0);
REPLACE INTO `npc_vendor` (`entry`, `slot`, `item`, `maxcount`, `incrtime`, `ExtendedCost`, `VerifiedBuild`) VALUES (4001013, 0, 38901, 0, 0, 0, 0);
REPLACE INTO `npc_vendor` (`entry`, `slot`, `item`, `maxcount`, `incrtime`, `ExtendedCost`, `VerifiedBuild`) VALUES (4001013, 0, 38902, 0, 0, 0, 0);
REPLACE INTO `npc_vendor` (`entry`, `slot`, `item`, `maxcount`, `incrtime`, `ExtendedCost`, `VerifiedBuild`) VALUES (4001013, 0, 38903, 0, 0, 0, 0);
REPLACE INTO `npc_vendor` (`entry`, `slot`, `item`, `maxcount`, `incrtime`, `ExtendedCost`, `VerifiedBuild`) VALUES (4001013, 0, 38904, 0, 0, 0, 0);
REPLACE INTO `npc_vendor` (`entry`, `slot`, `item`, `maxcount`, `incrtime`, `ExtendedCost`, `VerifiedBuild`) VALUES (4001013, 0, 38905, 0, 0, 0, 0);
REPLACE INTO `npc_vendor` (`entry`, `slot`, `item`, `maxcount`, `incrtime`, `ExtendedCost`, `VerifiedBuild`) VALUES (4001013, 0, 38906, 0, 0, 0, 0);
REPLACE INTO `npc_vendor` (`entry`, `slot`, `item`, `maxcount`, `incrtime`, `ExtendedCost`, `VerifiedBuild`) VALUES (4001013, 0, 38907, 0, 0, 0, 0);
REPLACE INTO `npc_vendor` (`entry`, `slot`, `item`, `maxcount`, `incrtime`, `ExtendedCost`, `VerifiedBuild`) VALUES (4001013, 0, 38908, 0, 0, 0, 0);
REPLACE INTO `npc_vendor` (`entry`, `slot`, `item`, `maxcount`, `incrtime`, `ExtendedCost`, `VerifiedBuild`) VALUES (4001013, 0, 38909, 0, 0, 0, 0);
REPLACE INTO `npc_vendor` (`entry`, `slot`, `item`, `maxcount`, `incrtime`, `ExtendedCost`, `VerifiedBuild`) VALUES (4001013, 0, 38910, 0, 0, 0, 0);
REPLACE INTO `npc_vendor` (`entry`, `slot`, `item`, `maxcount`, `incrtime`, `ExtendedCost`, `VerifiedBuild`) VALUES (4001013, 0, 38911, 0, 0, 0, 0);
REPLACE INTO `npc_vendor` (`entry`, `slot`, `item`, `maxcount`, `incrtime`, `ExtendedCost`, `VerifiedBuild`) VALUES (4001013, 0, 38912, 0, 0, 0, 0);
REPLACE INTO `npc_vendor` (`entry`, `slot`, `item`, `maxcount`, `incrtime`, `ExtendedCost`, `VerifiedBuild`) VALUES (4001013, 0, 38913, 0, 0, 0, 0);
REPLACE INTO `npc_vendor` (`entry`, `slot`, `item`, `maxcount`, `incrtime`, `ExtendedCost`, `VerifiedBuild`) VALUES (4001013, 0, 38914, 0, 0, 0, 0);
REPLACE INTO `npc_vendor` (`entry`, `slot`, `item`, `maxcount`, `incrtime`, `ExtendedCost`, `VerifiedBuild`) VALUES (4001013, 0, 38915, 0, 0, 0, 0);
REPLACE INTO `npc_vendor` (`entry`, `slot`, `item`, `maxcount`, `incrtime`, `ExtendedCost`, `VerifiedBuild`) VALUES (4001013, 0, 38917, 0, 0, 0, 0);
REPLACE INTO `npc_vendor` (`entry`, `slot`, `item`, `maxcount`, `incrtime`, `ExtendedCost`, `VerifiedBuild`) VALUES (4001013, 0, 38918, 0, 0, 0, 0);
REPLACE INTO `npc_vendor` (`entry`, `slot`, `item`, `maxcount`, `incrtime`, `ExtendedCost`, `VerifiedBuild`) VALUES (4001013, 0, 38919, 0, 0, 0, 0);
REPLACE INTO `npc_vendor` (`entry`, `slot`, `item`, `maxcount`, `incrtime`, `ExtendedCost`, `VerifiedBuild`) VALUES (4001013, 0, 38920, 0, 0, 0, 0);
REPLACE INTO `npc_vendor` (`entry`, `slot`, `item`, `maxcount`, `incrtime`, `ExtendedCost`, `VerifiedBuild`) VALUES (4001013, 0, 38921, 0, 0, 0, 0);
REPLACE INTO `npc_vendor` (`entry`, `slot`, `item`, `maxcount`, `incrtime`, `ExtendedCost`, `VerifiedBuild`) VALUES (4001013, 0, 38922, 0, 0, 0, 0);
REPLACE INTO `npc_vendor` (`entry`, `slot`, `item`, `maxcount`, `incrtime`, `ExtendedCost`, `VerifiedBuild`) VALUES (4001013, 0, 38923, 0, 0, 0, 0);
REPLACE INTO `npc_vendor` (`entry`, `slot`, `item`, `maxcount`, `incrtime`, `ExtendedCost`, `VerifiedBuild`) VALUES (4001013, 0, 38924, 0, 0, 0, 0);
REPLACE INTO `npc_vendor` (`entry`, `slot`, `item`, `maxcount`, `incrtime`, `ExtendedCost`, `VerifiedBuild`) VALUES (4001013, 0, 38925, 0, 0, 0, 0);
REPLACE INTO `npc_vendor` (`entry`, `slot`, `item`, `maxcount`, `incrtime`, `ExtendedCost`, `VerifiedBuild`) VALUES (4001013, 0, 38926, 0, 0, 0, 0);
REPLACE INTO `npc_vendor` (`entry`, `slot`, `item`, `maxcount`, `incrtime`, `ExtendedCost`, `VerifiedBuild`) VALUES (4001013, 0, 38927, 0, 0, 0, 0);
REPLACE INTO `npc_vendor` (`entry`, `slot`, `item`, `maxcount`, `incrtime`, `ExtendedCost`, `VerifiedBuild`) VALUES (4001013, 0, 38928, 0, 0, 0, 0);
REPLACE INTO `npc_vendor` (`entry`, `slot`, `item`, `maxcount`, `incrtime`, `ExtendedCost`, `VerifiedBuild`) VALUES (4001013, 0, 38929, 0, 0, 0, 0);
REPLACE INTO `npc_vendor` (`entry`, `slot`, `item`, `maxcount`, `incrtime`, `ExtendedCost`, `VerifiedBuild`) VALUES (4001013, 0, 38930, 0, 0, 0, 0);
REPLACE INTO `npc_vendor` (`entry`, `slot`, `item`, `maxcount`, `incrtime`, `ExtendedCost`, `VerifiedBuild`) VALUES (4001013, 0, 38931, 0, 0, 0, 0);
REPLACE INTO `npc_vendor` (`entry`, `slot`, `item`, `maxcount`, `incrtime`, `ExtendedCost`, `VerifiedBuild`) VALUES (4001013, 0, 38932, 0, 0, 0, 0);
REPLACE INTO `npc_vendor` (`entry`, `slot`, `item`, `maxcount`, `incrtime`, `ExtendedCost`, `VerifiedBuild`) VALUES (4001013, 0, 38933, 0, 0, 0, 0);
REPLACE INTO `npc_vendor` (`entry`, `slot`, `item`, `maxcount`, `incrtime`, `ExtendedCost`, `VerifiedBuild`) VALUES (4001013, 0, 38934, 0, 0, 0, 0);
REPLACE INTO `npc_vendor` (`entry`, `slot`, `item`, `maxcount`, `incrtime`, `ExtendedCost`, `VerifiedBuild`) VALUES (4001013, 0, 38935, 0, 0, 0, 0);
REPLACE INTO `npc_vendor` (`entry`, `slot`, `item`, `maxcount`, `incrtime`, `ExtendedCost`, `VerifiedBuild`) VALUES (4001013, 0, 38936, 0, 0, 0, 0);
REPLACE INTO `npc_vendor` (`entry`, `slot`, `item`, `maxcount`, `incrtime`, `ExtendedCost`, `VerifiedBuild`) VALUES (4001013, 0, 38937, 0, 0, 0, 0);
REPLACE INTO `npc_vendor` (`entry`, `slot`, `item`, `maxcount`, `incrtime`, `ExtendedCost`, `VerifiedBuild`) VALUES (4001013, 0, 38938, 0, 0, 0, 0);
REPLACE INTO `npc_vendor` (`entry`, `slot`, `item`, `maxcount`, `incrtime`, `ExtendedCost`, `VerifiedBuild`) VALUES (4001013, 0, 38939, 0, 0, 0, 0);
REPLACE INTO `npc_vendor` (`entry`, `slot`, `item`, `maxcount`, `incrtime`, `ExtendedCost`, `VerifiedBuild`) VALUES (4001013, 0, 38940, 0, 0, 0, 0);
REPLACE INTO `npc_vendor` (`entry`, `slot`, `item`, `maxcount`, `incrtime`, `ExtendedCost`, `VerifiedBuild`) VALUES (4001013, 0, 38941, 0, 0, 0, 0);
REPLACE INTO `npc_vendor` (`entry`, `slot`, `item`, `maxcount`, `incrtime`, `ExtendedCost`, `VerifiedBuild`) VALUES (4001013, 0, 38942, 0, 0, 0, 0);
REPLACE INTO `npc_vendor` (`entry`, `slot`, `item`, `maxcount`, `incrtime`, `ExtendedCost`, `VerifiedBuild`) VALUES (4001013, 0, 38943, 0, 0, 0, 0);
REPLACE INTO `npc_vendor` (`entry`, `slot`, `item`, `maxcount`, `incrtime`, `ExtendedCost`, `VerifiedBuild`) VALUES (4001013, 0, 38944, 0, 0, 0, 0);
REPLACE INTO `npc_vendor` (`entry`, `slot`, `item`, `maxcount`, `incrtime`, `ExtendedCost`, `VerifiedBuild`) VALUES (4001013, 0, 38945, 0, 0, 0, 0);
REPLACE INTO `npc_vendor` (`entry`, `slot`, `item`, `maxcount`, `incrtime`, `ExtendedCost`, `VerifiedBuild`) VALUES (4001013, 0, 38946, 0, 0, 0, 0);
REPLACE INTO `npc_vendor` (`entry`, `slot`, `item`, `maxcount`, `incrtime`, `ExtendedCost`, `VerifiedBuild`) VALUES (4001013, 0, 38947, 0, 0, 0, 0);
REPLACE INTO `npc_vendor` (`entry`, `slot`, `item`, `maxcount`, `incrtime`, `ExtendedCost`, `VerifiedBuild`) VALUES (4001013, 0, 38948, 0, 0, 0, 0);
REPLACE INTO `npc_vendor` (`entry`, `slot`, `item`, `maxcount`, `incrtime`, `ExtendedCost`, `VerifiedBuild`) VALUES (4001013, 0, 38949, 0, 0, 0, 0);
REPLACE INTO `npc_vendor` (`entry`, `slot`, `item`, `maxcount`, `incrtime`, `ExtendedCost`, `VerifiedBuild`) VALUES (4001013, 0, 38950, 0, 0, 0, 0);
REPLACE INTO `npc_vendor` (`entry`, `slot`, `item`, `maxcount`, `incrtime`, `ExtendedCost`, `VerifiedBuild`) VALUES (4001013, 0, 38951, 0, 0, 0, 0);
REPLACE INTO `npc_vendor` (`entry`, `slot`, `item`, `maxcount`, `incrtime`, `ExtendedCost`, `VerifiedBuild`) VALUES (4001013, 0, 38953, 0, 0, 0, 0);
REPLACE INTO `npc_vendor` (`entry`, `slot`, `item`, `maxcount`, `incrtime`, `ExtendedCost`, `VerifiedBuild`) VALUES (4001013, 0, 38954, 0, 0, 0, 0);
REPLACE INTO `npc_vendor` (`entry`, `slot`, `item`, `maxcount`, `incrtime`, `ExtendedCost`, `VerifiedBuild`) VALUES (4001013, 0, 38955, 0, 0, 0, 0);
REPLACE INTO `npc_vendor` (`entry`, `slot`, `item`, `maxcount`, `incrtime`, `ExtendedCost`, `VerifiedBuild`) VALUES (4001013, 0, 38956, 0, 0, 0, 0);
REPLACE INTO `npc_vendor` (`entry`, `slot`, `item`, `maxcount`, `incrtime`, `ExtendedCost`, `VerifiedBuild`) VALUES (4001013, 0, 38959, 0, 0, 0, 0);
REPLACE INTO `npc_vendor` (`entry`, `slot`, `item`, `maxcount`, `incrtime`, `ExtendedCost`, `VerifiedBuild`) VALUES (4001013, 0, 38960, 0, 0, 0, 0);
REPLACE INTO `npc_vendor` (`entry`, `slot`, `item`, `maxcount`, `incrtime`, `ExtendedCost`, `VerifiedBuild`) VALUES (4001013, 0, 38961, 0, 0, 0, 0);
REPLACE INTO `npc_vendor` (`entry`, `slot`, `item`, `maxcount`, `incrtime`, `ExtendedCost`, `VerifiedBuild`) VALUES (4001013, 0, 38962, 0, 0, 0, 0);
REPLACE INTO `npc_vendor` (`entry`, `slot`, `item`, `maxcount`, `incrtime`, `ExtendedCost`, `VerifiedBuild`) VALUES (4001013, 0, 38963, 0, 0, 0, 0);
REPLACE INTO `npc_vendor` (`entry`, `slot`, `item`, `maxcount`, `incrtime`, `ExtendedCost`, `VerifiedBuild`) VALUES (4001013, 0, 38964, 0, 0, 0, 0);
REPLACE INTO `npc_vendor` (`entry`, `slot`, `item`, `maxcount`, `incrtime`, `ExtendedCost`, `VerifiedBuild`) VALUES (4001013, 0, 38965, 0, 0, 0, 0);
REPLACE INTO `npc_vendor` (`entry`, `slot`, `item`, `maxcount`, `incrtime`, `ExtendedCost`, `VerifiedBuild`) VALUES (4001013, 0, 38966, 0, 0, 0, 0);
REPLACE INTO `npc_vendor` (`entry`, `slot`, `item`, `maxcount`, `incrtime`, `ExtendedCost`, `VerifiedBuild`) VALUES (4001013, 0, 38967, 0, 0, 0, 0);
REPLACE INTO `npc_vendor` (`entry`, `slot`, `item`, `maxcount`, `incrtime`, `ExtendedCost`, `VerifiedBuild`) VALUES (4001013, 0, 38968, 0, 0, 0, 0);
REPLACE INTO `npc_vendor` (`entry`, `slot`, `item`, `maxcount`, `incrtime`, `ExtendedCost`, `VerifiedBuild`) VALUES (4001013, 0, 38969, 0, 0, 0, 0);
REPLACE INTO `npc_vendor` (`entry`, `slot`, `item`, `maxcount`, `incrtime`, `ExtendedCost`, `VerifiedBuild`) VALUES (4001013, 0, 38971, 0, 0, 0, 0);
REPLACE INTO `npc_vendor` (`entry`, `slot`, `item`, `maxcount`, `incrtime`, `ExtendedCost`, `VerifiedBuild`) VALUES (4001013, 0, 38972, 0, 0, 0, 0);
REPLACE INTO `npc_vendor` (`entry`, `slot`, `item`, `maxcount`, `incrtime`, `ExtendedCost`, `VerifiedBuild`) VALUES (4001013, 0, 38973, 0, 0, 0, 0);
REPLACE INTO `npc_vendor` (`entry`, `slot`, `item`, `maxcount`, `incrtime`, `ExtendedCost`, `VerifiedBuild`) VALUES (4001013, 0, 38974, 0, 0, 0, 0);
REPLACE INTO `npc_vendor` (`entry`, `slot`, `item`, `maxcount`, `incrtime`, `ExtendedCost`, `VerifiedBuild`) VALUES (4001013, 0, 38975, 0, 0, 0, 0);
REPLACE INTO `npc_vendor` (`entry`, `slot`, `item`, `maxcount`, `incrtime`, `ExtendedCost`, `VerifiedBuild`) VALUES (4001013, 0, 38976, 0, 0, 0, 0);
REPLACE INTO `npc_vendor` (`entry`, `slot`, `item`, `maxcount`, `incrtime`, `ExtendedCost`, `VerifiedBuild`) VALUES (4001013, 0, 38977, 0, 0, 0, 0);
REPLACE INTO `npc_vendor` (`entry`, `slot`, `item`, `maxcount`, `incrtime`, `ExtendedCost`, `VerifiedBuild`) VALUES (4001013, 0, 38978, 0, 0, 0, 0);
REPLACE INTO `npc_vendor` (`entry`, `slot`, `item`, `maxcount`, `incrtime`, `ExtendedCost`, `VerifiedBuild`) VALUES (4001013, 0, 38979, 0, 0, 0, 0);
REPLACE INTO `npc_vendor` (`entry`, `slot`, `item`, `maxcount`, `incrtime`, `ExtendedCost`, `VerifiedBuild`) VALUES (4001013, 0, 38980, 0, 0, 0, 0);
REPLACE INTO `npc_vendor` (`entry`, `slot`, `item`, `maxcount`, `incrtime`, `ExtendedCost`, `VerifiedBuild`) VALUES (4001013, 0, 38981, 0, 0, 0, 0);
REPLACE INTO `npc_vendor` (`entry`, `slot`, `item`, `maxcount`, `incrtime`, `ExtendedCost`, `VerifiedBuild`) VALUES (4001013, 0, 38982, 0, 0, 0, 0);
REPLACE INTO `npc_vendor` (`entry`, `slot`, `item`, `maxcount`, `incrtime`, `ExtendedCost`, `VerifiedBuild`) VALUES (4001013, 0, 38984, 0, 0, 0, 0);
REPLACE INTO `npc_vendor` (`entry`, `slot`, `item`, `maxcount`, `incrtime`, `ExtendedCost`, `VerifiedBuild`) VALUES (4001013, 0, 38986, 0, 0, 0, 0);
REPLACE INTO `npc_vendor` (`entry`, `slot`, `item`, `maxcount`, `incrtime`, `ExtendedCost`, `VerifiedBuild`) VALUES (4001013, 0, 38987, 0, 0, 0, 0);
REPLACE INTO `npc_vendor` (`entry`, `slot`, `item`, `maxcount`, `incrtime`, `ExtendedCost`, `VerifiedBuild`) VALUES (4001013, 0, 38988, 0, 0, 0, 0);
REPLACE INTO `npc_vendor` (`entry`, `slot`, `item`, `maxcount`, `incrtime`, `ExtendedCost`, `VerifiedBuild`) VALUES (4001013, 0, 38989, 0, 0, 0, 0);
REPLACE INTO `npc_vendor` (`entry`, `slot`, `item`, `maxcount`, `incrtime`, `ExtendedCost`, `VerifiedBuild`) VALUES (4001013, 0, 38990, 0, 0, 0, 0);
REPLACE INTO `npc_vendor` (`entry`, `slot`, `item`, `maxcount`, `incrtime`, `ExtendedCost`, `VerifiedBuild`) VALUES (4001013, 0, 38991, 0, 0, 0, 0);
REPLACE INTO `npc_vendor` (`entry`, `slot`, `item`, `maxcount`, `incrtime`, `ExtendedCost`, `VerifiedBuild`) VALUES (4001013, 0, 38992, 0, 0, 0, 0);
REPLACE INTO `npc_vendor` (`entry`, `slot`, `item`, `maxcount`, `incrtime`, `ExtendedCost`, `VerifiedBuild`) VALUES (4001013, 0, 38993, 0, 0, 0, 0);
REPLACE INTO `npc_vendor` (`entry`, `slot`, `item`, `maxcount`, `incrtime`, `ExtendedCost`, `VerifiedBuild`) VALUES (4001013, 0, 38995, 0, 0, 0, 0);
REPLACE INTO `npc_vendor` (`entry`, `slot`, `item`, `maxcount`, `incrtime`, `ExtendedCost`, `VerifiedBuild`) VALUES (4001013, 0, 38997, 0, 0, 0, 0);
REPLACE INTO `npc_vendor` (`entry`, `slot`, `item`, `maxcount`, `incrtime`, `ExtendedCost`, `VerifiedBuild`) VALUES (4001013, 0, 38998, 0, 0, 0, 0);
REPLACE INTO `npc_vendor` (`entry`, `slot`, `item`, `maxcount`, `incrtime`, `ExtendedCost`, `VerifiedBuild`) VALUES (4001013, 0, 38999, 0, 0, 0, 0);
REPLACE INTO `npc_vendor` (`entry`, `slot`, `item`, `maxcount`, `incrtime`, `ExtendedCost`, `VerifiedBuild`) VALUES (4001013, 0, 39000, 0, 0, 0, 0);
REPLACE INTO `npc_vendor` (`entry`, `slot`, `item`, `maxcount`, `incrtime`, `ExtendedCost`, `VerifiedBuild`) VALUES (4001013, 0, 39001, 0, 0, 0, 0);
REPLACE INTO `npc_vendor` (`entry`, `slot`, `item`, `maxcount`, `incrtime`, `ExtendedCost`, `VerifiedBuild`) VALUES (4001013, 0, 39002, 0, 0, 0, 0);
REPLACE INTO `npc_vendor` (`entry`, `slot`, `item`, `maxcount`, `incrtime`, `ExtendedCost`, `VerifiedBuild`) VALUES (4001013, 0, 39003, 0, 0, 0, 0);
REPLACE INTO `npc_vendor` (`entry`, `slot`, `item`, `maxcount`, `incrtime`, `ExtendedCost`, `VerifiedBuild`) VALUES (4001013, 0, 39004, 0, 0, 0, 0);
REPLACE INTO `npc_vendor` (`entry`, `slot`, `item`, `maxcount`, `incrtime`, `ExtendedCost`, `VerifiedBuild`) VALUES (4001013, 0, 39005, 0, 0, 0, 0);
REPLACE INTO `npc_vendor` (`entry`, `slot`, `item`, `maxcount`, `incrtime`, `ExtendedCost`, `VerifiedBuild`) VALUES (4001013, 0, 39006, 0, 0, 0, 0);
REPLACE INTO `npc_vendor` (`entry`, `slot`, `item`, `maxcount`, `incrtime`, `ExtendedCost`, `VerifiedBuild`) VALUES (4001013, 0, 43987, 0, 0, 0, 0);
REPLACE INTO `npc_vendor` (`entry`, `slot`, `item`, `maxcount`, `incrtime`, `ExtendedCost`, `VerifiedBuild`) VALUES (4001013, 0, 44449, 0, 0, 0, 0);
REPLACE INTO `npc_vendor` (`entry`, `slot`, `item`, `maxcount`, `incrtime`, `ExtendedCost`, `VerifiedBuild`) VALUES (4001013, 0, 44453, 0, 0, 0, 0);
REPLACE INTO `npc_vendor` (`entry`, `slot`, `item`, `maxcount`, `incrtime`, `ExtendedCost`, `VerifiedBuild`) VALUES (4001013, 0, 44455, 0, 0, 0, 0);
REPLACE INTO `npc_vendor` (`entry`, `slot`, `item`, `maxcount`, `incrtime`, `ExtendedCost`, `VerifiedBuild`) VALUES (4001013, 0, 44456, 0, 0, 0, 0);
REPLACE INTO `npc_vendor` (`entry`, `slot`, `item`, `maxcount`, `incrtime`, `ExtendedCost`, `VerifiedBuild`) VALUES (4001013, 0, 44457, 0, 0, 0, 0);
REPLACE INTO `npc_vendor` (`entry`, `slot`, `item`, `maxcount`, `incrtime`, `ExtendedCost`, `VerifiedBuild`) VALUES (4001013, 0, 44458, 0, 0, 0, 0);
REPLACE INTO `npc_vendor` (`entry`, `slot`, `item`, `maxcount`, `incrtime`, `ExtendedCost`, `VerifiedBuild`) VALUES (4001013, 0, 44463, 0, 0, 0, 0);
REPLACE INTO `npc_vendor` (`entry`, `slot`, `item`, `maxcount`, `incrtime`, `ExtendedCost`, `VerifiedBuild`) VALUES (4001013, 0, 44465, 0, 0, 0, 0);
REPLACE INTO `npc_vendor` (`entry`, `slot`, `item`, `maxcount`, `incrtime`, `ExtendedCost`, `VerifiedBuild`) VALUES (4001013, 0, 44466, 0, 0, 0, 0);
REPLACE INTO `npc_vendor` (`entry`, `slot`, `item`, `maxcount`, `incrtime`, `ExtendedCost`, `VerifiedBuild`) VALUES (4001013, 0, 44467, 0, 0, 0, 0);
REPLACE INTO `npc_vendor` (`entry`, `slot`, `item`, `maxcount`, `incrtime`, `ExtendedCost`, `VerifiedBuild`) VALUES (4001013, 0, 44469, 0, 0, 0, 0);
REPLACE INTO `npc_vendor` (`entry`, `slot`, `item`, `maxcount`, `incrtime`, `ExtendedCost`, `VerifiedBuild`) VALUES (4001013, 0, 44470, 0, 0, 0, 0);
REPLACE INTO `npc_vendor` (`entry`, `slot`, `item`, `maxcount`, `incrtime`, `ExtendedCost`, `VerifiedBuild`) VALUES (4001013, 0, 44493, 0, 0, 0, 0);
REPLACE INTO `npc_vendor` (`entry`, `slot`, `item`, `maxcount`, `incrtime`, `ExtendedCost`, `VerifiedBuild`) VALUES (4001013, 0, 44497, 0, 0, 0, 0);
REPLACE INTO `npc_vendor` (`entry`, `slot`, `item`, `maxcount`, `incrtime`, `ExtendedCost`, `VerifiedBuild`) VALUES (4001013, 0, 44815, 0, 0, 0, 0);
REPLACE INTO `npc_vendor` (`entry`, `slot`, `item`, `maxcount`, `incrtime`, `ExtendedCost`, `VerifiedBuild`) VALUES (4001013, 0, 44947, 0, 0, 0, 0);
REPLACE INTO `npc_vendor` (`entry`, `slot`, `item`, `maxcount`, `incrtime`, `ExtendedCost`, `VerifiedBuild`) VALUES (4001013, 0, 45056, 0, 0, 0, 0);
REPLACE INTO `npc_vendor` (`entry`, `slot`, `item`, `maxcount`, `incrtime`, `ExtendedCost`, `VerifiedBuild`) VALUES (4001013, 0, 45060, 0, 0, 0, 0);
REPLACE INTO `npc_vendor` (`entry`, `slot`, `item`, `maxcount`, `incrtime`, `ExtendedCost`, `VerifiedBuild`) VALUES (4001013, 0, 46026, 0, 0, 0, 0);
REPLACE INTO `npc_vendor` (`entry`, `slot`, `item`, `maxcount`, `incrtime`, `ExtendedCost`, `VerifiedBuild`) VALUES (4001013, 0, 46098, 0, 0, 0, 0);

-- 药剂
REPLACE INTO `creature_template` (`entry`, `difficulty_entry_1`, `difficulty_entry_2`, `difficulty_entry_3`, `KillCredit1`, `KillCredit2`, `modelid1`, `modelid2`, `modelid3`, `modelid4`, `name`, `subname`, `IconName`, `gossip_menu_id`, `minlevel`, `maxlevel`, `exp`, `faction`, `npcflag`, `speed_walk`, `speed_run`, `speed_swim`, `speed_flight`, `detection_range`, `scale`, `rank`, `dmgschool`, `DamageModifier`, `BaseAttackTime`, `RangeAttackTime`, `BaseVariance`, `RangeVariance`, `unit_class`, `unit_flags`, `unit_flags2`, `dynamicflags`, `family`, `trainer_type`, `trainer_spell`, `trainer_class`, `trainer_race`, `type`, `type_flags`, `lootid`, `pickpocketloot`, `skinloot`, `PetSpellDataId`, `VehicleId`, `mingold`, `maxgold`, `AIName`, `MovementType`, `HoverHeight`, `HealthModifier`, `ManaModifier`, `ArmorModifier`, `ExperienceModifier`, `RacialLeader`, `movementId`, `RegenHealth`, `mechanic_immune_mask`, `spell_school_immune_mask`, `flags_extra`, `ScriptName`, `VerifiedBuild`) VALUES (4001014, 0, 0, 0, 0, 0, 18541, 0, 0, 0, '药剂', '商人', NULL, 0, 75, 75, 0, 35, 4224, 1, 1.14286, 1, 1, 20, 1, 0, 0, 1, 0, 0, 1, 1, 1, 0, 0, 0, 0, 0, 0, 0, 0, 0, 0, 0, 0, 0, 0, 0, 0, 0, '', 0, 1, 1, 1, 1, 1, 0, 0, 1, 0, 0, 0, '', NULL);
REPLACE INTO `creature_template_locale` (`entry`, `locale`, `Name`, `Title`, `VerifiedBuild`) VALUES (4001014, 'zhCN', '药剂', '商人', NULL);
REPLACE INTO `npc_vendor` (`entry`, `slot`, `item`, `maxcount`, `incrtime`, `ExtendedCost`, `VerifiedBuild`) VALUES (4001014, 1, 2454, 0, 0, 0, 0);
REPLACE INTO `npc_vendor` (`entry`, `slot`, `item`, `maxcount`, `incrtime`, `ExtendedCost`, `VerifiedBuild`) VALUES (4001014, 1, 2457, 0, 0, 0, 0);
REPLACE INTO `npc_vendor` (`entry`, `slot`, `item`, `maxcount`, `incrtime`, `ExtendedCost`, `VerifiedBuild`) VALUES (4001014, 1, 2458, 0, 0, 0, 0);
REPLACE INTO `npc_vendor` (`entry`, `slot`, `item`, `maxcount`, `incrtime`, `ExtendedCost`, `VerifiedBuild`) VALUES (4001014, 1, 3382, 0, 0, 0, 0);
REPLACE INTO `npc_vendor` (`entry`, `slot`, `item`, `maxcount`, `incrtime`, `ExtendedCost`, `VerifiedBuild`) VALUES (4001014, 1, 3383, 0, 0, 0, 0);
REPLACE INTO `npc_vendor` (`entry`, `slot`, `item`, `maxcount`, `incrtime`, `ExtendedCost`, `VerifiedBuild`) VALUES (4001014, 1, 3388, 0, 0, 0, 0);
REPLACE INTO `npc_vendor` (`entry`, `slot`, `item`, `maxcount`, `incrtime`, `ExtendedCost`, `VerifiedBuild`) VALUES (4001014, 1, 3389, 0, 0, 0, 0);
REPLACE INTO `npc_vendor` (`entry`, `slot`, `item`, `maxcount`, `incrtime`, `ExtendedCost`, `VerifiedBuild`) VALUES (4001014, 1, 3390, 0, 0, 0, 0);
REPLACE INTO `npc_vendor` (`entry`, `slot`, `item`, `maxcount`, `incrtime`, `ExtendedCost`, `VerifiedBuild`) VALUES (4001014, 1, 3391, 0, 0, 0, 0);
REPLACE INTO `npc_vendor` (`entry`, `slot`, `item`, `maxcount`, `incrtime`, `ExtendedCost`, `VerifiedBuild`) VALUES (4001014, 1, 3825, 0, 0, 0, 0);
REPLACE INTO `npc_vendor` (`entry`, `slot`, `item`, `maxcount`, `incrtime`, `ExtendedCost`, `VerifiedBuild`) VALUES (4001014, 1, 3826, 0, 0, 0, 0);
REPLACE INTO `npc_vendor` (`entry`, `slot`, `item`, `maxcount`, `incrtime`, `ExtendedCost`, `VerifiedBuild`) VALUES (4001014, 1, 3828, 0, 0, 0, 0);
REPLACE INTO `npc_vendor` (`entry`, `slot`, `item`, `maxcount`, `incrtime`, `ExtendedCost`, `VerifiedBuild`) VALUES (4001014, 1, 5996, 0, 0, 0, 0);
REPLACE INTO `npc_vendor` (`entry`, `slot`, `item`, `maxcount`, `incrtime`, `ExtendedCost`, `VerifiedBuild`) VALUES (4001014, 1, 5997, 0, 0, 0, 0);
REPLACE INTO `npc_vendor` (`entry`, `slot`, `item`, `maxcount`, `incrtime`, `ExtendedCost`, `VerifiedBuild`) VALUES (4001014, 1, 6373, 0, 0, 0, 0);
REPLACE INTO `npc_vendor` (`entry`, `slot`, `item`, `maxcount`, `incrtime`, `ExtendedCost`, `VerifiedBuild`) VALUES (4001014, 1, 6662, 0, 0, 0, 0);
REPLACE INTO `npc_vendor` (`entry`, `slot`, `item`, `maxcount`, `incrtime`, `ExtendedCost`, `VerifiedBuild`) VALUES (4001014, 1, 8827, 0, 0, 0, 0);
REPLACE INTO `npc_vendor` (`entry`, `slot`, `item`, `maxcount`, `incrtime`, `ExtendedCost`, `VerifiedBuild`) VALUES (4001014, 1, 8949, 0, 0, 0, 0);
REPLACE INTO `npc_vendor` (`entry`, `slot`, `item`, `maxcount`, `incrtime`, `ExtendedCost`, `VerifiedBuild`) VALUES (4001014, 1, 8951, 0, 0, 0, 0);
REPLACE INTO `npc_vendor` (`entry`, `slot`, `item`, `maxcount`, `incrtime`, `ExtendedCost`, `VerifiedBuild`) VALUES (4001014, 1, 9088, 0, 0, 0, 0);
REPLACE INTO `npc_vendor` (`entry`, `slot`, `item`, `maxcount`, `incrtime`, `ExtendedCost`, `VerifiedBuild`) VALUES (4001014, 1, 9154, 0, 0, 0, 0);
REPLACE INTO `npc_vendor` (`entry`, `slot`, `item`, `maxcount`, `incrtime`, `ExtendedCost`, `VerifiedBuild`) VALUES (4001014, 1, 9155, 0, 0, 0, 0);
REPLACE INTO `npc_vendor` (`entry`, `slot`, `item`, `maxcount`, `incrtime`, `ExtendedCost`, `VerifiedBuild`) VALUES (4001014, 1, 9179, 0, 0, 0, 0);
REPLACE INTO `npc_vendor` (`entry`, `slot`, `item`, `maxcount`, `incrtime`, `ExtendedCost`, `VerifiedBuild`) VALUES (4001014, 1, 9187, 0, 0, 0, 0);
REPLACE INTO `npc_vendor` (`entry`, `slot`, `item`, `maxcount`, `incrtime`, `ExtendedCost`, `VerifiedBuild`) VALUES (4001014, 1, 9197, 0, 0, 0, 0);
REPLACE INTO `npc_vendor` (`entry`, `slot`, `item`, `maxcount`, `incrtime`, `ExtendedCost`, `VerifiedBuild`) VALUES (4001014, 1, 9206, 0, 0, 0, 0);
REPLACE INTO `npc_vendor` (`entry`, `slot`, `item`, `maxcount`, `incrtime`, `ExtendedCost`, `VerifiedBuild`) VALUES (4001014, 1, 9224, 0, 0, 0, 0);
REPLACE INTO `npc_vendor` (`entry`, `slot`, `item`, `maxcount`, `incrtime`, `ExtendedCost`, `VerifiedBuild`) VALUES (4001014, 1, 9233, 0, 0, 0, 0);
REPLACE INTO `npc_vendor` (`entry`, `slot`, `item`, `maxcount`, `incrtime`, `ExtendedCost`, `VerifiedBuild`) VALUES (4001014, 1, 9264, 0, 0, 0, 0);
REPLACE INTO `npc_vendor` (`entry`, `slot`, `item`, `maxcount`, `incrtime`, `ExtendedCost`, `VerifiedBuild`) VALUES (4001014, 1, 10592, 0, 0, 0, 0);
REPLACE INTO `npc_vendor` (`entry`, `slot`, `item`, `maxcount`, `incrtime`, `ExtendedCost`, `VerifiedBuild`) VALUES (4001014, 1, 13445, 0, 0, 0, 0);
REPLACE INTO `npc_vendor` (`entry`, `slot`, `item`, `maxcount`, `incrtime`, `ExtendedCost`, `VerifiedBuild`) VALUES (4001014, 1, 13447, 0, 0, 0, 0);
REPLACE INTO `npc_vendor` (`entry`, `slot`, `item`, `maxcount`, `incrtime`, `ExtendedCost`, `VerifiedBuild`) VALUES (4001014, 1, 13452, 0, 0, 0, 0);
REPLACE INTO `npc_vendor` (`entry`, `slot`, `item`, `maxcount`, `incrtime`, `ExtendedCost`, `VerifiedBuild`) VALUES (4001014, 1, 13453, 0, 0, 0, 0);
REPLACE INTO `npc_vendor` (`entry`, `slot`, `item`, `maxcount`, `incrtime`, `ExtendedCost`, `VerifiedBuild`) VALUES (4001014, 1, 13454, 0, 0, 0, 0);
REPLACE INTO `npc_vendor` (`entry`, `slot`, `item`, `maxcount`, `incrtime`, `ExtendedCost`, `VerifiedBuild`) VALUES (4001014, 0, 13510, 0, 0, 0, 0);
REPLACE INTO `npc_vendor` (`entry`, `slot`, `item`, `maxcount`, `incrtime`, `ExtendedCost`, `VerifiedBuild`) VALUES (4001014, 0, 13511, 0, 0, 0, 0);
REPLACE INTO `npc_vendor` (`entry`, `slot`, `item`, `maxcount`, `incrtime`, `ExtendedCost`, `VerifiedBuild`) VALUES (4001014, 0, 13512, 0, 0, 0, 0);
REPLACE INTO `npc_vendor` (`entry`, `slot`, `item`, `maxcount`, `incrtime`, `ExtendedCost`, `VerifiedBuild`) VALUES (4001014, 0, 13513, 0, 0, 0, 0);
REPLACE INTO `npc_vendor` (`entry`, `slot`, `item`, `maxcount`, `incrtime`, `ExtendedCost`, `VerifiedBuild`) VALUES (4001014, 1, 17708, 0, 0, 0, 0);
REPLACE INTO `npc_vendor` (`entry`, `slot`, `item`, `maxcount`, `incrtime`, `ExtendedCost`, `VerifiedBuild`) VALUES (4001014, 1, 18294, 0, 0, 0, 0);
REPLACE INTO `npc_vendor` (`entry`, `slot`, `item`, `maxcount`, `incrtime`, `ExtendedCost`, `VerifiedBuild`) VALUES (4001014, 1, 20004, 0, 0, 0, 0);
REPLACE INTO `npc_vendor` (`entry`, `slot`, `item`, `maxcount`, `incrtime`, `ExtendedCost`, `VerifiedBuild`) VALUES (4001014, 1, 20007, 0, 0, 0, 0);
REPLACE INTO `npc_vendor` (`entry`, `slot`, `item`, `maxcount`, `incrtime`, `ExtendedCost`, `VerifiedBuild`) VALUES (4001014, 1, 21546, 0, 0, 0, 0);
REPLACE INTO `npc_vendor` (`entry`, `slot`, `item`, `maxcount`, `incrtime`, `ExtendedCost`, `VerifiedBuild`) VALUES (4001014, 1, 22823, 0, 0, 0, 0);
REPLACE INTO `npc_vendor` (`entry`, `slot`, `item`, `maxcount`, `incrtime`, `ExtendedCost`, `VerifiedBuild`) VALUES (4001014, 1, 22824, 0, 0, 0, 0);
REPLACE INTO `npc_vendor` (`entry`, `slot`, `item`, `maxcount`, `incrtime`, `ExtendedCost`, `VerifiedBuild`) VALUES (4001014, 1, 22825, 0, 0, 0, 0);
REPLACE INTO `npc_vendor` (`entry`, `slot`, `item`, `maxcount`, `incrtime`, `ExtendedCost`, `VerifiedBuild`) VALUES (4001014, 1, 22827, 0, 0, 0, 0);
REPLACE INTO `npc_vendor` (`entry`, `slot`, `item`, `maxcount`, `incrtime`, `ExtendedCost`, `VerifiedBuild`) VALUES (4001014, 1, 22830, 0, 0, 0, 0);
REPLACE INTO `npc_vendor` (`entry`, `slot`, `item`, `maxcount`, `incrtime`, `ExtendedCost`, `VerifiedBuild`) VALUES (4001014, 1, 22831, 0, 0, 0, 0);
REPLACE INTO `npc_vendor` (`entry`, `slot`, `item`, `maxcount`, `incrtime`, `ExtendedCost`, `VerifiedBuild`) VALUES (4001014, 1, 22833, 0, 0, 0, 0);
REPLACE INTO `npc_vendor` (`entry`, `slot`, `item`, `maxcount`, `incrtime`, `ExtendedCost`, `VerifiedBuild`) VALUES (4001014, 1, 22834, 0, 0, 0, 0);
REPLACE INTO `npc_vendor` (`entry`, `slot`, `item`, `maxcount`, `incrtime`, `ExtendedCost`, `VerifiedBuild`) VALUES (4001014, 1, 22835, 0, 0, 0, 0);
REPLACE INTO `npc_vendor` (`entry`, `slot`, `item`, `maxcount`, `incrtime`, `ExtendedCost`, `VerifiedBuild`) VALUES (4001014, 1, 22840, 0, 0, 0, 0);
REPLACE INTO `npc_vendor` (`entry`, `slot`, `item`, `maxcount`, `incrtime`, `ExtendedCost`, `VerifiedBuild`) VALUES (4001014, 1, 22848, 0, 0, 0, 0);
REPLACE INTO `npc_vendor` (`entry`, `slot`, `item`, `maxcount`, `incrtime`, `ExtendedCost`, `VerifiedBuild`) VALUES (4001014, 0, 22851, 0, 0, 0, 0);
REPLACE INTO `npc_vendor` (`entry`, `slot`, `item`, `maxcount`, `incrtime`, `ExtendedCost`, `VerifiedBuild`) VALUES (4001014, 0, 22853, 0, 0, 0, 0);
REPLACE INTO `npc_vendor` (`entry`, `slot`, `item`, `maxcount`, `incrtime`, `ExtendedCost`, `VerifiedBuild`) VALUES (4001014, 0, 22854, 0, 0, 0, 0);
REPLACE INTO `npc_vendor` (`entry`, `slot`, `item`, `maxcount`, `incrtime`, `ExtendedCost`, `VerifiedBuild`) VALUES (4001014, 0, 22861, 0, 0, 0, 0);
REPLACE INTO `npc_vendor` (`entry`, `slot`, `item`, `maxcount`, `incrtime`, `ExtendedCost`, `VerifiedBuild`) VALUES (4001014, 0, 22866, 0, 0, 0, 0);
REPLACE INTO `npc_vendor` (`entry`, `slot`, `item`, `maxcount`, `incrtime`, `ExtendedCost`, `VerifiedBuild`) VALUES (4001014, 1, 28102, 0, 0, 0, 0);
REPLACE INTO `npc_vendor` (`entry`, `slot`, `item`, `maxcount`, `incrtime`, `ExtendedCost`, `VerifiedBuild`) VALUES (4001014, 1, 28103, 0, 0, 0, 0);
REPLACE INTO `npc_vendor` (`entry`, `slot`, `item`, `maxcount`, `incrtime`, `ExtendedCost`, `VerifiedBuild`) VALUES (4001014, 1, 28104, 0, 0, 0, 0);
REPLACE INTO `npc_vendor` (`entry`, `slot`, `item`, `maxcount`, `incrtime`, `ExtendedCost`, `VerifiedBuild`) VALUES (4001014, 1, 31679, 0, 0, 0, 0);
REPLACE INTO `npc_vendor` (`entry`, `slot`, `item`, `maxcount`, `incrtime`, `ExtendedCost`, `VerifiedBuild`) VALUES (4001014, 1, 32062, 0, 0, 0, 0);
REPLACE INTO `npc_vendor` (`entry`, `slot`, `item`, `maxcount`, `incrtime`, `ExtendedCost`, `VerifiedBuild`) VALUES (4001014, 1, 32063, 0, 0, 0, 0);
REPLACE INTO `npc_vendor` (`entry`, `slot`, `item`, `maxcount`, `incrtime`, `ExtendedCost`, `VerifiedBuild`) VALUES (4001014, 1, 32067, 0, 0, 0, 0);
REPLACE INTO `npc_vendor` (`entry`, `slot`, `item`, `maxcount`, `incrtime`, `ExtendedCost`, `VerifiedBuild`) VALUES (4001014, 1, 32068, 0, 0, 0, 0);
REPLACE INTO `npc_vendor` (`entry`, `slot`, `item`, `maxcount`, `incrtime`, `ExtendedCost`, `VerifiedBuild`) VALUES (4001014, 0, 33208, 0, 0, 0, 0);
REPLACE INTO `npc_vendor` (`entry`, `slot`, `item`, `maxcount`, `incrtime`, `ExtendedCost`, `VerifiedBuild`) VALUES (4001014, 1, 39666, 0, 0, 0, 0);
REPLACE INTO `npc_vendor` (`entry`, `slot`, `item`, `maxcount`, `incrtime`, `ExtendedCost`, `VerifiedBuild`) VALUES (4001014, 1, 40068, 0, 0, 0, 0);
REPLACE INTO `npc_vendor` (`entry`, `slot`, `item`, `maxcount`, `incrtime`, `ExtendedCost`, `VerifiedBuild`) VALUES (4001014, 1, 40070, 0, 0, 0, 0);
REPLACE INTO `npc_vendor` (`entry`, `slot`, `item`, `maxcount`, `incrtime`, `ExtendedCost`, `VerifiedBuild`) VALUES (4001014, 1, 40072, 0, 0, 0, 0);
REPLACE INTO `npc_vendor` (`entry`, `slot`, `item`, `maxcount`, `incrtime`, `ExtendedCost`, `VerifiedBuild`) VALUES (4001014, 1, 40073, 0, 0, 0, 0);
REPLACE INTO `npc_vendor` (`entry`, `slot`, `item`, `maxcount`, `incrtime`, `ExtendedCost`, `VerifiedBuild`) VALUES (4001014, 1, 40076, 0, 0, 0, 0);
REPLACE INTO `npc_vendor` (`entry`, `slot`, `item`, `maxcount`, `incrtime`, `ExtendedCost`, `VerifiedBuild`) VALUES (4001014, 1, 40078, 0, 0, 0, 0);
REPLACE INTO `npc_vendor` (`entry`, `slot`, `item`, `maxcount`, `incrtime`, `ExtendedCost`, `VerifiedBuild`) VALUES (4001014, 0, 40079, 0, 0, 0, 0);
REPLACE INTO `npc_vendor` (`entry`, `slot`, `item`, `maxcount`, `incrtime`, `ExtendedCost`, `VerifiedBuild`) VALUES (4001014, 1, 40097, 0, 0, 0, 0);
REPLACE INTO `npc_vendor` (`entry`, `slot`, `item`, `maxcount`, `incrtime`, `ExtendedCost`, `VerifiedBuild`) VALUES (4001014, 1, 40109, 0, 0, 0, 0);
REPLACE INTO `npc_vendor` (`entry`, `slot`, `item`, `maxcount`, `incrtime`, `ExtendedCost`, `VerifiedBuild`) VALUES (4001014, 1, 44325, 0, 0, 0, 0);
REPLACE INTO `npc_vendor` (`entry`, `slot`, `item`, `maxcount`, `incrtime`, `ExtendedCost`, `VerifiedBuild`) VALUES (4001014, 1, 44327, 0, 0, 0, 0);
REPLACE INTO `npc_vendor` (`entry`, `slot`, `item`, `maxcount`, `incrtime`, `ExtendedCost`, `VerifiedBuild`) VALUES (4001014, 1, 44328, 0, 0, 0, 0);
REPLACE INTO `npc_vendor` (`entry`, `slot`, `item`, `maxcount`, `incrtime`, `ExtendedCost`, `VerifiedBuild`) VALUES (4001014, 1, 44329, 0, 0, 0, 0);
REPLACE INTO `npc_vendor` (`entry`, `slot`, `item`, `maxcount`, `incrtime`, `ExtendedCost`, `VerifiedBuild`) VALUES (4001014, 1, 44330, 0, 0, 0, 0);
REPLACE INTO `npc_vendor` (`entry`, `slot`, `item`, `maxcount`, `incrtime`, `ExtendedCost`, `VerifiedBuild`) VALUES (4001014, 1, 44331, 0, 0, 0, 0);
REPLACE INTO `npc_vendor` (`entry`, `slot`, `item`, `maxcount`, `incrtime`, `ExtendedCost`, `VerifiedBuild`) VALUES (4001014, 1, 44332, 0, 0, 0, 0);
REPLACE INTO `npc_vendor` (`entry`, `slot`, `item`, `maxcount`, `incrtime`, `ExtendedCost`, `VerifiedBuild`) VALUES (4001014, 0, 44939, 0, 0, 0, 0);
REPLACE INTO `npc_vendor` (`entry`, `slot`, `item`, `maxcount`, `incrtime`, `ExtendedCost`, `VerifiedBuild`) VALUES (4001014, 1, 45621, 0, 0, 0, 0);
REPLACE INTO `npc_vendor` (`entry`, `slot`, `item`, `maxcount`, `incrtime`, `ExtendedCost`, `VerifiedBuild`) VALUES (4001014, 0, 46376, 0, 0, 0, 0);
REPLACE INTO `npc_vendor` (`entry`, `slot`, `item`, `maxcount`, `incrtime`, `ExtendedCost`, `VerifiedBuild`) VALUES (4001014, 0, 46377, 0, 0, 0, 0);
REPLACE INTO `npc_vendor` (`entry`, `slot`, `item`, `maxcount`, `incrtime`, `ExtendedCost`, `VerifiedBuild`) VALUES (4001014, 0, 46378, 0, 0, 0, 0);
REPLACE INTO `npc_vendor` (`entry`, `slot`, `item`, `maxcount`, `incrtime`, `ExtendedCost`, `VerifiedBuild`) VALUES (4001014, 0, 46379, 0, 0, 0, 0);


-- 药水
REPLACE INTO `creature_template` (`entry`, `difficulty_entry_1`, `difficulty_entry_2`, `difficulty_entry_3`, `KillCredit1`, `KillCredit2`, `modelid1`, `modelid2`, `modelid3`, `modelid4`, `name`, `subname`, `IconName`, `gossip_menu_id`, `minlevel`, `maxlevel`, `exp`, `faction`, `npcflag`, `speed_walk`, `speed_run`, `speed_swim`, `speed_flight`, `detection_range`, `scale`, `rank`, `dmgschool`, `DamageModifier`, `BaseAttackTime`, `RangeAttackTime`, `BaseVariance`, `RangeVariance`, `unit_class`, `unit_flags`, `unit_flags2`, `dynamicflags`, `family`, `trainer_type`, `trainer_spell`, `trainer_class`, `trainer_race`, `type`, `type_flags`, `lootid`, `pickpocketloot`, `skinloot`, `PetSpellDataId`, `VehicleId`, `mingold`, `maxgold`, `AIName`, `MovementType`, `HoverHeight`, `HealthModifier`, `ManaModifier`, `ArmorModifier`, `ExperienceModifier`, `RacialLeader`, `movementId`, `RegenHealth`, `mechanic_immune_mask`, `spell_school_immune_mask`, `flags_extra`, `ScriptName`, `VerifiedBuild`) VALUES (4001015, 0, 0, 0, 0, 0, 18541, 0, 0, 0, '药水', '商人', NULL, 0, 75, 75, 0, 35, 4224, 1, 1.14286, 1, 1, 20, 1, 0, 0, 1, 0, 0, 1, 1, 1, 0, 0, 0, 0, 0, 0, 0, 0, 0, 0, 0, 0, 0, 0, 0, 0, 0, '', 0, 1, 1, 1, 1, 1, 0, 0, 1, 0, 0, 0, '', NULL);
REPLACE INTO `creature_template_locale` (`entry`, `locale`, `Name`, `Title`, `VerifiedBuild`) VALUES (4001015, 'zhCN', '药水', '商人', NULL);
REPLACE INTO `npc_vendor` (`entry`, `slot`, `item`, `maxcount`, `incrtime`, `ExtendedCost`, `VerifiedBuild`) VALUES (4001015, 0, 118, 0, 0, 0, 0);
REPLACE INTO `npc_vendor` (`entry`, `slot`, `item`, `maxcount`, `incrtime`, `ExtendedCost`, `VerifiedBuild`) VALUES (4001015, 0, 858, 0, 0, 0, 0);
REPLACE INTO `npc_vendor` (`entry`, `slot`, `item`, `maxcount`, `incrtime`, `ExtendedCost`, `VerifiedBuild`) VALUES (4001015, 0, 929, 0, 0, 0, 0);
REPLACE INTO `npc_vendor` (`entry`, `slot`, `item`, `maxcount`, `incrtime`, `ExtendedCost`, `VerifiedBuild`) VALUES (4001015, 0, 1710, 0, 0, 0, 0);
REPLACE INTO `npc_vendor` (`entry`, `slot`, `item`, `maxcount`, `incrtime`, `ExtendedCost`, `VerifiedBuild`) VALUES (4001015, 0, 2455, 0, 0, 0, 0);
REPLACE INTO `npc_vendor` (`entry`, `slot`, `item`, `maxcount`, `incrtime`, `ExtendedCost`, `VerifiedBuild`) VALUES (4001015, 0, 2456, 0, 0, 0, 0);
REPLACE INTO `npc_vendor` (`entry`, `slot`, `item`, `maxcount`, `incrtime`, `ExtendedCost`, `VerifiedBuild`) VALUES (4001015, 0, 2459, 0, 0, 0, 0);
REPLACE INTO `npc_vendor` (`entry`, `slot`, `item`, `maxcount`, `incrtime`, `ExtendedCost`, `VerifiedBuild`) VALUES (4001015, 0, 3384, 0, 0, 0, 0);
REPLACE INTO `npc_vendor` (`entry`, `slot`, `item`, `maxcount`, `incrtime`, `ExtendedCost`, `VerifiedBuild`) VALUES (4001015, 0, 3385, 0, 0, 0, 0);
REPLACE INTO `npc_vendor` (`entry`, `slot`, `item`, `maxcount`, `incrtime`, `ExtendedCost`, `VerifiedBuild`) VALUES (4001015, 0, 3386, 0, 0, 0, 0);
REPLACE INTO `npc_vendor` (`entry`, `slot`, `item`, `maxcount`, `incrtime`, `ExtendedCost`, `VerifiedBuild`) VALUES (4001015, 0, 3387, 0, 0, 0, 0);
REPLACE INTO `npc_vendor` (`entry`, `slot`, `item`, `maxcount`, `incrtime`, `ExtendedCost`, `VerifiedBuild`) VALUES (4001015, 0, 3823, 0, 0, 0, 0);
REPLACE INTO `npc_vendor` (`entry`, `slot`, `item`, `maxcount`, `incrtime`, `ExtendedCost`, `VerifiedBuild`) VALUES (4001015, 0, 3827, 0, 0, 0, 0);
REPLACE INTO `npc_vendor` (`entry`, `slot`, `item`, `maxcount`, `incrtime`, `ExtendedCost`, `VerifiedBuild`) VALUES (4001015, 0, 3928, 0, 0, 0, 0);
REPLACE INTO `npc_vendor` (`entry`, `slot`, `item`, `maxcount`, `incrtime`, `ExtendedCost`, `VerifiedBuild`) VALUES (4001015, 0, 4596, 0, 0, 0, 0);
REPLACE INTO `npc_vendor` (`entry`, `slot`, `item`, `maxcount`, `incrtime`, `ExtendedCost`, `VerifiedBuild`) VALUES (4001015, 0, 4623, 0, 0, 0, 0);
REPLACE INTO `npc_vendor` (`entry`, `slot`, `item`, `maxcount`, `incrtime`, `ExtendedCost`, `VerifiedBuild`) VALUES (4001015, 0, 5631, 0, 0, 0, 0);
REPLACE INTO `npc_vendor` (`entry`, `slot`, `item`, `maxcount`, `incrtime`, `ExtendedCost`, `VerifiedBuild`) VALUES (4001015, 0, 5633, 0, 0, 0, 0);
REPLACE INTO `npc_vendor` (`entry`, `slot`, `item`, `maxcount`, `incrtime`, `ExtendedCost`, `VerifiedBuild`) VALUES (4001015, 0, 5634, 0, 0, 0, 0);
REPLACE INTO `npc_vendor` (`entry`, `slot`, `item`, `maxcount`, `incrtime`, `ExtendedCost`, `VerifiedBuild`) VALUES (4001015, 0, 6048, 0, 0, 0, 0);
REPLACE INTO `npc_vendor` (`entry`, `slot`, `item`, `maxcount`, `incrtime`, `ExtendedCost`, `VerifiedBuild`) VALUES (4001015, 0, 6049, 0, 0, 0, 0);
REPLACE INTO `npc_vendor` (`entry`, `slot`, `item`, `maxcount`, `incrtime`, `ExtendedCost`, `VerifiedBuild`) VALUES (4001015, 0, 6050, 0, 0, 0, 0);
REPLACE INTO `npc_vendor` (`entry`, `slot`, `item`, `maxcount`, `incrtime`, `ExtendedCost`, `VerifiedBuild`) VALUES (4001015, 0, 6051, 0, 0, 0, 0);
REPLACE INTO `npc_vendor` (`entry`, `slot`, `item`, `maxcount`, `incrtime`, `ExtendedCost`, `VerifiedBuild`) VALUES (4001015, 0, 6052, 0, 0, 0, 0);
REPLACE INTO `npc_vendor` (`entry`, `slot`, `item`, `maxcount`, `incrtime`, `ExtendedCost`, `VerifiedBuild`) VALUES (4001015, 0, 6149, 0, 0, 0, 0);
REPLACE INTO `npc_vendor` (`entry`, `slot`, `item`, `maxcount`, `incrtime`, `ExtendedCost`, `VerifiedBuild`) VALUES (4001015, 0, 6372, 0, 0, 0, 0);
REPLACE INTO `npc_vendor` (`entry`, `slot`, `item`, `maxcount`, `incrtime`, `ExtendedCost`, `VerifiedBuild`) VALUES (4001015, 0, 9030, 0, 0, 0, 0);
REPLACE INTO `npc_vendor` (`entry`, `slot`, `item`, `maxcount`, `incrtime`, `ExtendedCost`, `VerifiedBuild`) VALUES (4001015, 0, 9036, 0, 0, 0, 0);
REPLACE INTO `npc_vendor` (`entry`, `slot`, `item`, `maxcount`, `incrtime`, `ExtendedCost`, `VerifiedBuild`) VALUES (4001015, 0, 9144, 0, 0, 0, 0);
REPLACE INTO `npc_vendor` (`entry`, `slot`, `item`, `maxcount`, `incrtime`, `ExtendedCost`, `VerifiedBuild`) VALUES (4001015, 0, 9172, 0, 0, 0, 0);
REPLACE INTO `npc_vendor` (`entry`, `slot`, `item`, `maxcount`, `incrtime`, `ExtendedCost`, `VerifiedBuild`) VALUES (4001015, 0, 12190, 0, 0, 0, 0);
REPLACE INTO `npc_vendor` (`entry`, `slot`, `item`, `maxcount`, `incrtime`, `ExtendedCost`, `VerifiedBuild`) VALUES (4001015, 0, 13442, 0, 0, 0, 0);
REPLACE INTO `npc_vendor` (`entry`, `slot`, `item`, `maxcount`, `incrtime`, `ExtendedCost`, `VerifiedBuild`) VALUES (4001015, 0, 13443, 0, 0, 0, 0);
REPLACE INTO `npc_vendor` (`entry`, `slot`, `item`, `maxcount`, `incrtime`, `ExtendedCost`, `VerifiedBuild`) VALUES (4001015, 0, 13444, 0, 0, 0, 0);
REPLACE INTO `npc_vendor` (`entry`, `slot`, `item`, `maxcount`, `incrtime`, `ExtendedCost`, `VerifiedBuild`) VALUES (4001015, 0, 13446, 0, 0, 0, 0);
REPLACE INTO `npc_vendor` (`entry`, `slot`, `item`, `maxcount`, `incrtime`, `ExtendedCost`, `VerifiedBuild`) VALUES (4001015, 0, 13455, 0, 0, 0, 0);
REPLACE INTO `npc_vendor` (`entry`, `slot`, `item`, `maxcount`, `incrtime`, `ExtendedCost`, `VerifiedBuild`) VALUES (4001015, 0, 13456, 0, 0, 0, 0);
REPLACE INTO `npc_vendor` (`entry`, `slot`, `item`, `maxcount`, `incrtime`, `ExtendedCost`, `VerifiedBuild`) VALUES (4001015, 0, 13457, 0, 0, 0, 0);
REPLACE INTO `npc_vendor` (`entry`, `slot`, `item`, `maxcount`, `incrtime`, `ExtendedCost`, `VerifiedBuild`) VALUES (4001015, 0, 13458, 0, 0, 0, 0);
REPLACE INTO `npc_vendor` (`entry`, `slot`, `item`, `maxcount`, `incrtime`, `ExtendedCost`, `VerifiedBuild`) VALUES (4001015, 0, 13459, 0, 0, 0, 0);
REPLACE INTO `npc_vendor` (`entry`, `slot`, `item`, `maxcount`, `incrtime`, `ExtendedCost`, `VerifiedBuild`) VALUES (4001015, 0, 13461, 0, 0, 0, 0);
REPLACE INTO `npc_vendor` (`entry`, `slot`, `item`, `maxcount`, `incrtime`, `ExtendedCost`, `VerifiedBuild`) VALUES (4001015, 0, 13462, 0, 0, 0, 0);
REPLACE INTO `npc_vendor` (`entry`, `slot`, `item`, `maxcount`, `incrtime`, `ExtendedCost`, `VerifiedBuild`) VALUES (4001015, 0, 13506, 0, 0, 0, 0);
REPLACE INTO `npc_vendor` (`entry`, `slot`, `item`, `maxcount`, `incrtime`, `ExtendedCost`, `VerifiedBuild`) VALUES (4001015, 0, 18253, 0, 0, 0, 0);
REPLACE INTO `npc_vendor` (`entry`, `slot`, `item`, `maxcount`, `incrtime`, `ExtendedCost`, `VerifiedBuild`) VALUES (4001015, 0, 20002, 0, 0, 0, 0);
REPLACE INTO `npc_vendor` (`entry`, `slot`, `item`, `maxcount`, `incrtime`, `ExtendedCost`, `VerifiedBuild`) VALUES (4001015, 0, 20008, 0, 0, 0, 0);
REPLACE INTO `npc_vendor` (`entry`, `slot`, `item`, `maxcount`, `incrtime`, `ExtendedCost`, `VerifiedBuild`) VALUES (4001015, 0, 22826, 0, 0, 0, 0);
REPLACE INTO `npc_vendor` (`entry`, `slot`, `item`, `maxcount`, `incrtime`, `ExtendedCost`, `VerifiedBuild`) VALUES (4001015, 0, 22828, 0, 0, 0, 0);
REPLACE INTO `npc_vendor` (`entry`, `slot`, `item`, `maxcount`, `incrtime`, `ExtendedCost`, `VerifiedBuild`) VALUES (4001015, 0, 22829, 0, 0, 0, 0);
REPLACE INTO `npc_vendor` (`entry`, `slot`, `item`, `maxcount`, `incrtime`, `ExtendedCost`, `VerifiedBuild`) VALUES (4001015, 0, 22832, 0, 0, 0, 0);
REPLACE INTO `npc_vendor` (`entry`, `slot`, `item`, `maxcount`, `incrtime`, `ExtendedCost`, `VerifiedBuild`) VALUES (4001015, 0, 22836, 0, 0, 0, 0);
REPLACE INTO `npc_vendor` (`entry`, `slot`, `item`, `maxcount`, `incrtime`, `ExtendedCost`, `VerifiedBuild`) VALUES (4001015, 0, 22837, 0, 0, 0, 0);
REPLACE INTO `npc_vendor` (`entry`, `slot`, `item`, `maxcount`, `incrtime`, `ExtendedCost`, `VerifiedBuild`) VALUES (4001015, 0, 22838, 0, 0, 0, 0);
REPLACE INTO `npc_vendor` (`entry`, `slot`, `item`, `maxcount`, `incrtime`, `ExtendedCost`, `VerifiedBuild`) VALUES (4001015, 0, 22839, 0, 0, 0, 0);
REPLACE INTO `npc_vendor` (`entry`, `slot`, `item`, `maxcount`, `incrtime`, `ExtendedCost`, `VerifiedBuild`) VALUES (4001015, 0, 22841, 0, 0, 0, 0);
REPLACE INTO `npc_vendor` (`entry`, `slot`, `item`, `maxcount`, `incrtime`, `ExtendedCost`, `VerifiedBuild`) VALUES (4001015, 0, 22842, 0, 0, 0, 0);
REPLACE INTO `npc_vendor` (`entry`, `slot`, `item`, `maxcount`, `incrtime`, `ExtendedCost`, `VerifiedBuild`) VALUES (4001015, 0, 22844, 0, 0, 0, 0);
REPLACE INTO `npc_vendor` (`entry`, `slot`, `item`, `maxcount`, `incrtime`, `ExtendedCost`, `VerifiedBuild`) VALUES (4001015, 0, 22845, 0, 0, 0, 0);
REPLACE INTO `npc_vendor` (`entry`, `slot`, `item`, `maxcount`, `incrtime`, `ExtendedCost`, `VerifiedBuild`) VALUES (4001015, 0, 22846, 0, 0, 0, 0);
REPLACE INTO `npc_vendor` (`entry`, `slot`, `item`, `maxcount`, `incrtime`, `ExtendedCost`, `VerifiedBuild`) VALUES (4001015, 0, 22847, 0, 0, 0, 0);
REPLACE INTO `npc_vendor` (`entry`, `slot`, `item`, `maxcount`, `incrtime`, `ExtendedCost`, `VerifiedBuild`) VALUES (4001015, 0, 22849, 0, 0, 0, 0);
REPLACE INTO `npc_vendor` (`entry`, `slot`, `item`, `maxcount`, `incrtime`, `ExtendedCost`, `VerifiedBuild`) VALUES (4001015, 0, 22850, 0, 0, 0, 0);
REPLACE INTO `npc_vendor` (`entry`, `slot`, `item`, `maxcount`, `incrtime`, `ExtendedCost`, `VerifiedBuild`) VALUES (4001015, 0, 22871, 0, 0, 0, 0);
REPLACE INTO `npc_vendor` (`entry`, `slot`, `item`, `maxcount`, `incrtime`, `ExtendedCost`, `VerifiedBuild`) VALUES (4001015, 0, 28100, 0, 0, 0, 0);
REPLACE INTO `npc_vendor` (`entry`, `slot`, `item`, `maxcount`, `incrtime`, `ExtendedCost`, `VerifiedBuild`) VALUES (4001015, 0, 28101, 0, 0, 0, 0);
REPLACE INTO `npc_vendor` (`entry`, `slot`, `item`, `maxcount`, `incrtime`, `ExtendedCost`, `VerifiedBuild`) VALUES (4001015, 0, 31676, 0, 0, 0, 0);
REPLACE INTO `npc_vendor` (`entry`, `slot`, `item`, `maxcount`, `incrtime`, `ExtendedCost`, `VerifiedBuild`) VALUES (4001015, 0, 31677, 0, 0, 0, 0);
REPLACE INTO `npc_vendor` (`entry`, `slot`, `item`, `maxcount`, `incrtime`, `ExtendedCost`, `VerifiedBuild`) VALUES (4001015, 0, 33092, 0, 0, 0, 0);
REPLACE INTO `npc_vendor` (`entry`, `slot`, `item`, `maxcount`, `incrtime`, `ExtendedCost`, `VerifiedBuild`) VALUES (4001015, 0, 33093, 0, 0, 0, 0);
REPLACE INTO `npc_vendor` (`entry`, `slot`, `item`, `maxcount`, `incrtime`, `ExtendedCost`, `VerifiedBuild`) VALUES (4001015, 0, 33447, 0, 0, 0, 0);
REPLACE INTO `npc_vendor` (`entry`, `slot`, `item`, `maxcount`, `incrtime`, `ExtendedCost`, `VerifiedBuild`) VALUES (4001015, 0, 33448, 0, 0, 0, 0);
REPLACE INTO `npc_vendor` (`entry`, `slot`, `item`, `maxcount`, `incrtime`, `ExtendedCost`, `VerifiedBuild`) VALUES (4001015, 0, 34440, 0, 0, 0, 0);
REPLACE INTO `npc_vendor` (`entry`, `slot`, `item`, `maxcount`, `incrtime`, `ExtendedCost`, `VerifiedBuild`) VALUES (4001015, 0, 39671, 0, 0, 0, 0);
REPLACE INTO `npc_vendor` (`entry`, `slot`, `item`, `maxcount`, `incrtime`, `ExtendedCost`, `VerifiedBuild`) VALUES (4001015, 0, 40067, 0, 0, 0, 0);
REPLACE INTO `npc_vendor` (`entry`, `slot`, `item`, `maxcount`, `incrtime`, `ExtendedCost`, `VerifiedBuild`) VALUES (4001015, 0, 40077, 0, 0, 0, 0);
REPLACE INTO `npc_vendor` (`entry`, `slot`, `item`, `maxcount`, `incrtime`, `ExtendedCost`, `VerifiedBuild`) VALUES (4001015, 0, 40081, 0, 0, 0, 0);
REPLACE INTO `npc_vendor` (`entry`, `slot`, `item`, `maxcount`, `incrtime`, `ExtendedCost`, `VerifiedBuild`) VALUES (4001015, 0, 40087, 0, 0, 0, 0);
REPLACE INTO `npc_vendor` (`entry`, `slot`, `item`, `maxcount`, `incrtime`, `ExtendedCost`, `VerifiedBuild`) VALUES (4001015, 0, 40093, 0, 0, 0, 0);
REPLACE INTO `npc_vendor` (`entry`, `slot`, `item`, `maxcount`, `incrtime`, `ExtendedCost`, `VerifiedBuild`) VALUES (4001015, 0, 40211, 0, 0, 0, 0);
REPLACE INTO `npc_vendor` (`entry`, `slot`, `item`, `maxcount`, `incrtime`, `ExtendedCost`, `VerifiedBuild`) VALUES (4001015, 0, 40212, 0, 0, 0, 0);
REPLACE INTO `npc_vendor` (`entry`, `slot`, `item`, `maxcount`, `incrtime`, `ExtendedCost`, `VerifiedBuild`) VALUES (4001015, 0, 40213, 0, 0, 0, 0);
REPLACE INTO `npc_vendor` (`entry`, `slot`, `item`, `maxcount`, `incrtime`, `ExtendedCost`, `VerifiedBuild`) VALUES (4001015, 0, 40214, 0, 0, 0, 0);
REPLACE INTO `npc_vendor` (`entry`, `slot`, `item`, `maxcount`, `incrtime`, `ExtendedCost`, `VerifiedBuild`) VALUES (4001015, 0, 40215, 0, 0, 0, 0);
REPLACE INTO `npc_vendor` (`entry`, `slot`, `item`, `maxcount`, `incrtime`, `ExtendedCost`, `VerifiedBuild`) VALUES (4001015, 0, 40216, 0, 0, 0, 0);
REPLACE INTO `npc_vendor` (`entry`, `slot`, `item`, `maxcount`, `incrtime`, `ExtendedCost`, `VerifiedBuild`) VALUES (4001015, 0, 40217, 0, 0, 0, 0);


-- 烹饪
REPLACE INTO `creature_template` (`entry`, `difficulty_entry_1`, `difficulty_entry_2`, `difficulty_entry_3`, `KillCredit1`, `KillCredit2`, `modelid1`, `modelid2`, `modelid3`, `modelid4`, `name`, `subname`, `IconName`, `gossip_menu_id`, `minlevel`, `maxlevel`, `exp`, `faction`, `npcflag`, `speed_walk`, `speed_run`, `speed_swim`, `speed_flight`, `detection_range`, `scale`, `rank`, `dmgschool`, `DamageModifier`, `BaseAttackTime`, `RangeAttackTime`, `BaseVariance`, `RangeVariance`, `unit_class`, `unit_flags`, `unit_flags2`, `dynamicflags`, `family`, `trainer_type`, `trainer_spell`, `trainer_class`, `trainer_race`, `type`, `type_flags`, `lootid`, `pickpocketloot`, `skinloot`, `PetSpellDataId`, `VehicleId`, `mingold`, `maxgold`, `AIName`, `MovementType`, `HoverHeight`, `HealthModifier`, `ManaModifier`, `ArmorModifier`, `ExperienceModifier`, `RacialLeader`, `movementId`, `RegenHealth`, `mechanic_immune_mask`, `spell_school_immune_mask`, `flags_extra`, `ScriptName`, `VerifiedBuild`) VALUES (4001016, 0, 0, 0, 0, 0, 18541, 0, 0, 0, '烹饪', '商人', NULL, 0, 75, 75, 0, 35, 4224, 1, 1.14286, 1, 1, 20, 1, 0, 0, 1, 0, 0, 1, 1, 1, 0, 0, 0, 0, 0, 0, 0, 0, 0, 0, 0, 0, 0, 0, 0, 0, 0, '', 0, 1, 1, 1, 1, 1, 0, 0, 1, 0, 0, 0, '', NULL);
REPLACE INTO `creature_template_locale` (`entry`, `locale`, `Name`, `Title`, `VerifiedBuild`) VALUES (4001016, 'zhCN', '烹饪', '商人', NULL);
REPLACE INTO `npc_vendor` (`entry`, `slot`, `item`, `maxcount`, `incrtime`, `ExtendedCost`, `VerifiedBuild`) VALUES (4001016, 0, 724, 0, 0, 0, 0);
REPLACE INTO `npc_vendor` (`entry`, `slot`, `item`, `maxcount`, `incrtime`, `ExtendedCost`, `VerifiedBuild`) VALUES (4001016, 0, 1017, 0, 0, 0, 0);
REPLACE INTO `npc_vendor` (`entry`, `slot`, `item`, `maxcount`, `incrtime`, `ExtendedCost`, `VerifiedBuild`) VALUES (4001016, 0, 1082, 0, 0, 0, 0);
REPLACE INTO `npc_vendor` (`entry`, `slot`, `item`, `maxcount`, `incrtime`, `ExtendedCost`, `VerifiedBuild`) VALUES (4001016, 0, 2680, 0, 0, 0, 0);
REPLACE INTO `npc_vendor` (`entry`, `slot`, `item`, `maxcount`, `incrtime`, `ExtendedCost`, `VerifiedBuild`) VALUES (4001016, 0, 2682, 0, 0, 0, 0);
REPLACE INTO `npc_vendor` (`entry`, `slot`, `item`, `maxcount`, `incrtime`, `ExtendedCost`, `VerifiedBuild`) VALUES (4001016, 0, 2683, 0, 0, 0, 0);
REPLACE INTO `npc_vendor` (`entry`, `slot`, `item`, `maxcount`, `incrtime`, `ExtendedCost`, `VerifiedBuild`) VALUES (4001016, 0, 2684, 0, 0, 0, 0);
REPLACE INTO `npc_vendor` (`entry`, `slot`, `item`, `maxcount`, `incrtime`, `ExtendedCost`, `VerifiedBuild`) VALUES (4001016, 0, 2687, 0, 0, 0, 0);
REPLACE INTO `npc_vendor` (`entry`, `slot`, `item`, `maxcount`, `incrtime`, `ExtendedCost`, `VerifiedBuild`) VALUES (4001016, 0, 2888, 0, 0, 0, 0);
REPLACE INTO `npc_vendor` (`entry`, `slot`, `item`, `maxcount`, `incrtime`, `ExtendedCost`, `VerifiedBuild`) VALUES (4001016, 0, 3220, 0, 0, 0, 0);
REPLACE INTO `npc_vendor` (`entry`, `slot`, `item`, `maxcount`, `incrtime`, `ExtendedCost`, `VerifiedBuild`) VALUES (4001016, 0, 3662, 0, 0, 0, 0);
REPLACE INTO `npc_vendor` (`entry`, `slot`, `item`, `maxcount`, `incrtime`, `ExtendedCost`, `VerifiedBuild`) VALUES (4001016, 0, 3663, 0, 0, 0, 0);
REPLACE INTO `npc_vendor` (`entry`, `slot`, `item`, `maxcount`, `incrtime`, `ExtendedCost`, `VerifiedBuild`) VALUES (4001016, 0, 3664, 0, 0, 0, 0);
REPLACE INTO `npc_vendor` (`entry`, `slot`, `item`, `maxcount`, `incrtime`, `ExtendedCost`, `VerifiedBuild`) VALUES (4001016, 0, 3665, 0, 0, 0, 0);
REPLACE INTO `npc_vendor` (`entry`, `slot`, `item`, `maxcount`, `incrtime`, `ExtendedCost`, `VerifiedBuild`) VALUES (4001016, 0, 3666, 0, 0, 0, 0);
REPLACE INTO `npc_vendor` (`entry`, `slot`, `item`, `maxcount`, `incrtime`, `ExtendedCost`, `VerifiedBuild`) VALUES (4001016, 0, 3726, 0, 0, 0, 0);
REPLACE INTO `npc_vendor` (`entry`, `slot`, `item`, `maxcount`, `incrtime`, `ExtendedCost`, `VerifiedBuild`) VALUES (4001016, 0, 3727, 0, 0, 0, 0);
REPLACE INTO `npc_vendor` (`entry`, `slot`, `item`, `maxcount`, `incrtime`, `ExtendedCost`, `VerifiedBuild`) VALUES (4001016, 0, 3728, 0, 0, 0, 0);
REPLACE INTO `npc_vendor` (`entry`, `slot`, `item`, `maxcount`, `incrtime`, `ExtendedCost`, `VerifiedBuild`) VALUES (4001016, 0, 3729, 0, 0, 0, 0);
REPLACE INTO `npc_vendor` (`entry`, `slot`, `item`, `maxcount`, `incrtime`, `ExtendedCost`, `VerifiedBuild`) VALUES (4001016, 0, 4457, 0, 0, 0, 0);
REPLACE INTO `npc_vendor` (`entry`, `slot`, `item`, `maxcount`, `incrtime`, `ExtendedCost`, `VerifiedBuild`) VALUES (4001016, 0, 5472, 0, 0, 0, 0);
REPLACE INTO `npc_vendor` (`entry`, `slot`, `item`, `maxcount`, `incrtime`, `ExtendedCost`, `VerifiedBuild`) VALUES (4001016, 0, 5473, 0, 0, 0, 0);
REPLACE INTO `npc_vendor` (`entry`, `slot`, `item`, `maxcount`, `incrtime`, `ExtendedCost`, `VerifiedBuild`) VALUES (4001016, 0, 5474, 0, 0, 0, 0);
REPLACE INTO `npc_vendor` (`entry`, `slot`, `item`, `maxcount`, `incrtime`, `ExtendedCost`, `VerifiedBuild`) VALUES (4001016, 0, 5476, 0, 0, 0, 0);
REPLACE INTO `npc_vendor` (`entry`, `slot`, `item`, `maxcount`, `incrtime`, `ExtendedCost`, `VerifiedBuild`) VALUES (4001016, 0, 5477, 0, 0, 0, 0);
REPLACE INTO `npc_vendor` (`entry`, `slot`, `item`, `maxcount`, `incrtime`, `ExtendedCost`, `VerifiedBuild`) VALUES (4001016, 0, 5479, 0, 0, 0, 0);
REPLACE INTO `npc_vendor` (`entry`, `slot`, `item`, `maxcount`, `incrtime`, `ExtendedCost`, `VerifiedBuild`) VALUES (4001016, 0, 5480, 0, 0, 0, 0);
REPLACE INTO `npc_vendor` (`entry`, `slot`, `item`, `maxcount`, `incrtime`, `ExtendedCost`, `VerifiedBuild`) VALUES (4001016, 0, 5525, 0, 0, 0, 0);
REPLACE INTO `npc_vendor` (`entry`, `slot`, `item`, `maxcount`, `incrtime`, `ExtendedCost`, `VerifiedBuild`) VALUES (4001016, 0, 5527, 0, 0, 0, 0);
REPLACE INTO `npc_vendor` (`entry`, `slot`, `item`, `maxcount`, `incrtime`, `ExtendedCost`, `VerifiedBuild`) VALUES (4001016, 0, 6038, 0, 0, 0, 0);
REPLACE INTO `npc_vendor` (`entry`, `slot`, `item`, `maxcount`, `incrtime`, `ExtendedCost`, `VerifiedBuild`) VALUES (4001016, 0, 6657, 0, 0, 0, 0);
REPLACE INTO `npc_vendor` (`entry`, `slot`, `item`, `maxcount`, `incrtime`, `ExtendedCost`, `VerifiedBuild`) VALUES (4001016, 0, 6888, 0, 0, 0, 0);
REPLACE INTO `npc_vendor` (`entry`, `slot`, `item`, `maxcount`, `incrtime`, `ExtendedCost`, `VerifiedBuild`) VALUES (4001016, 0, 7676, 0, 0, 0, 0);
REPLACE INTO `npc_vendor` (`entry`, `slot`, `item`, `maxcount`, `incrtime`, `ExtendedCost`, `VerifiedBuild`) VALUES (4001016, 0, 10841, 0, 0, 0, 0);
REPLACE INTO `npc_vendor` (`entry`, `slot`, `item`, `maxcount`, `incrtime`, `ExtendedCost`, `VerifiedBuild`) VALUES (4001016, 0, 12209, 0, 0, 0, 0);
REPLACE INTO `npc_vendor` (`entry`, `slot`, `item`, `maxcount`, `incrtime`, `ExtendedCost`, `VerifiedBuild`) VALUES (4001016, 0, 12210, 0, 0, 0, 0);
REPLACE INTO `npc_vendor` (`entry`, `slot`, `item`, `maxcount`, `incrtime`, `ExtendedCost`, `VerifiedBuild`) VALUES (4001016, 0, 12212, 0, 0, 0, 0);
REPLACE INTO `npc_vendor` (`entry`, `slot`, `item`, `maxcount`, `incrtime`, `ExtendedCost`, `VerifiedBuild`) VALUES (4001016, 0, 12213, 0, 0, 0, 0);
REPLACE INTO `npc_vendor` (`entry`, `slot`, `item`, `maxcount`, `incrtime`, `ExtendedCost`, `VerifiedBuild`) VALUES (4001016, 0, 12214, 0, 0, 0, 0);
REPLACE INTO `npc_vendor` (`entry`, `slot`, `item`, `maxcount`, `incrtime`, `ExtendedCost`, `VerifiedBuild`) VALUES (4001016, 0, 12215, 0, 0, 0, 0);
REPLACE INTO `npc_vendor` (`entry`, `slot`, `item`, `maxcount`, `incrtime`, `ExtendedCost`, `VerifiedBuild`) VALUES (4001016, 0, 12216, 0, 0, 0, 0);
REPLACE INTO `npc_vendor` (`entry`, `slot`, `item`, `maxcount`, `incrtime`, `ExtendedCost`, `VerifiedBuild`) VALUES (4001016, 0, 12217, 0, 0, 0, 0);
REPLACE INTO `npc_vendor` (`entry`, `slot`, `item`, `maxcount`, `incrtime`, `ExtendedCost`, `VerifiedBuild`) VALUES (4001016, 0, 12218, 0, 0, 0, 0);
REPLACE INTO `npc_vendor` (`entry`, `slot`, `item`, `maxcount`, `incrtime`, `ExtendedCost`, `VerifiedBuild`) VALUES (4001016, 0, 12224, 0, 0, 0, 0);
REPLACE INTO `npc_vendor` (`entry`, `slot`, `item`, `maxcount`, `incrtime`, `ExtendedCost`, `VerifiedBuild`) VALUES (4001016, 0, 13851, 0, 0, 0, 0);
REPLACE INTO `npc_vendor` (`entry`, `slot`, `item`, `maxcount`, `incrtime`, `ExtendedCost`, `VerifiedBuild`) VALUES (4001016, 0, 13927, 0, 0, 0, 0);
REPLACE INTO `npc_vendor` (`entry`, `slot`, `item`, `maxcount`, `incrtime`, `ExtendedCost`, `VerifiedBuild`) VALUES (4001016, 0, 13928, 0, 0, 0, 0);
REPLACE INTO `npc_vendor` (`entry`, `slot`, `item`, `maxcount`, `incrtime`, `ExtendedCost`, `VerifiedBuild`) VALUES (4001016, 0, 13929, 0, 0, 0, 0);
REPLACE INTO `npc_vendor` (`entry`, `slot`, `item`, `maxcount`, `incrtime`, `ExtendedCost`, `VerifiedBuild`) VALUES (4001016, 0, 13931, 0, 0, 0, 0);
REPLACE INTO `npc_vendor` (`entry`, `slot`, `item`, `maxcount`, `incrtime`, `ExtendedCost`, `VerifiedBuild`) VALUES (4001016, 0, 13932, 0, 0, 0, 0);
REPLACE INTO `npc_vendor` (`entry`, `slot`, `item`, `maxcount`, `incrtime`, `ExtendedCost`, `VerifiedBuild`) VALUES (4001016, 0, 13934, 0, 0, 0, 0);
REPLACE INTO `npc_vendor` (`entry`, `slot`, `item`, `maxcount`, `incrtime`, `ExtendedCost`, `VerifiedBuild`) VALUES (4001016, 0, 17197, 0, 0, 0, 0);
REPLACE INTO `npc_vendor` (`entry`, `slot`, `item`, `maxcount`, `incrtime`, `ExtendedCost`, `VerifiedBuild`) VALUES (4001016, 0, 17198, 0, 0, 0, 0);
REPLACE INTO `npc_vendor` (`entry`, `slot`, `item`, `maxcount`, `incrtime`, `ExtendedCost`, `VerifiedBuild`) VALUES (4001016, 0, 17222, 0, 0, 0, 0);
REPLACE INTO `npc_vendor` (`entry`, `slot`, `item`, `maxcount`, `incrtime`, `ExtendedCost`, `VerifiedBuild`) VALUES (4001016, 0, 18045, 0, 0, 0, 0);
REPLACE INTO `npc_vendor` (`entry`, `slot`, `item`, `maxcount`, `incrtime`, `ExtendedCost`, `VerifiedBuild`) VALUES (4001016, 0, 18254, 0, 0, 0, 0);
REPLACE INTO `npc_vendor` (`entry`, `slot`, `item`, `maxcount`, `incrtime`, `ExtendedCost`, `VerifiedBuild`) VALUES (4001016, 0, 20074, 0, 0, 0, 0);
REPLACE INTO `npc_vendor` (`entry`, `slot`, `item`, `maxcount`, `incrtime`, `ExtendedCost`, `VerifiedBuild`) VALUES (4001016, 0, 20452, 0, 0, 0, 0);
REPLACE INTO `npc_vendor` (`entry`, `slot`, `item`, `maxcount`, `incrtime`, `ExtendedCost`, `VerifiedBuild`) VALUES (4001016, 0, 21023, 0, 0, 0, 0);
REPLACE INTO `npc_vendor` (`entry`, `slot`, `item`, `maxcount`, `incrtime`, `ExtendedCost`, `VerifiedBuild`) VALUES (4001016, 0, 21072, 0, 0, 0, 0);
REPLACE INTO `npc_vendor` (`entry`, `slot`, `item`, `maxcount`, `incrtime`, `ExtendedCost`, `VerifiedBuild`) VALUES (4001016, 0, 21217, 0, 0, 0, 0);
REPLACE INTO `npc_vendor` (`entry`, `slot`, `item`, `maxcount`, `incrtime`, `ExtendedCost`, `VerifiedBuild`) VALUES (4001016, 0, 22645, 0, 0, 0, 0);
REPLACE INTO `npc_vendor` (`entry`, `slot`, `item`, `maxcount`, `incrtime`, `ExtendedCost`, `VerifiedBuild`) VALUES (4001016, 0, 24105, 0, 0, 0, 0);
REPLACE INTO `npc_vendor` (`entry`, `slot`, `item`, `maxcount`, `incrtime`, `ExtendedCost`, `VerifiedBuild`) VALUES (4001016, 0, 27635, 0, 0, 0, 0);
REPLACE INTO `npc_vendor` (`entry`, `slot`, `item`, `maxcount`, `incrtime`, `ExtendedCost`, `VerifiedBuild`) VALUES (4001016, 0, 27636, 0, 0, 0, 0);
REPLACE INTO `npc_vendor` (`entry`, `slot`, `item`, `maxcount`, `incrtime`, `ExtendedCost`, `VerifiedBuild`) VALUES (4001016, 0, 27651, 0, 0, 0, 0);
REPLACE INTO `npc_vendor` (`entry`, `slot`, `item`, `maxcount`, `incrtime`, `ExtendedCost`, `VerifiedBuild`) VALUES (4001016, 0, 27655, 0, 0, 0, 0);
REPLACE INTO `npc_vendor` (`entry`, `slot`, `item`, `maxcount`, `incrtime`, `ExtendedCost`, `VerifiedBuild`) VALUES (4001016, 0, 27656, 0, 0, 0, 0);
REPLACE INTO `npc_vendor` (`entry`, `slot`, `item`, `maxcount`, `incrtime`, `ExtendedCost`, `VerifiedBuild`) VALUES (4001016, 0, 27657, 0, 0, 0, 0);
REPLACE INTO `npc_vendor` (`entry`, `slot`, `item`, `maxcount`, `incrtime`, `ExtendedCost`, `VerifiedBuild`) VALUES (4001016, 0, 27658, 0, 0, 0, 0);
REPLACE INTO `npc_vendor` (`entry`, `slot`, `item`, `maxcount`, `incrtime`, `ExtendedCost`, `VerifiedBuild`) VALUES (4001016, 0, 27659, 0, 0, 0, 0);
REPLACE INTO `npc_vendor` (`entry`, `slot`, `item`, `maxcount`, `incrtime`, `ExtendedCost`, `VerifiedBuild`) VALUES (4001016, 0, 27660, 0, 0, 0, 0);
REPLACE INTO `npc_vendor` (`entry`, `slot`, `item`, `maxcount`, `incrtime`, `ExtendedCost`, `VerifiedBuild`) VALUES (4001016, 0, 27662, 0, 0, 0, 0);
REPLACE INTO `npc_vendor` (`entry`, `slot`, `item`, `maxcount`, `incrtime`, `ExtendedCost`, `VerifiedBuild`) VALUES (4001016, 0, 27663, 0, 0, 0, 0);
REPLACE INTO `npc_vendor` (`entry`, `slot`, `item`, `maxcount`, `incrtime`, `ExtendedCost`, `VerifiedBuild`) VALUES (4001016, 0, 27664, 0, 0, 0, 0);
REPLACE INTO `npc_vendor` (`entry`, `slot`, `item`, `maxcount`, `incrtime`, `ExtendedCost`, `VerifiedBuild`) VALUES (4001016, 0, 27665, 0, 0, 0, 0);
REPLACE INTO `npc_vendor` (`entry`, `slot`, `item`, `maxcount`, `incrtime`, `ExtendedCost`, `VerifiedBuild`) VALUES (4001016, 0, 27666, 0, 0, 0, 0);
REPLACE INTO `npc_vendor` (`entry`, `slot`, `item`, `maxcount`, `incrtime`, `ExtendedCost`, `VerifiedBuild`) VALUES (4001016, 0, 27667, 0, 0, 0, 0);
REPLACE INTO `npc_vendor` (`entry`, `slot`, `item`, `maxcount`, `incrtime`, `ExtendedCost`, `VerifiedBuild`) VALUES (4001016, 0, 30155, 0, 0, 0, 0);
REPLACE INTO `npc_vendor` (`entry`, `slot`, `item`, `maxcount`, `incrtime`, `ExtendedCost`, `VerifiedBuild`) VALUES (4001016, 0, 31672, 0, 0, 0, 0);
REPLACE INTO `npc_vendor` (`entry`, `slot`, `item`, `maxcount`, `incrtime`, `ExtendedCost`, `VerifiedBuild`) VALUES (4001016, 0, 31673, 0, 0, 0, 0);
REPLACE INTO `npc_vendor` (`entry`, `slot`, `item`, `maxcount`, `incrtime`, `ExtendedCost`, `VerifiedBuild`) VALUES (4001016, 0, 33052, 0, 0, 0, 0);
REPLACE INTO `npc_vendor` (`entry`, `slot`, `item`, `maxcount`, `incrtime`, `ExtendedCost`, `VerifiedBuild`) VALUES (4001016, 0, 33053, 0, 0, 0, 0);
REPLACE INTO `npc_vendor` (`entry`, `slot`, `item`, `maxcount`, `incrtime`, `ExtendedCost`, `VerifiedBuild`) VALUES (4001016, 0, 33825, 0, 0, 0, 0);
REPLACE INTO `npc_vendor` (`entry`, `slot`, `item`, `maxcount`, `incrtime`, `ExtendedCost`, `VerifiedBuild`) VALUES (4001016, 0, 33866, 0, 0, 0, 0);
REPLACE INTO `npc_vendor` (`entry`, `slot`, `item`, `maxcount`, `incrtime`, `ExtendedCost`, `VerifiedBuild`) VALUES (4001016, 0, 33867, 0, 0, 0, 0);
REPLACE INTO `npc_vendor` (`entry`, `slot`, `item`, `maxcount`, `incrtime`, `ExtendedCost`, `VerifiedBuild`) VALUES (4001016, 0, 33872, 0, 0, 0, 0);
REPLACE INTO `npc_vendor` (`entry`, `slot`, `item`, `maxcount`, `incrtime`, `ExtendedCost`, `VerifiedBuild`) VALUES (4001016, 0, 33874, 0, 0, 0, 0);
REPLACE INTO `npc_vendor` (`entry`, `slot`, `item`, `maxcount`, `incrtime`, `ExtendedCost`, `VerifiedBuild`) VALUES (4001016, 0, 33924, 0, 0, 0, 0);
REPLACE INTO `npc_vendor` (`entry`, `slot`, `item`, `maxcount`, `incrtime`, `ExtendedCost`, `VerifiedBuild`) VALUES (4001016, 0, 34411, 0, 0, 0, 0);
REPLACE INTO `npc_vendor` (`entry`, `slot`, `item`, `maxcount`, `incrtime`, `ExtendedCost`, `VerifiedBuild`) VALUES (4001016, 0, 34748, 0, 0, 0, 0);
REPLACE INTO `npc_vendor` (`entry`, `slot`, `item`, `maxcount`, `incrtime`, `ExtendedCost`, `VerifiedBuild`) VALUES (4001016, 0, 34749, 0, 0, 0, 0);
REPLACE INTO `npc_vendor` (`entry`, `slot`, `item`, `maxcount`, `incrtime`, `ExtendedCost`, `VerifiedBuild`) VALUES (4001016, 0, 34750, 0, 0, 0, 0);
REPLACE INTO `npc_vendor` (`entry`, `slot`, `item`, `maxcount`, `incrtime`, `ExtendedCost`, `VerifiedBuild`) VALUES (4001016, 0, 34751, 0, 0, 0, 0);
REPLACE INTO `npc_vendor` (`entry`, `slot`, `item`, `maxcount`, `incrtime`, `ExtendedCost`, `VerifiedBuild`) VALUES (4001016, 0, 34752, 0, 0, 0, 0);
REPLACE INTO `npc_vendor` (`entry`, `slot`, `item`, `maxcount`, `incrtime`, `ExtendedCost`, `VerifiedBuild`) VALUES (4001016, 0, 34753, 0, 0, 0, 0);
REPLACE INTO `npc_vendor` (`entry`, `slot`, `item`, `maxcount`, `incrtime`, `ExtendedCost`, `VerifiedBuild`) VALUES (4001016, 0, 34754, 0, 0, 0, 0);
REPLACE INTO `npc_vendor` (`entry`, `slot`, `item`, `maxcount`, `incrtime`, `ExtendedCost`, `VerifiedBuild`) VALUES (4001016, 0, 34755, 0, 0, 0, 0);
REPLACE INTO `npc_vendor` (`entry`, `slot`, `item`, `maxcount`, `incrtime`, `ExtendedCost`, `VerifiedBuild`) VALUES (4001016, 0, 34756, 0, 0, 0, 0);
REPLACE INTO `npc_vendor` (`entry`, `slot`, `item`, `maxcount`, `incrtime`, `ExtendedCost`, `VerifiedBuild`) VALUES (4001016, 0, 34757, 0, 0, 0, 0);
REPLACE INTO `npc_vendor` (`entry`, `slot`, `item`, `maxcount`, `incrtime`, `ExtendedCost`, `VerifiedBuild`) VALUES (4001016, 0, 34758, 0, 0, 0, 0);
REPLACE INTO `npc_vendor` (`entry`, `slot`, `item`, `maxcount`, `incrtime`, `ExtendedCost`, `VerifiedBuild`) VALUES (4001016, 0, 34759, 0, 0, 0, 0);
REPLACE INTO `npc_vendor` (`entry`, `slot`, `item`, `maxcount`, `incrtime`, `ExtendedCost`, `VerifiedBuild`) VALUES (4001016, 0, 34760, 0, 0, 0, 0);
REPLACE INTO `npc_vendor` (`entry`, `slot`, `item`, `maxcount`, `incrtime`, `ExtendedCost`, `VerifiedBuild`) VALUES (4001016, 0, 34761, 0, 0, 0, 0);
REPLACE INTO `npc_vendor` (`entry`, `slot`, `item`, `maxcount`, `incrtime`, `ExtendedCost`, `VerifiedBuild`) VALUES (4001016, 0, 34762, 0, 0, 0, 0);
REPLACE INTO `npc_vendor` (`entry`, `slot`, `item`, `maxcount`, `incrtime`, `ExtendedCost`, `VerifiedBuild`) VALUES (4001016, 0, 34763, 0, 0, 0, 0);
REPLACE INTO `npc_vendor` (`entry`, `slot`, `item`, `maxcount`, `incrtime`, `ExtendedCost`, `VerifiedBuild`) VALUES (4001016, 0, 34764, 0, 0, 0, 0);
REPLACE INTO `npc_vendor` (`entry`, `slot`, `item`, `maxcount`, `incrtime`, `ExtendedCost`, `VerifiedBuild`) VALUES (4001016, 0, 34765, 0, 0, 0, 0);
REPLACE INTO `npc_vendor` (`entry`, `slot`, `item`, `maxcount`, `incrtime`, `ExtendedCost`, `VerifiedBuild`) VALUES (4001016, 0, 34766, 0, 0, 0, 0);
REPLACE INTO `npc_vendor` (`entry`, `slot`, `item`, `maxcount`, `incrtime`, `ExtendedCost`, `VerifiedBuild`) VALUES (4001016, 0, 34767, 0, 0, 0, 0);
REPLACE INTO `npc_vendor` (`entry`, `slot`, `item`, `maxcount`, `incrtime`, `ExtendedCost`, `VerifiedBuild`) VALUES (4001016, 0, 34768, 0, 0, 0, 0);
REPLACE INTO `npc_vendor` (`entry`, `slot`, `item`, `maxcount`, `incrtime`, `ExtendedCost`, `VerifiedBuild`) VALUES (4001016, 0, 34769, 0, 0, 0, 0);
REPLACE INTO `npc_vendor` (`entry`, `slot`, `item`, `maxcount`, `incrtime`, `ExtendedCost`, `VerifiedBuild`) VALUES (4001016, 0, 34832, 0, 0, 0, 0);
REPLACE INTO `npc_vendor` (`entry`, `slot`, `item`, `maxcount`, `incrtime`, `ExtendedCost`, `VerifiedBuild`) VALUES (4001016, 0, 35563, 0, 0, 0, 0);
REPLACE INTO `npc_vendor` (`entry`, `slot`, `item`, `maxcount`, `incrtime`, `ExtendedCost`, `VerifiedBuild`) VALUES (4001016, 0, 35565, 0, 0, 0, 0);
REPLACE INTO `npc_vendor` (`entry`, `slot`, `item`, `maxcount`, `incrtime`, `ExtendedCost`, `VerifiedBuild`) VALUES (4001016, 0, 39520, 0, 0, 0, 0);
REPLACE INTO `npc_vendor` (`entry`, `slot`, `item`, `maxcount`, `incrtime`, `ExtendedCost`, `VerifiedBuild`) VALUES (4001016, 0, 42942, 0, 0, 0, 0);
REPLACE INTO `npc_vendor` (`entry`, `slot`, `item`, `maxcount`, `incrtime`, `ExtendedCost`, `VerifiedBuild`) VALUES (4001016, 0, 42993, 0, 0, 0, 0);
REPLACE INTO `npc_vendor` (`entry`, `slot`, `item`, `maxcount`, `incrtime`, `ExtendedCost`, `VerifiedBuild`) VALUES (4001016, 0, 42994, 0, 0, 0, 0);
REPLACE INTO `npc_vendor` (`entry`, `slot`, `item`, `maxcount`, `incrtime`, `ExtendedCost`, `VerifiedBuild`) VALUES (4001016, 0, 42995, 0, 0, 0, 0);
REPLACE INTO `npc_vendor` (`entry`, `slot`, `item`, `maxcount`, `incrtime`, `ExtendedCost`, `VerifiedBuild`) VALUES (4001016, 0, 42996, 0, 0, 0, 0);
REPLACE INTO `npc_vendor` (`entry`, `slot`, `item`, `maxcount`, `incrtime`, `ExtendedCost`, `VerifiedBuild`) VALUES (4001016, 0, 42997, 0, 0, 0, 0);
REPLACE INTO `npc_vendor` (`entry`, `slot`, `item`, `maxcount`, `incrtime`, `ExtendedCost`, `VerifiedBuild`) VALUES (4001016, 0, 42998, 0, 0, 0, 0);
REPLACE INTO `npc_vendor` (`entry`, `slot`, `item`, `maxcount`, `incrtime`, `ExtendedCost`, `VerifiedBuild`) VALUES (4001016, 0, 42999, 0, 0, 0, 0);
REPLACE INTO `npc_vendor` (`entry`, `slot`, `item`, `maxcount`, `incrtime`, `ExtendedCost`, `VerifiedBuild`) VALUES (4001016, 0, 43000, 0, 0, 0, 0);
REPLACE INTO `npc_vendor` (`entry`, `slot`, `item`, `maxcount`, `incrtime`, `ExtendedCost`, `VerifiedBuild`) VALUES (4001016, 0, 43001, 0, 0, 0, 0);
REPLACE INTO `npc_vendor` (`entry`, `slot`, `item`, `maxcount`, `incrtime`, `ExtendedCost`, `VerifiedBuild`) VALUES (4001016, 0, 43004, 0, 0, 0, 0);
REPLACE INTO `npc_vendor` (`entry`, `slot`, `item`, `maxcount`, `incrtime`, `ExtendedCost`, `VerifiedBuild`) VALUES (4001016, 0, 43005, 0, 0, 0, 0);
REPLACE INTO `npc_vendor` (`entry`, `slot`, `item`, `maxcount`, `incrtime`, `ExtendedCost`, `VerifiedBuild`) VALUES (4001016, 0, 43015, 0, 0, 0, 0);
REPLACE INTO `npc_vendor` (`entry`, `slot`, `item`, `maxcount`, `incrtime`, `ExtendedCost`, `VerifiedBuild`) VALUES (4001016, 0, 43268, 0, 0, 0, 0);
REPLACE INTO `npc_vendor` (`entry`, `slot`, `item`, `maxcount`, `incrtime`, `ExtendedCost`, `VerifiedBuild`) VALUES (4001016, 0, 43478, 0, 0, 0, 0);
REPLACE INTO `npc_vendor` (`entry`, `slot`, `item`, `maxcount`, `incrtime`, `ExtendedCost`, `VerifiedBuild`) VALUES (4001016, 0, 43480, 0, 0, 0, 0);
REPLACE INTO `npc_vendor` (`entry`, `slot`, `item`, `maxcount`, `incrtime`, `ExtendedCost`, `VerifiedBuild`) VALUES (4001016, 0, 43488, 0, 0, 0, 0);
REPLACE INTO `npc_vendor` (`entry`, `slot`, `item`, `maxcount`, `incrtime`, `ExtendedCost`, `VerifiedBuild`) VALUES (4001016, 0, 43490, 0, 0, 0, 0);
REPLACE INTO `npc_vendor` (`entry`, `slot`, `item`, `maxcount`, `incrtime`, `ExtendedCost`, `VerifiedBuild`) VALUES (4001016, 0, 43491, 0, 0, 0, 0);
REPLACE INTO `npc_vendor` (`entry`, `slot`, `item`, `maxcount`, `incrtime`, `ExtendedCost`, `VerifiedBuild`) VALUES (4001016, 0, 43492, 0, 0, 0, 0);
REPLACE INTO `npc_vendor` (`entry`, `slot`, `item`, `maxcount`, `incrtime`, `ExtendedCost`, `VerifiedBuild`) VALUES (4001016, 0, 44836, 0, 0, 0, 0);
REPLACE INTO `npc_vendor` (`entry`, `slot`, `item`, `maxcount`, `incrtime`, `ExtendedCost`, `VerifiedBuild`) VALUES (4001016, 0, 44837, 0, 0, 0, 0);
REPLACE INTO `npc_vendor` (`entry`, `slot`, `item`, `maxcount`, `incrtime`, `ExtendedCost`, `VerifiedBuild`) VALUES (4001016, 0, 44838, 0, 0, 0, 0);
REPLACE INTO `npc_vendor` (`entry`, `slot`, `item`, `maxcount`, `incrtime`, `ExtendedCost`, `VerifiedBuild`) VALUES (4001016, 0, 44839, 0, 0, 0, 0);
REPLACE INTO `npc_vendor` (`entry`, `slot`, `item`, `maxcount`, `incrtime`, `ExtendedCost`, `VerifiedBuild`) VALUES (4001016, 0, 44840, 0, 0, 0, 0);
REPLACE INTO `npc_vendor` (`entry`, `slot`, `item`, `maxcount`, `incrtime`, `ExtendedCost`, `VerifiedBuild`) VALUES (4001016, 0, 44953, 0, 0, 0, 0);
REPLACE INTO `npc_vendor` (`entry`, `slot`, `item`, `maxcount`, `incrtime`, `ExtendedCost`, `VerifiedBuild`) VALUES (4001016, 0, 45932, 0, 0, 0, 0);

REPLACE INTO `creature_template_locale` (`entry`, `locale`, `Name`, `Title`, `VerifiedBuild`) VALUES('190010', 'zhCN', '织幻者', '幻化师', '-1');
REPLACE INTO `creature_template_locale` (`entry`, `locale`, `Name`, `Title`, `VerifiedBuild`) VALUES('190012', 'zhCN', '玲', '材料银行家', NULL);

REPLACE INTO `creature` (`guid`, `id1`, `id2`, `id3`, `map`, `zoneId`, `areaId`, `spawnMask`, `phaseMask`, `equipment_id`, `position_x`, `position_y`, `position_z`, `orientation`, `spawntimesecs`, `wander_distance`, `currentwaypoint`, `curhealth`, `curmana`, `MovementType`, `npcflag`, `unit_flags`, `dynamicflags`, `ScriptName`, `VerifiedBuild`) VALUES('3110496', '70000', '0', '0', '1', '0', '0', '1', '1', '0', '16228.8', '16283.9', '13.1745', '2.99625', '300', '0', '0', '66936', '0', '0', '0', '0', '0', '', NULL);
REPLACE INTO `creature` (`guid`, `id1`, `id2`, `id3`, `map`, `zoneId`, `areaId`, `spawnMask`, `phaseMask`, `equipment_id`, `position_x`, `position_y`, `position_z`, `orientation`, `spawntimesecs`, `wander_distance`, `currentwaypoint`, `curhealth`, `curmana`, `MovementType`, `npcflag`, `unit_flags`, `dynamicflags`, `ScriptName`, `VerifiedBuild`) VALUES('3110497', '190010', '0', '0', '1', '0', '0', '1', '1', '0', '16221.1', '16297.2', '13.1759', '6.12608', '300', '0', '0', '12600', '0', '0', '0', '0', '0', '', NULL);
REPLACE INTO `creature` (`guid`, `id1`, `id2`, `id3`, `map`, `zoneId`, `areaId`, `spawnMask`, `phaseMask`, `equipment_id`, `position_x`, `position_y`, `position_z`, `orientation`, `spawntimesecs`, `wander_distance`, `currentwaypoint`, `curhealth`, `curmana`, `MovementType`, `npcflag`, `unit_flags`, `dynamicflags`, `ScriptName`, `VerifiedBuild`) VALUES('3110465', '190010', '0', '0', '1', '0', '0', '1', '1', '0', '1724.42', '-4497.73', '31.4969', '6.18449', '300', '0', '0', '12600', '0', '0', '0', '0', '0', '', NULL);
REPLACE INTO `creature` (`guid`, `id1`, `id2`, `id3`, `map`, `zoneId`, `areaId`, `spawnMask`, `phaseMask`, `equipment_id`, `position_x`, `position_y`, `position_z`, `orientation`, `spawntimesecs`, `wander_distance`, `currentwaypoint`, `curhealth`, `curmana`, `MovementType`, `npcflag`, `unit_flags`, `dynamicflags`, `ScriptName`, `VerifiedBuild`) VALUES('3110463', '190010', '0', '0', '0', '0', '0', '1', '1', '0', '-8694.25', '844.002', '98.6857', '2.37353', '300', '0', '0', '12600', '0', '0', '0', '0', '0', '', NULL);
REPLACE INTO `creature` (`guid`, `id1`, `id2`, `id3`, `map`, `zoneId`, `areaId`, `spawnMask`, `phaseMask`, `equipment_id`, `position_x`, `position_y`, `position_z`, `orientation`, `spawntimesecs`, `wander_distance`, `currentwaypoint`, `curhealth`, `curmana`, `MovementType`, `npcflag`, `unit_flags`, `dynamicflags`, `ScriptName`, `VerifiedBuild`) VALUES('3110464', '190010', '0', '0', '571', '0', '0', '1', '1', '0', '5833.87', '726.739', '641.998', '5.70955', '300', '0', '0', '12600', '0', '0', '0', '0', '0', '', NULL);
REPLACE INTO `creature` (`guid`, `id1`, `id2`, `id3`, `map`, `zoneId`, `areaId`, `spawnMask`, `phaseMask`, `equipment_id`, `position_x`, `position_y`, `position_z`, `orientation`, `spawntimesecs`, `wander_distance`, `currentwaypoint`, `curhealth`, `curmana`, `MovementType`, `npcflag`, `unit_flags`, `dynamicflags`, `ScriptName`, `VerifiedBuild`) VALUES('3110516', '190012', '0', '0', '1', '0', '0', '1', '1', '0', '16219.2', '16283.6', '13.1762', '0.00392532', '300', '0', '0', '120', '0', '0', '0', '0', '0', '', NULL);
REPLACE INTO `creature` (`guid`, `id1`, `id2`, `id3`, `map`, `zoneId`, `areaId`, `spawnMask`, `phaseMask`, `equipment_id`, `position_x`, `position_y`, `position_z`, `orientation`, `spawntimesecs`, `wander_distance`, `currentwaypoint`, `curhealth`, `curmana`, `MovementType`, `npcflag`, `unit_flags`, `dynamicflags`, `ScriptName`, `VerifiedBuild`) VALUES('3110626', '190016', '0', '0', '1', '0', '0', '1', '1', '0', '16231.2', '16301.6', '13.1761', '4.08799', '300', '0', '0', '5342', '0', '0', '0', '0', '0', '', NULL);

REPLACE INTO `creature` (`guid`, `id1`, `id2`, `id3`, `map`, `zoneId`, `areaId`, `spawnMask`, `phaseMask`, `equipment_id`, `position_x`, `position_y`, `position_z`, `orientation`, `spawntimesecs`, `wander_distance`, `currentwaypoint`, `curhealth`, `curmana`, `MovementType`, `npcflag`, `unit_flags`, `dynamicflags`, `ScriptName`, `VerifiedBuild`) VALUES('3110472', '4001005', '0', '0', '1', '0', '0', '1', '1', '0', '16250.9', '16299.5', '13.1756', '4.715', '300', '0', '0', '4652', '0', '0', '0', '0', '0', '', NULL);
REPLACE INTO `creature` (`guid`, `id1`, `id2`, `id3`, `map`, `zoneId`, `areaId`, `spawnMask`, `phaseMask`, `equipment_id`, `position_x`, `position_y`, `position_z`, `orientation`, `spawntimesecs`, `wander_distance`, `currentwaypoint`, `curhealth`, `curmana`, `MovementType`, `npcflag`, `unit_flags`, `dynamicflags`, `ScriptName`, `VerifiedBuild`) VALUES('3110513', '4003004', '0', '0', '1', '0', '0', '1', '1', '0', '16230.3', '16295.4', '13.1747', '3.04945', '300', '0', '0', '4652', '0', '0', '0', '0', '0', '', NULL);
REPLACE INTO `creature` (`guid`, `id1`, `id2`, `id3`, `map`, `zoneId`, `areaId`, `spawnMask`, `phaseMask`, `equipment_id`, `position_x`, `position_y`, `position_z`, `orientation`, `spawntimesecs`, `wander_distance`, `currentwaypoint`, `curhealth`, `curmana`, `MovementType`, `npcflag`, `unit_flags`, `dynamicflags`, `ScriptName`, `VerifiedBuild`) VALUES('3110485', '4002004', '0', '0', '1', '0', '0', '1', '1', '0', '16240.4', '16294.4', '13.1744', '1.52493', '300', '0', '0', '4652', '0', '0', '0', '0', '0', '', NULL);
REPLACE INTO `creature` (`guid`, `id1`, `id2`, `id3`, `map`, `zoneId`, `areaId`, `spawnMask`, `phaseMask`, `equipment_id`, `position_x`, `position_y`, `position_z`, `orientation`, `spawntimesecs`, `wander_distance`, `currentwaypoint`, `curhealth`, `curmana`, `MovementType`, `npcflag`, `unit_flags`, `dynamicflags`, `ScriptName`, `VerifiedBuild`) VALUES('3110480', '4003002', '0', '0', '1', '0', '0', '1', '1', '0', '16256.3', '16296.1', '13.1755', '3.15133', '300', '0', '0', '4652', '0', '0', '0', '0', '0', '', NULL);
REPLACE INTO `creature` (`guid`, `id1`, `id2`, `id3`, `map`, `zoneId`, `areaId`, `spawnMask`, `phaseMask`, `equipment_id`, `position_x`, `position_y`, `position_z`, `orientation`, `spawntimesecs`, `wander_distance`, `currentwaypoint`, `curhealth`, `curmana`, `MovementType`, `npcflag`, `unit_flags`, `dynamicflags`, `ScriptName`, `VerifiedBuild`) VALUES('3110487', '4002006', '0', '0', '1', '0', '0', '1', '1', '0', '16236.1', '16300.5', '13.1744', '4.54288', '300', '0', '0', '4652', '0', '0', '0', '0', '0', '', NULL);
REPLACE INTO `creature` (`guid`, `id1`, `id2`, `id3`, `map`, `zoneId`, `areaId`, `spawnMask`, `phaseMask`, `equipment_id`, `position_x`, `position_y`, `position_z`, `orientation`, `spawntimesecs`, `wander_distance`, `currentwaypoint`, `curhealth`, `curmana`, `MovementType`, `npcflag`, `unit_flags`, `dynamicflags`, `ScriptName`, `VerifiedBuild`) VALUES('3110488', '4002008', '0', '0', '1', '0', '0', '1', '1', '0', '16237.6', '16300.2', '13.1744', '4.54288', '300', '0', '0', '4652', '0', '0', '0', '0', '0', '', NULL);
REPLACE INTO `creature` (`guid`, `id1`, `id2`, `id3`, `map`, `zoneId`, `areaId`, `spawnMask`, `phaseMask`, `equipment_id`, `position_x`, `position_y`, `position_z`, `orientation`, `spawntimesecs`, `wander_distance`, `currentwaypoint`, `curhealth`, `curmana`, `MovementType`, `npcflag`, `unit_flags`, `dynamicflags`, `ScriptName`, `VerifiedBuild`) VALUES('3110478', '4001010', '0', '0', '1', '0', '0', '1', '1', '0', '16253.8', '16293.1', '13.1756', '1.36813', '300', '0', '0', '4652', '0', '0', '0', '0', '0', '', NULL);
REPLACE INTO `creature` (`guid`, `id1`, `id2`, `id3`, `map`, `zoneId`, `areaId`, `spawnMask`, `phaseMask`, `equipment_id`, `position_x`, `position_y`, `position_z`, `orientation`, `spawntimesecs`, `wander_distance`, `currentwaypoint`, `curhealth`, `curmana`, `MovementType`, `npcflag`, `unit_flags`, `dynamicflags`, `ScriptName`, `VerifiedBuild`) VALUES('3110479', '4003001', '0', '0', '1', '0', '0', '1', '1', '0', '16256.5', '16298', '13.1755', '3.17882', '300', '0', '0', '4652', '0', '0', '0', '0', '0', '', NULL);
REPLACE INTO `creature` (`guid`, `id1`, `id2`, `id3`, `map`, `zoneId`, `areaId`, `spawnMask`, `phaseMask`, `equipment_id`, `position_x`, `position_y`, `position_z`, `orientation`, `spawntimesecs`, `wander_distance`, `currentwaypoint`, `curhealth`, `curmana`, `MovementType`, `npcflag`, `unit_flags`, `dynamicflags`, `ScriptName`, `VerifiedBuild`) VALUES('3110473', '4001006', '0', '0', '1', '0', '0', '1', '1', '0', '16246', '16294', '13.1756', '1.43882', '300', '0', '0', '4652', '0', '0', '0', '0', '0', '', NULL);
REPLACE INTO `creature` (`guid`, `id1`, `id2`, `id3`, `map`, `zoneId`, `areaId`, `spawnMask`, `phaseMask`, `equipment_id`, `position_x`, `position_y`, `position_z`, `orientation`, `spawntimesecs`, `wander_distance`, `currentwaypoint`, `curhealth`, `curmana`, `MovementType`, `npcflag`, `unit_flags`, `dynamicflags`, `ScriptName`, `VerifiedBuild`) VALUES('3110483', '4002002', '0', '0', '1', '0', '0', '1', '1', '0', '16237.1', '16294.6', '13.1744', '1.52493', '300', '0', '0', '4652', '0', '0', '0', '0', '0', '', NULL);
REPLACE INTO `creature` (`guid`, `id1`, `id2`, `id3`, `map`, `zoneId`, `areaId`, `spawnMask`, `phaseMask`, `equipment_id`, `position_x`, `position_y`, `position_z`, `orientation`, `spawntimesecs`, `wander_distance`, `currentwaypoint`, `curhealth`, `curmana`, `MovementType`, `npcflag`, `unit_flags`, `dynamicflags`, `ScriptName`, `VerifiedBuild`) VALUES('3110486', '4002005', '0', '0', '1', '0', '0', '1', '1', '0', '16242.1', '16294.3', '13.1744', '1.52493', '300', '0', '0', '4652', '0', '0', '0', '0', '0', '', NULL);
REPLACE INTO `creature` (`guid`, `id1`, `id2`, `id3`, `map`, `zoneId`, `areaId`, `spawnMask`, `phaseMask`, `equipment_id`, `position_x`, `position_y`, `position_z`, `orientation`, `spawntimesecs`, `wander_distance`, `currentwaypoint`, `curhealth`, `curmana`, `MovementType`, `npcflag`, `unit_flags`, `dynamicflags`, `ScriptName`, `VerifiedBuild`) VALUES('3110468', '4001001', '0', '0', '1', '0', '0', '1', '1', '0', '16254.5', '16299.5', '13.1756', '4.715', '300', '0', '0', '4652', '0', '0', '0', '0', '0', '', NULL);
REPLACE INTO `creature` (`guid`, `id1`, `id2`, `id3`, `map`, `zoneId`, `areaId`, `spawnMask`, `phaseMask`, `equipment_id`, `position_x`, `position_y`, `position_z`, `orientation`, `spawntimesecs`, `wander_distance`, `currentwaypoint`, `curhealth`, `curmana`, `MovementType`, `npcflag`, `unit_flags`, `dynamicflags`, `ScriptName`, `VerifiedBuild`) VALUES('3110476', '4001009', '0', '0', '1', '0', '0', '1', '1', '0', '16252.2', '16293.5', '13.1756', '1.36813', '300', '0', '0', '4652', '0', '0', '0', '0', '0', '', NULL);
REPLACE INTO `creature` (`guid`, `id1`, `id2`, `id3`, `map`, `zoneId`, `areaId`, `spawnMask`, `phaseMask`, `equipment_id`, `position_x`, `position_y`, `position_z`, `orientation`, `spawntimesecs`, `wander_distance`, `currentwaypoint`, `curhealth`, `curmana`, `MovementType`, `npcflag`, `unit_flags`, `dynamicflags`, `ScriptName`, `VerifiedBuild`) VALUES('3110484', '4002003', '0', '0', '1', '0', '0', '1', '1', '0', '16238.8', '16294.5', '13.1744', '1.52493', '300', '0', '0', '4652', '0', '0', '0', '0', '0', '', NULL);
REPLACE INTO `creature` (`guid`, `id1`, `id2`, `id3`, `map`, `zoneId`, `areaId`, `spawnMask`, `phaseMask`, `equipment_id`, `position_x`, `position_y`, `position_z`, `orientation`, `spawntimesecs`, `wander_distance`, `currentwaypoint`, `curhealth`, `curmana`, `MovementType`, `npcflag`, `unit_flags`, `dynamicflags`, `ScriptName`, `VerifiedBuild`) VALUES('3110470', '4001003', '0', '0', '1', '0', '0', '1', '1', '0', '16249', '16299.5', '13.1756', '4.715', '300', '0', '0', '4652', '0', '0', '0', '0', '0', '', NULL);
REPLACE INTO `creature` (`guid`, `id1`, `id2`, `id3`, `map`, `zoneId`, `areaId`, `spawnMask`, `phaseMask`, `equipment_id`, `position_x`, `position_y`, `position_z`, `orientation`, `spawntimesecs`, `wander_distance`, `currentwaypoint`, `curhealth`, `curmana`, `MovementType`, `npcflag`, `unit_flags`, `dynamicflags`, `ScriptName`, `VerifiedBuild`) VALUES('3110490', '4002010', '0', '0', '1', '0', '0', '1', '1', '0', '16240.9', '16299.7', '13.1744', '4.54288', '300', '0', '0', '4652', '0', '0', '0', '0', '0', '', NULL);
REPLACE INTO `creature` (`guid`, `id1`, `id2`, `id3`, `map`, `zoneId`, `areaId`, `spawnMask`, `phaseMask`, `equipment_id`, `position_x`, `position_y`, `position_z`, `orientation`, `spawntimesecs`, `wander_distance`, `currentwaypoint`, `curhealth`, `curmana`, `MovementType`, `npcflag`, `unit_flags`, `dynamicflags`, `ScriptName`, `VerifiedBuild`) VALUES('3110474', '4001007', '0', '0', '1', '0', '0', '1', '1', '0', '16248.7', '16293.8', '13.1756', '1.36813', '300', '0', '0', '4652', '0', '0', '0', '0', '0', '', NULL);
REPLACE INTO `creature` (`guid`, `id1`, `id2`, `id3`, `map`, `zoneId`, `areaId`, `spawnMask`, `phaseMask`, `equipment_id`, `position_x`, `position_y`, `position_z`, `orientation`, `spawntimesecs`, `wander_distance`, `currentwaypoint`, `curhealth`, `curmana`, `MovementType`, `npcflag`, `unit_flags`, `dynamicflags`, `ScriptName`, `VerifiedBuild`) VALUES('3110481', '4003003', '0', '0', '1', '0', '0', '1', '1', '0', '16256', '16294.4', '13.1755', '3.15133', '300', '0', '0', '4652', '0', '0', '0', '0', '0', '', NULL);
REPLACE INTO `creature` (`guid`, `id1`, `id2`, `id3`, `map`, `zoneId`, `areaId`, `spawnMask`, `phaseMask`, `equipment_id`, `position_x`, `position_y`, `position_z`, `orientation`, `spawntimesecs`, `wander_distance`, `currentwaypoint`, `curhealth`, `curmana`, `MovementType`, `npcflag`, `unit_flags`, `dynamicflags`, `ScriptName`, `VerifiedBuild`) VALUES('3110475', '4001008', '0', '0', '1', '0', '0', '1', '1', '0', '16250.3', '16293.5', '13.1756', '1.36813', '300', '0', '0', '4652', '0', '0', '0', '0', '0', '', NULL);
REPLACE INTO `creature` (`guid`, `id1`, `id2`, `id3`, `map`, `zoneId`, `areaId`, `spawnMask`, `phaseMask`, `equipment_id`, `position_x`, `position_y`, `position_z`, `orientation`, `spawntimesecs`, `wander_distance`, `currentwaypoint`, `curhealth`, `curmana`, `MovementType`, `npcflag`, `unit_flags`, `dynamicflags`, `ScriptName`, `VerifiedBuild`) VALUES('3110493', '4002007', '0', '0', '1', '0', '0', '1', '1', '0', '16242.8', '16299.5', '13.1744', '4.57429', '300', '0', '0', '4652', '0', '0', '0', '0', '0', '', NULL);
REPLACE INTO `creature` (`guid`, `id1`, `id2`, `id3`, `map`, `zoneId`, `areaId`, `spawnMask`, `phaseMask`, `equipment_id`, `position_x`, `position_y`, `position_z`, `orientation`, `spawntimesecs`, `wander_distance`, `currentwaypoint`, `curhealth`, `curmana`, `MovementType`, `npcflag`, `unit_flags`, `dynamicflags`, `ScriptName`, `VerifiedBuild`) VALUES('3110482', '4002001', '0', '0', '1', '0', '0', '1', '1', '0', '16235.5', '16294.6', '13.1744', '1.52493', '300', '0', '0', '4652', '0', '0', '0', '0', '0', '', NULL);
REPLACE INTO `creature` (`guid`, `id1`, `id2`, `id3`, `map`, `zoneId`, `areaId`, `spawnMask`, `phaseMask`, `equipment_id`, `position_x`, `position_y`, `position_z`, `orientation`, `spawntimesecs`, `wander_distance`, `currentwaypoint`, `curhealth`, `curmana`, `MovementType`, `npcflag`, `unit_flags`, `dynamicflags`, `ScriptName`, `VerifiedBuild`) VALUES('3110469', '4001002', '0', '0', '1', '0', '0', '1', '1', '0', '16252.6', '16299.5', '13.1756', '4.715', '300', '0', '0', '4652', '0', '0', '0', '0', '0', '', NULL);
REPLACE INTO `creature` (`guid`, `id1`, `id2`, `id3`, `map`, `zoneId`, `areaId`, `spawnMask`, `phaseMask`, `equipment_id`, `position_x`, `position_y`, `position_z`, `orientation`, `spawntimesecs`, `wander_distance`, `currentwaypoint`, `curhealth`, `curmana`, `MovementType`, `npcflag`, `unit_flags`, `dynamicflags`, `ScriptName`, `VerifiedBuild`) VALUES('3110471', '4001004', '0', '0', '1', '0', '0', '1', '1', '0', '16246.9', '16299.5', '13.1756', '4.715', '300', '0', '0', '4652', '0', '0', '0', '0', '0', '', NULL);
REPLACE INTO `creature` (`guid`, `id1`, `id2`, `id3`, `map`, `zoneId`, `areaId`, `spawnMask`, `phaseMask`, `equipment_id`, `position_x`, `position_y`, `position_z`, `orientation`, `spawntimesecs`, `wander_distance`, `currentwaypoint`, `curhealth`, `curmana`, `MovementType`, `npcflag`, `unit_flags`, `dynamicflags`, `ScriptName`, `VerifiedBuild`) VALUES('3110489', '4002009', '0', '0', '1', '0', '0', '1', '1', '0', '16239.2', '16300', '13.1744', '4.54288', '300', '0', '0', '4652', '0', '0', '0', '0', '0', '', NULL);
REPLACE INTO `creature` (`guid`, `id1`, `id2`, `id3`, `map`, `zoneId`, `areaId`, `spawnMask`, `phaseMask`, `equipment_id`, `position_x`, `position_y`, `position_z`, `orientation`, `spawntimesecs`, `wander_distance`, `currentwaypoint`, `curhealth`, `curmana`, `MovementType`, `npcflag`, `unit_flags`, `dynamicflags`, `ScriptName`, `VerifiedBuild`) VALUES (3110629, 4001011, 0, 0, 1, 0, 0, 1, 1, 0, 16254.7, 16298, 13.175, 3.0434, 300, 0, 0, 4652, 0, 0, 0, 0, 0, '', NULL);
REPLACE INTO `creature` (`guid`, `id1`, `id2`, `id3`, `map`, `zoneId`, `areaId`, `spawnMask`, `phaseMask`, `equipment_id`, `position_x`, `position_y`, `position_z`, `orientation`, `spawntimesecs`, `wander_distance`, `currentwaypoint`, `curhealth`, `curmana`, `MovementType`, `npcflag`, `unit_flags`, `dynamicflags`, `ScriptName`, `VerifiedBuild`) VALUES (3110632, 4001012, 0, 0, 1, 0, 0, 1, 1, 0, 16254.8, 16296.2, 13.175, 3.0434, 300, 0, 0, 4652, 0, 0, 0, 0, 0, '', NULL);
REPLACE INTO `creature` (`guid`, `id1`, `id2`, `id3`, `map`, `zoneId`, `areaId`, `spawnMask`, `phaseMask`, `equipment_id`, `position_x`, `position_y`, `position_z`, `orientation`, `spawntimesecs`, `wander_distance`, `currentwaypoint`, `curhealth`, `curmana`, `MovementType`, `npcflag`, `unit_flags`, `dynamicflags`, `ScriptName`, `VerifiedBuild`) VALUES (3110633, 4001013, 0, 0, 1, 0, 0, 1, 1, 0, 16254.6, 16294.8, 13.175, 3.0434, 300, 0, 0, 4652, 0, 0, 0, 0, 0, '', NULL);
REPLACE INTO `creature` (`guid`, `id1`, `id2`, `id3`, `map`, `zoneId`, `areaId`, `spawnMask`, `phaseMask`, `equipment_id`, `position_x`, `position_y`, `position_z`, `orientation`, `spawntimesecs`, `wander_distance`, `currentwaypoint`, `curhealth`, `curmana`, `MovementType`, `npcflag`, `unit_flags`, `dynamicflags`, `ScriptName`, `VerifiedBuild`) VALUES (3110636, 4001015, 0, 0, 1, 0, 0, 1, 1, 0, 16253.1, 16297.3, 13.1756, 3.17702, 300, 0, 0, 4652, 0, 0, 0, 0, 0, '', NULL);
REPLACE INTO `creature` (`guid`, `id1`, `id2`, `id3`, `map`, `zoneId`, `areaId`, `spawnMask`, `phaseMask`, `equipment_id`, `position_x`, `position_y`, `position_z`, `orientation`, `spawntimesecs`, `wander_distance`, `currentwaypoint`, `curhealth`, `curmana`, `MovementType`, `npcflag`, `unit_flags`, `dynamicflags`, `ScriptName`, `VerifiedBuild`) VALUES (3110637, 4001016, 0, 0, 1, 0, 0, 1, 1, 0, 16253.3, 16295.6, 13.176, 3.15738, 300, 0, 0, 4652, 0, 0, 0, 0, 0, '', NULL);
REPLACE INTO `creature` (`guid`, `id1`, `id2`, `id3`, `map`, `zoneId`, `areaId`, `spawnMask`, `phaseMask`, `equipment_id`, `position_x`, `position_y`, `position_z`, `orientation`, `spawntimesecs`, `wander_distance`, `currentwaypoint`, `curhealth`, `curmana`, `MovementType`, `npcflag`, `unit_flags`, `dynamicflags`, `ScriptName`, `VerifiedBuild`) VALUES (3110638, 4001014, 0, 0, 1, 0, 0, 1, 1, 0, 16251.7, 16296.4, 13.176, 3.16131, 300, 0, 0, 4652, 0, 0, 0, 0, 0, '', NULL);

REPLACE INTO `gameobject` (`guid`, `id`, `map`, `zoneId`, `areaId`, `spawnMask`, `phaseMask`, `position_x`, `position_y`, `position_z`, `orientation`, `rotation0`, `rotation1`, `rotation2`, `rotation3`, `spawntimesecs`, `animprogress`, `state`, `ScriptName`, `VerifiedBuild`) VALUES (5530575, 193981, 1, 0, 0, 1, 1, 16237, 16292.1, 14.8416, 1.57866, -0, -0, -0.709883, -0.70432, 300, 0, 1, '', NULL);
REPLACE INTO `gameobject` (`guid`, `id`, `map`, `zoneId`, `areaId`, `spawnMask`, `phaseMask`, `position_x`, `position_y`, `position_z`, `orientation`, `rotation0`, `rotation1`, `rotation2`, `rotation3`, `spawntimesecs`, `animprogress`, `state`, `ScriptName`, `VerifiedBuild`) VALUES (5530576, 1685, 1, 0, 0, 1, 1, 16239.4, 16291.9, 13.1762, 1.42547, -0, -0, -0.653905, -0.756577, 300, 0, 1, '', NULL);
REPLACE INTO `gameobject` (`guid`, `id`, `map`, `zoneId`, `areaId`, `spawnMask`, `phaseMask`, `position_x`, `position_y`, `position_z`, `orientation`, `rotation0`, `rotation1`, `rotation2`, `rotation3`, `spawntimesecs`, `animprogress`, `state`, `ScriptName`, `VerifiedBuild`) VALUES (5530577, 1684, 1, 0, 0, 1, 1, 16241.8, 16292.4, 13.1756, 1.39013, -0, -0, -0.640434, -0.768013, 300, 0, 1, '', NULL);
REPLACE INTO `gameobject` (`guid`, `id`, `map`, `zoneId`, `areaId`, `spawnMask`, `phaseMask`, `position_x`, `position_y`, `position_z`, `orientation`, `rotation0`, `rotation1`, `rotation2`, `rotation3`, `spawntimesecs`, `animprogress`, `state`, `ScriptName`, `VerifiedBuild`) VALUES (5530578, 29784, 1, 0, 0, 1, 1, 16243.1, 16302, 13.1759, 1.8535, -0, -0, -0.799673, -0.600436, 300, 0, 1, '', NULL);